scenario,set_name,vaccine,gavi_support,activity_type,country_code,country,year,age_first,age_last,age_range_verbatim,target,coverage,gender,proportion_risk
yf-preventive-default_nocovid,"YF:YF,campaign,with:default_nocovid",YF,total,campaign,AGO,Angola,1988,1,100,<NA>,10582696,0.24926759164952400072,both,<NA>
yf-preventive-default_nocovid,"YF:YF,campaign,none:default_nocovid",YF,no vaccine,campaign,AGO,Angola,1988,1,100,<NA>,10582696,0.24926759164952400072,both,<NA>
yf-preventive-default_nocovid,"YF:YF,campaign,with:default_nocovid",YF,total,campaign,AGO,Angola,2016,1,100,<NA>,388146990,0.01833813937414036339,both,<NA>
yf-preventive-default_nocovid,"YF:YF,campaign,none:default_nocovid",YF,no vaccine,campaign,AGO,Angola,2016,1,100,<NA>,388146990,0.01833813937414036339,both,<NA>
yf-preventive-default_nocovid,"YF:YF,campaign,none:default_nocovid",YF,no vaccine,campaign,BEN,Benin,1940,1,100,default age range,1804940,0.08651934341274529483,both,<NA>
yf-preventive-default_nocovid,"YF:YF,campaign,with:default_nocovid",YF,total,campaign,BEN,Benin,1940,1,100,default age range,1804940,0.08651934341274529483,both,<NA>
yf-preventive-default_nocovid,"YF:YF,campaign,none:default_nocovid",YF,no vaccine,campaign,BEN,Benin,1944,1,100,default age range,1893692,0.52430001018955396663,both,<NA>
yf-preventive-default_nocovid,"YF:YF,campaign,with:default_nocovid",YF,total,campaign,BEN,Benin,1944,1,100,default age range,1893692,0.52430001018955396663,both,<NA>
yf-preventive-default_nocovid,"YF:YF,campaign,with:default_nocovid",YF,total,campaign,BEN,Benin,1948,1,100,default age range,1986210,0.56563793374701198946,both,<NA>
yf-preventive-default_nocovid,"YF:YF,campaign,none:default_nocovid",YF,no vaccine,campaign,BEN,Benin,1948,1,100,default age range,1986210,0.56563793374701198946,both,<NA>
yf-preventive-default_nocovid,"YF:YF,campaign,none:default_nocovid",YF,no vaccine,campaign,BEN,Benin,1952,1,100,default age range,2192855,0.70822809987135804111,both,<NA>
yf-preventive-default_nocovid,"YF:YF,campaign,with:default_nocovid",YF,total,campaign,BEN,Benin,1952,1,100,default age range,2192855,0.70822809987135804111,both,<NA>
yf-preventive-default_nocovid,"YF:YF,campaign,none:default_nocovid",YF,no vaccine,campaign,BEN,Benin,1956,1,100,default age range,2242714,0.66181280980089696175,both,<NA>
yf-preventive-default_nocovid,"YF:YF,campaign,with:default_nocovid",YF,total,campaign,BEN,Benin,1956,1,100,default age range,2242714,0.66181280980089696175,both,<NA>
yf-preventive-default_nocovid,"YF:YF,campaign,with:default_nocovid",YF,total,campaign,BEN,Benin,1960,1,100,default age range,2345449,0.61309326611029002496,both,<NA>
yf-preventive-default_nocovid,"YF:YF,campaign,none:default_nocovid",YF,no vaccine,campaign,BEN,Benin,1960,1,100,default age range,2345449,0.61309326611029002496,both,<NA>
yf-preventive-default_nocovid,"YF:YF,campaign,with:default_nocovid",YF,total,campaign,BEN,Benin,1996,1,100,<NA>,5854079,0.03792832064602270209,both,<NA>
yf-preventive-default_nocovid,"YF:YF,campaign,none:default_nocovid",YF,no vaccine,campaign,BEN,Benin,1996,1,100,<NA>,5854079,0.03792832064602270209,both,<NA>
yf-preventive-default_nocovid,"YF:YF,campaign,none:default_nocovid",YF,no vaccine,campaign,BEN,Benin,2005,1,100,<NA>,7687115,0.02691230054036350058,both,<NA>
yf-preventive-default_nocovid,"YF:YF,campaign,with:default_nocovid",YF,total,campaign,BEN,Benin,2005,1,100,<NA>,7687115,0.02691230054036350058,both,<NA>
yf-preventive-default_nocovid,"YF:YF,campaign,with:default_nocovid",YF,total,campaign,BEN,Benin,2009,1,60,<NA>,6331572,1,both,<NA>
yf-preventive-default_nocovid,"YF:YF,campaign,none:default_nocovid",YF,no vaccine,campaign,BFA,Burkina Faso,1940,1,100,default age range,3629515,0.08641600560141410314,both,<NA>
yf-preventive-default_nocovid,"YF:YF,campaign,with:default_nocovid",YF,total,campaign,BFA,Burkina Faso,1940,1,100,default age range,3629515,0.08641600560141410314,both,<NA>
yf-preventive-default_nocovid,"YF:YF,campaign,none:default_nocovid",YF,no vaccine,campaign,BFA,Burkina Faso,1944,1,100,default age range,3792844,0.52367379166550298564,both,<NA>
yf-preventive-default_nocovid,"YF:YF,campaign,with:default_nocovid",YF,total,campaign,BFA,Burkina Faso,1944,1,100,default age range,3792844,0.52367379166550298564,both,<NA>
yf-preventive-default_nocovid,"YF:YF,campaign,with:default_nocovid",YF,total,campaign,BFA,Burkina Faso,1948,1,100,default age range,3966796,0.5649623416334610404,both,<NA>
yf-preventive-default_nocovid,"YF:YF,campaign,none:default_nocovid",YF,no vaccine,campaign,BFA,Burkina Faso,1948,1,100,default age range,3966796,0.5649623416334610404,both,<NA>
yf-preventive-default_nocovid,"YF:YF,campaign,with:default_nocovid",YF,total,campaign,BFA,Burkina Faso,1952,1,100,default age range,4209322,0.70739458986602399282,both,<NA>
yf-preventive-default_nocovid,"YF:YF,campaign,none:default_nocovid",YF,no vaccine,campaign,BFA,Burkina Faso,1952,1,100,default age range,4209322,0.70739458986602399282,both,<NA>
yf-preventive-default_nocovid,"YF:YF,campaign,with:default_nocovid",YF,total,campaign,BFA,Burkina Faso,1956,1,100,default age range,4405997,0.66104942370056896106,both,<NA>
yf-preventive-default_nocovid,"YF:YF,campaign,none:default_nocovid",YF,no vaccine,campaign,BFA,Burkina Faso,1956,1,100,default age range,4405997,0.66104942370056896106,both,<NA>
yf-preventive-default_nocovid,"YF:YF,campaign,none:default_nocovid",YF,no vaccine,campaign,BFA,Burkina Faso,1960,1,100,default age range,4646346,0.61240788846416005509,both,<NA>
yf-preventive-default_nocovid,"YF:YF,campaign,with:default_nocovid",YF,total,campaign,BFA,Burkina Faso,1960,1,100,default age range,4646346,0.61240788846416005509,both,<NA>
yf-preventive-default_nocovid,"YF:YF,campaign,with:default_nocovid",YF,total,campaign,BFA,Burkina Faso,1983,1,100,<NA>,7028453,0.2315388637259210014,both,<NA>
yf-preventive-default_nocovid,"YF:YF,campaign,none:default_nocovid",YF,no vaccine,campaign,BFA,Burkina Faso,1983,1,100,<NA>,7028453,0.2315388637259210014,both,<NA>
yf-preventive-default_nocovid,"YF:YF,campaign,none:default_nocovid",YF,no vaccine,campaign,BFA,Burkina Faso,1998,1,100,<NA>,10514646,0.00289175774819980984,both,<NA>
yf-preventive-default_nocovid,"YF:YF,campaign,with:default_nocovid",YF,total,campaign,BFA,Burkina Faso,1998,1,100,<NA>,10514646,0.00289175774819980984,both,<NA>
yf-preventive-default_nocovid,"YF:YF,campaign,with:default_nocovid",YF,total,campaign,BFA,Burkina Faso,2000,1,100,<NA>,11128613,0.01820883181148470059,both,<NA>
yf-preventive-default_nocovid,"YF:YF,campaign,none:default_nocovid",YF,no vaccine,campaign,BFA,Burkina Faso,2000,1,100,<NA>,11128613,0.01820883181148470059,both,<NA>
yf-preventive-default_nocovid,"YF:YF,campaign,with:default_nocovid",YF,total,campaign,BFA,Burkina Faso,2003,1,100,<NA>,12139047,0.00541783556468975001,both,<NA>
yf-preventive-default_nocovid,"YF:YF,campaign,none:default_nocovid",YF,no vaccine,campaign,BFA,Burkina Faso,2003,1,100,<NA>,12139047,0.00541783556468975001,both,<NA>
yf-preventive-default_nocovid,"YF:YF,campaign,none:default_nocovid",YF,no vaccine,campaign,BFA,Burkina Faso,2004,0,100,<NA>,13030569,0.09927945942386200151,both,<NA>
yf-preventive-default_nocovid,"YF:YF,campaign,with:default_nocovid",YF,total,campaign,BFA,Burkina Faso,2004,0,100,<NA>,13030569,0.09927945942386200151,both,<NA>
yf-preventive-default_nocovid,"YF:YF,campaign,with:default_nocovid",YF,total,campaign,BFA,Burkina Faso,2004,1,100,<NA>,25003158,0.00837093851498189965,both,<NA>
yf-preventive-default_nocovid,"YF:YF,campaign,none:default_nocovid",YF,no vaccine,campaign,BFA,Burkina Faso,2004,1,100,<NA>,25003158,0.00837093851498189965,both,<NA>
yf-preventive-default_nocovid,"YF:YF,campaign,with:default_nocovid",YF,total,campaign,BFA,Burkina Faso,2005,1,100,<NA>,12878780,0.10055797148669100294,both,<NA>
yf-preventive-default_nocovid,"YF:YF,campaign,none:default_nocovid",YF,no vaccine,campaign,BFA,Burkina Faso,2005,1,100,<NA>,12878780,0.10055797148669100294,both,<NA>
yf-preventive-default_nocovid,"YF:YF,campaign,with:default_nocovid",YF,total,campaign,BFA,Burkina Faso,2008,1,60,<NA>,7547684,1,both,<NA>
yf-preventive-default_nocovid,"YF:YF,campaign,none:default_nocovid",YF,no vaccine,campaign,BFA,Burkina Faso,2008,1,100,<NA>,14104278,0.02620992643718289897,both,<NA>
yf-preventive-default_nocovid,"YF:YF,campaign,with:default_nocovid",YF,total,campaign,BFA,Burkina Faso,2008,1,100,<NA>,14104278,0.02620992643718289897,both,<NA>
yf-preventive-default_nocovid,"YF:YF,campaign,none:default_nocovid",YF,no vaccine,campaign,CAF,Central African Republic,1945,1,100,default age range,1138646,0.05400864645636949818,both,<NA>
yf-preventive-default_nocovid,"YF:YF,campaign,with:default_nocovid",YF,total,campaign,CAF,Central African Republic,1945,1,100,default age range,1138646,0.05400864645636949818,both,<NA>
yf-preventive-default_nocovid,"YF:YF,campaign,with:default_nocovid",YF,total,campaign,CAF,Central African Republic,1948,1,100,default age range,1188958,0.5104090613676770527,both,<NA>
yf-preventive-default_nocovid,"YF:YF,campaign,none:default_nocovid",YF,no vaccine,campaign,CAF,Central African Republic,1948,1,100,default age range,1188958,0.5104090613676770527,both,<NA>
yf-preventive-default_nocovid,"YF:YF,campaign,with:default_nocovid",YF,total,campaign,CAF,Central African Republic,1952,1,100,default age range,1309784,0.63911960587390903576,both,<NA>
yf-preventive-default_nocovid,"YF:YF,campaign,none:default_nocovid",YF,no vaccine,campaign,CAF,Central African Republic,1952,1,100,default age range,1309784,0.63911960587390903576,both,<NA>
yf-preventive-default_nocovid,"YF:YF,campaign,none:default_nocovid",YF,no vaccine,campaign,CAF,Central African Republic,1956,1,100,default age range,1367967,0.59958962461447196102,both,<NA>
yf-preventive-default_nocovid,"YF:YF,campaign,with:default_nocovid",YF,total,campaign,CAF,Central African Republic,1956,1,100,default age range,1367967,0.59958962461447196102,both,<NA>
yf-preventive-default_nocovid,"YF:YF,campaign,with:default_nocovid",YF,total,campaign,CAF,Central African Republic,1960,1,100,default age range,1448468,0.55866136699577295666,both,<NA>
yf-preventive-default_nocovid,"YF:YF,campaign,none:default_nocovid",YF,no vaccine,campaign,CAF,Central African Republic,1960,1,100,default age range,1448468,0.55866136699577295666,both,<NA>
yf-preventive-default_nocovid,"YF:YF,campaign,none:default_nocovid",YF,no vaccine,campaign,CAF,Central African Republic,2006,1,100,<NA>,3968919,0.01019392085361989914,both,<NA>
yf-preventive-default_nocovid,"YF:YF,campaign,with:default_nocovid",YF,total,campaign,CAF,Central African Republic,2006,1,100,<NA>,3968919,0.01019392085361989914,both,<NA>
yf-preventive-default_nocovid,"YF:YF,campaign,with:default_nocovid",YF,total,campaign,CAF,Central African Republic,2008,1,100,<NA>,8239866,0.02909798876481914896,both,<NA>
yf-preventive-default_nocovid,"YF:YF,campaign,none:default_nocovid",YF,no vaccine,campaign,CAF,Central African Republic,2008,1,100,<NA>,8239866,0.02909798876481914896,both,<NA>
yf-preventive-default_nocovid,"YF:YF,campaign,with:default_nocovid",YF,total,campaign,CAF,Central African Republic,2009,1,100,<NA>,8366228,0.075289186927760647085,both,<NA>
yf-preventive-default_nocovid,"YF:YF,campaign,none:default_nocovid",YF,no vaccine,campaign,CAF,Central African Republic,2009,1,100,<NA>,8366228,0.075289186927760647085,both,<NA>
yf-preventive-default_nocovid,"YF:YF,campaign,with:default_nocovid",YF,total,campaign,CAF,Central African Republic,2010,1,60,<NA>,2449094,0.92000000000000003997,both,<NA>
yf-preventive-default_nocovid,"YF:YF,campaign,with:default_nocovid",YF,total,campaign,CAF,Central African Republic,2011,1,60,<NA>,349507,0.68000000000000004885,both,<NA>
yf-preventive-default_nocovid,"YF:YF,campaign,with:default_nocovid",YF,total,campaign,CIV,Cote d'Ivoire,1940,1,100,default age range,1953462,0.08642655030150489526,both,<NA>
yf-preventive-default_nocovid,"YF:YF,campaign,none:default_nocovid",YF,no vaccine,campaign,CIV,Cote d'Ivoire,1940,1,100,default age range,1953462,0.08642655030150489526,both,<NA>
yf-preventive-default_nocovid,"YF:YF,campaign,with:default_nocovid",YF,total,campaign,CIV,Cote d'Ivoire,1944,1,100,default age range,2165369,0.52373769166920902673,both,<NA>
yf-preventive-default_nocovid,"YF:YF,campaign,none:default_nocovid",YF,no vaccine,campaign,CIV,Cote d'Ivoire,1944,1,100,default age range,2165369,0.52373769166920902673,both,<NA>
yf-preventive-default_nocovid,"YF:YF,campaign,none:default_nocovid",YF,no vaccine,campaign,CIV,Cote d'Ivoire,1948,1,100,default age range,2373942,0.56503127977071399002,both,<NA>
yf-preventive-default_nocovid,"YF:YF,campaign,with:default_nocovid",YF,total,campaign,CIV,Cote d'Ivoire,1948,1,100,default age range,2373942,0.56503127977071399002,both,<NA>
yf-preventive-default_nocovid,"YF:YF,campaign,with:default_nocovid",YF,total,campaign,CIV,Cote d'Ivoire,1952,1,100,default age range,2635404,0.70746953787199395869,both,<NA>
yf-preventive-default_nocovid,"YF:YF,campaign,none:default_nocovid",YF,no vaccine,campaign,CIV,Cote d'Ivoire,1952,1,100,default age range,2635404,0.70746953787199395869,both,<NA>
yf-preventive-default_nocovid,"YF:YF,campaign,none:default_nocovid",YF,no vaccine,campaign,CIV,Cote d'Ivoire,1956,1,100,default age range,2946393,0.66109047194388304014,both,<NA>
yf-preventive-default_nocovid,"YF:YF,campaign,with:default_nocovid",YF,total,campaign,CIV,Cote d'Ivoire,1956,1,100,default age range,2946393,0.66109047194388304014,both,<NA>
yf-preventive-default_nocovid,"YF:YF,campaign,none:default_nocovid",YF,no vaccine,campaign,CIV,Cote d'Ivoire,1960,1,100,default age range,3352540,0.61242527324665896327,both,<NA>
yf-preventive-default_nocovid,"YF:YF,campaign,with:default_nocovid",YF,total,campaign,CIV,Cote d'Ivoire,1960,1,100,default age range,3352540,0.61242527324665896327,both,<NA>
yf-preventive-default_nocovid,"YF:YF,campaign,none:default_nocovid",YF,no vaccine,campaign,CIV,Cote d'Ivoire,1982,1,100,<NA>,8395482,0.00138432047111193991,both,<NA>
yf-preventive-default_nocovid,"YF:YF,campaign,with:default_nocovid",YF,total,campaign,CIV,Cote d'Ivoire,1982,1,100,<NA>,8395482,0.00138432047111193991,both,<NA>
yf-preventive-default_nocovid,"YF:YF,campaign,with:default_nocovid",YF,total,campaign,CIV,Cote d'Ivoire,2001,1,100,<NA>,16231268,0.21233438569001800156,both,<NA>
yf-preventive-default_nocovid,"YF:YF,campaign,none:default_nocovid",YF,no vaccine,campaign,CIV,Cote d'Ivoire,2001,1,100,<NA>,16231268,0.21233438569001800156,both,<NA>
yf-preventive-default_nocovid,"YF:YF,campaign,none:default_nocovid",YF,no vaccine,campaign,CIV,Cote d'Ivoire,2005,1,100,<NA>,17697021,0.0181673470164197999,both,<NA>
yf-preventive-default_nocovid,"YF:YF,campaign,with:default_nocovid",YF,total,campaign,CIV,Cote d'Ivoire,2005,1,100,<NA>,17697021,0.0181673470164197999,both,<NA>
yf-preventive-default_nocovid,"YF:YF,campaign,none:default_nocovid",YF,no vaccine,campaign,CIV,Cote d'Ivoire,2006,1,100,<NA>,18092126,0.04840991989058909817,both,<NA>
yf-preventive-default_nocovid,"YF:YF,campaign,with:default_nocovid",YF,total,campaign,CIV,Cote d'Ivoire,2006,1,100,<NA>,18092126,0.04840991989058909817,both,<NA>
yf-preventive-default_nocovid,"YF:YF,campaign,none:default_nocovid",YF,no vaccine,campaign,CIV,Cote d'Ivoire,2008,1,100,<NA>,18931360,0.10440691482670999557,both,<NA>
yf-preventive-default_nocovid,"YF:YF,campaign,with:default_nocovid",YF,total,campaign,CIV,Cote d'Ivoire,2008,1,100,<NA>,18931360,0.10440691482670999557,both,<NA>
yf-preventive-default_nocovid,"YF:YF,campaign,with:default_nocovid",YF,total,campaign,CIV,Cote d'Ivoire,2009,1,100,<NA>,19375940,0.00815635764076113982,both,<NA>
yf-preventive-default_nocovid,"YF:YF,campaign,none:default_nocovid",YF,no vaccine,campaign,CIV,Cote d'Ivoire,2009,1,100,<NA>,19375940,0.00815635764076113982,both,<NA>
yf-preventive-default_nocovid,"YF:YF,campaign,with:default_nocovid",YF,total,campaign,CIV,Cote d'Ivoire,2011,1,60,<NA>,8737522,0.95999999999999996447,both,<NA>
yf-preventive-default_nocovid,"YF:YF,campaign,with:default_nocovid",YF,total,campaign,CIV,Cote d'Ivoire,2011,1,100,<NA>,20316909,0.03544444139757470247,both,<NA>
yf-preventive-default_nocovid,"YF:YF,campaign,none:default_nocovid",YF,no vaccine,campaign,CIV,Cote d'Ivoire,2011,1,100,<NA>,20316909,0.03544444139757470247,both,<NA>
yf-preventive-default_nocovid,"YF:YF,campaign,with:default_nocovid",YF,total,campaign,CIV,Cote d'Ivoire,2012,1,60,<NA>,6535540,1,both,<NA>
yf-preventive-default_nocovid,"YF:YF,campaign,none:default_nocovid",YF,no vaccine,campaign,CMR,Cameroon,1945,1,100,default age range,3638583,0.08083727561692739816,both,<NA>
yf-preventive-default_nocovid,"YF:YF,campaign,with:default_nocovid",YF,total,campaign,CMR,Cameroon,1945,1,100,default age range,3638583,0.08083727561692739816,both,<NA>
yf-preventive-default_nocovid,"YF:YF,campaign,none:default_nocovid",YF,no vaccine,campaign,CMR,Cameroon,1948,1,100,default age range,3861695,0.34184684373860202422,both,<NA>
yf-preventive-default_nocovid,"YF:YF,campaign,with:default_nocovid",YF,total,campaign,CMR,Cameroon,1948,1,100,default age range,3861695,0.34184684373860202422,both,<NA>
yf-preventive-default_nocovid,"YF:YF,campaign,none:default_nocovid",YF,no vaccine,campaign,CMR,Cameroon,1952,1,100,default age range,4304122,0.33836526635208702407,both,<NA>
yf-preventive-default_nocovid,"YF:YF,campaign,with:default_nocovid",YF,total,campaign,CMR,Cameroon,1952,1,100,default age range,4304122,0.33836526635208702407,both,<NA>
yf-preventive-default_nocovid,"YF:YF,campaign,none:default_nocovid",YF,no vaccine,campaign,CMR,Cameroon,1956,1,100,default age range,4624002,0.31521878510695100495,both,<NA>
yf-preventive-default_nocovid,"YF:YF,campaign,with:default_nocovid",YF,total,campaign,CMR,Cameroon,1956,1,100,default age range,4624002,0.31521878510695100495,both,<NA>
yf-preventive-default_nocovid,"YF:YF,campaign,none:default_nocovid",YF,no vaccine,campaign,CMR,Cameroon,1980,1,100,<NA>,8273263,0.0073414216222486197,both,<NA>
yf-preventive-default_nocovid,"YF:YF,campaign,with:default_nocovid",YF,total,campaign,CMR,Cameroon,1980,1,100,<NA>,8273263,0.0073414216222486197,both,<NA>
yf-preventive-default_nocovid,"YF:YF,campaign,none:default_nocovid",YF,no vaccine,campaign,CMR,Cameroon,1987,1,100,<NA>,10288798,0.01468453604751730063,both,<NA>
yf-preventive-default_nocovid,"YF:YF,campaign,with:default_nocovid",YF,total,campaign,CMR,Cameroon,1987,1,100,<NA>,10288798,0.01468453604751730063,both,<NA>
yf-preventive-default_nocovid,"YF:YF,campaign,with:default_nocovid",YF,total,campaign,CMR,Cameroon,1990,1,100,<NA>,11308520,0.01925047294094149944,both,<NA>
yf-preventive-default_nocovid,"YF:YF,campaign,none:default_nocovid",YF,no vaccine,campaign,CMR,Cameroon,1990,1,100,<NA>,11308520,0.01925047294094149944,both,<NA>
yf-preventive-default_nocovid,"YF:YF,campaign,none:default_nocovid",YF,no vaccine,campaign,CMR,Cameroon,1994,1,100,<NA>,12724430,0.00016062386308421901,both,<NA>
yf-preventive-default_nocovid,"YF:YF,campaign,with:default_nocovid",YF,total,campaign,CMR,Cameroon,1994,1,100,<NA>,12724430,0.00016062386308421901,both,<NA>
yf-preventive-default_nocovid,"YF:YF,campaign,with:default_nocovid",YF,total,campaign,CMR,Cameroon,2006,1,100,<NA>,17541902,0.04829329194132229996,both,<NA>
yf-preventive-default_nocovid,"YF:YF,campaign,none:default_nocovid",YF,no vaccine,campaign,CMR,Cameroon,2006,1,100,<NA>,17541902,0.04829329194132229996,both,<NA>
yf-preventive-default_nocovid,"YF:YF,campaign,with:default_nocovid",YF,total,campaign,CMR,Cameroon,2007,1,100,<NA>,18033450,0.00736172117119675024,both,<NA>
yf-preventive-default_nocovid,"YF:YF,campaign,none:default_nocovid",YF,no vaccine,campaign,CMR,Cameroon,2007,1,100,<NA>,18033450,0.00736172117119675024,both,<NA>
yf-preventive-default_nocovid,"YF:YF,campaign,with:default_nocovid",YF,total,campaign,CMR,Cameroon,2009,1,60,<NA>,7469615,1,both,<NA>
yf-preventive-default_nocovid,"YF:YF,campaign,with:default_nocovid",YF,total,campaign,CMR,Cameroon,2009,1,100,<NA>,19065506,0.00890606004485119084,both,<NA>
yf-preventive-default_nocovid,"YF:YF,campaign,none:default_nocovid",YF,no vaccine,campaign,CMR,Cameroon,2009,1,100,<NA>,19065506,0.00890606004485119084,both,<NA>
yf-preventive-default_nocovid,"YF:YF,campaign,with:default_nocovid",YF,total,campaign,CMR,Cameroon,2010,1,100,<NA>,39206762,0.01517017879042804971,both,<NA>
yf-preventive-default_nocovid,"YF:YF,campaign,none:default_nocovid",YF,no vaccine,campaign,CMR,Cameroon,2010,1,100,<NA>,39206762,0.01517017879042804971,both,<NA>
yf-preventive-default_nocovid,"YF:YF,campaign,with:default_nocovid",YF,total,campaign,CMR,Cameroon,2012,1,100,<NA>,20722236,0.06428581105124940576,both,<NA>
yf-preventive-default_nocovid,"YF:YF,campaign,none:default_nocovid",YF,no vaccine,campaign,CMR,Cameroon,2012,1,100,<NA>,20722236,0.06428581105124940576,both,<NA>
yf-preventive-default_nocovid,"YF:YF,campaign,with:default_nocovid",YF,total,campaign,CMR,Cameroon,2013,1,100,<NA>,21301742,0.03205357848100699736,both,<NA>
yf-preventive-default_nocovid,"YF:YF,campaign,none:default_nocovid",YF,no vaccine,campaign,CMR,Cameroon,2013,1,100,<NA>,21301742,0.03205357848100699736,both,<NA>
yf-preventive-default_nocovid,"YF:YF,campaign,with:default_nocovid",YF,total,campaign,CMR,Cameroon,2015,1,60,<NA>,4777914,1,both,<NA>
yf-preventive-default_nocovid,"YF:YF,campaign,with:default_nocovid",YF,total,campaign,COD,"Congo, the Democratic Republic of the",1971,1,100,default age range,19737952,0.11415190485975400259,both,<NA>
yf-preventive-default_nocovid,"YF:YF,campaign,none:default_nocovid",YF,no vaccine,campaign,COD,"Congo, the Democratic Republic of the",1971,1,100,default age range,19737952,0.11415190485975400259,both,<NA>
yf-preventive-default_nocovid,"YF:YF,campaign,with:default_nocovid",YF,total,campaign,COD,"Congo, the Democratic Republic of the",2010,1,100,<NA>,61905914,0.00097469632724162404,both,<NA>
yf-preventive-default_nocovid,"YF:YF,campaign,none:default_nocovid",YF,no vaccine,campaign,COD,"Congo, the Democratic Republic of the",2010,1,100,<NA>,61905914,0.00097469632724162404,both,<NA>
yf-preventive-default_nocovid,"YF:YF,campaign,with:default_nocovid",YF,total,campaign,COD,"Congo, the Democratic Republic of the",2013,1,100,<NA>,68470643,0.00741279348209681038,both,<NA>
yf-preventive-default_nocovid,"YF:YF,campaign,none:default_nocovid",YF,no vaccine,campaign,COD,"Congo, the Democratic Republic of the",2013,1,100,<NA>,68470643,0.00741279348209681038,both,<NA>
yf-preventive-default_nocovid,"YF:YF,campaign,none:default_nocovid",YF,no vaccine,campaign,COD,"Congo, the Democratic Republic of the",2014,1,100,<NA>,70804536,0.0397620973883692011,both,<NA>
yf-preventive-default_nocovid,"YF:YF,campaign,with:default_nocovid",YF,total,campaign,COD,"Congo, the Democratic Republic of the",2014,1,100,<NA>,70804536,0.0397620973883692011,both,<NA>
yf-preventive-default_nocovid,"YF:YF,campaign,with:default_nocovid",YF,total,campaign,COD,"Congo, the Democratic Republic of the",2021,0,60,0.75-60,15118356,0.98357067091157257543,both,<NA>
yf-preventive-default_nocovid,"YF:YF,campaign,with:default_nocovid",YF,total,campaign,COD,"Congo, the Democratic Republic of the",2022,1,60,<NA>,87641611,0.9000000000000000222,both,<NA>
yf-preventive-default_nocovid,"YF:YF,campaign,with:default_nocovid",YF,total,campaign,COD,"Congo, the Democratic Republic of the",2023,1,60,<NA>,90340189,0.9000000000000000222,both,<NA>
yf-preventive-default_nocovid,"YF:YF,campaign,with:default_nocovid",YF,total,campaign,COD,"Congo, the Democratic Republic of the",2024,1,60,<NA>,93082143,0.9000000000000000222,both,<NA>
yf-preventive-default_nocovid,"YF:YF,campaign,with:default_nocovid",YF,total,campaign,COG,Congo,1945,1,100,default age range,697810,0.0540622083968061995,both,<NA>
yf-preventive-default_nocovid,"YF:YF,campaign,none:default_nocovid",YF,no vaccine,campaign,COG,Congo,1945,1,100,default age range,697810,0.0540622083968061995,both,<NA>
yf-preventive-default_nocovid,"YF:YF,campaign,with:default_nocovid",YF,total,campaign,COG,Congo,1948,1,100,default age range,741642,0.51091524883092598319,both,<NA>
yf-preventive-default_nocovid,"YF:YF,campaign,none:default_nocovid",YF,no vaccine,campaign,COG,Congo,1948,1,100,default age range,741642,0.51091524883092598319,both,<NA>
yf-preventive-default_nocovid,"YF:YF,campaign,with:default_nocovid",YF,total,campaign,COG,Congo,1952,1,100,default age range,827469,0.63971668772023704275,both,<NA>
yf-preventive-default_nocovid,"YF:YF,campaign,none:default_nocovid",YF,no vaccine,campaign,COG,Congo,1952,1,100,default age range,827469,0.63971668772023704275,both,<NA>
yf-preventive-default_nocovid,"YF:YF,campaign,none:default_nocovid",YF,no vaccine,campaign,COG,Congo,1956,1,100,default age range,896279,0.6000466890370880213,both,<NA>
yf-preventive-default_nocovid,"YF:YF,campaign,with:default_nocovid",YF,total,campaign,COG,Congo,1956,1,100,default age range,896279,0.6000466890370880213,both,<NA>
yf-preventive-default_nocovid,"YF:YF,campaign,with:default_nocovid",YF,total,campaign,COG,Congo,1960,1,100,default age range,980595,0.55902968706603795024,both,<NA>
yf-preventive-default_nocovid,"YF:YF,campaign,none:default_nocovid",YF,no vaccine,campaign,COG,Congo,1960,1,100,default age range,980595,0.55902968706603795024,both,<NA>
yf-preventive-default_nocovid,"YF:YF,campaign,with:default_nocovid",YF,total,campaign,COG,Congo,2009,1,100,<NA>,3997561,0.0179088991365776995,both,<NA>
yf-preventive-default_nocovid,"YF:YF,campaign,none:default_nocovid",YF,no vaccine,campaign,COG,Congo,2009,1,100,<NA>,3997561,0.0179088991365776995,both,<NA>
yf-preventive-default_nocovid,"YF:YF,campaign,with:default_nocovid",YF,total,campaign,COG,Congo,2012,1,100,<NA>,4353230,0.00987850912232775963,both,<NA>
yf-preventive-default_nocovid,"YF:YF,campaign,none:default_nocovid",YF,no vaccine,campaign,COG,Congo,2012,1,100,<NA>,4353230,0.00987850912232775963,both,<NA>
yf-preventive-default_nocovid,"YF:YF,campaign,with:default_nocovid",YF,total,campaign,COG,Congo,2021,0,60,9m-60y,4053267,0.9000000000000000222,both,<NA>
yf-preventive-default_nocovid,"YF:YF,campaign,with:default_nocovid",YF,total,campaign,COG,Congo,2024,1,60,<NA>,5631397,0.9000000000000000222,both,<NA>
yf-preventive-default_nocovid,"YF:YF,campaign,with:default_nocovid",YF,total,campaign,ETH,Ethiopia,2013,1,100,<NA>,92244209,0.00641835780935772014,both,<NA>
yf-preventive-default_nocovid,"YF:YF,campaign,none:default_nocovid",YF,no vaccine,campaign,ETH,Ethiopia,2013,1,100,<NA>,92244209,0.00641835780935772014,both,<NA>
yf-preventive-default_nocovid,"YF:YF,campaign,with:default_nocovid",YF,total,campaign,ETH,Ethiopia,2023,1,60,<NA>,113984241,0.9000000000000000222,both,<NA>
yf-preventive-default_nocovid,"YF:YF,campaign,with:default_nocovid",YF,total,campaign,ETH,Ethiopia,2024,1,60,<NA>,116750053,0.9000000000000000222,both,<NA>
yf-preventive-default_nocovid,"YF:YF,campaign,with:default_nocovid",YF,total,campaign,ETH,Ethiopia,2025,1,60,<NA>,119524431,0.9000000000000000222,both,<NA>
yf-preventive-default_nocovid,"YF:YF,campaign,with:default_nocovid",YF,total,campaign,ETH,Ethiopia,2026,1,60,<NA>,122308738,0.9000000000000000222,both,<NA>
yf-preventive-default_nocovid,"YF:YF,campaign,none:default_nocovid",YF,no vaccine,campaign,GHA,Ghana,1969,1,100,default age range,8171333,0.17118597667331700296,both,<NA>
yf-preventive-default_nocovid,"YF:YF,campaign,with:default_nocovid",YF,total,campaign,GHA,Ghana,1969,1,100,default age range,8171333,0.17118597667331700296,both,<NA>
yf-preventive-default_nocovid,"YF:YF,campaign,none:default_nocovid",YF,no vaccine,campaign,GHA,Ghana,1970,1,100,default age range,8378726,0.17118504647133800378,both,<NA>
yf-preventive-default_nocovid,"YF:YF,campaign,with:default_nocovid",YF,total,campaign,GHA,Ghana,1970,1,100,default age range,8378726,0.17118504647133800378,both,<NA>
yf-preventive-default_nocovid,"YF:YF,campaign,with:default_nocovid",YF,total,campaign,GHA,Ghana,1979,1,100,default age range,10391962,0.25897387284864098467,both,<NA>
yf-preventive-default_nocovid,"YF:YF,campaign,none:default_nocovid",YF,no vaccine,campaign,GHA,Ghana,1979,1,100,default age range,10391962,0.25897387284864098467,both,<NA>
yf-preventive-default_nocovid,"YF:YF,campaign,none:default_nocovid",YF,no vaccine,campaign,GHA,Ghana,1980,1,100,<NA>,10633012,0.15439684785925300581,both,<NA>
yf-preventive-default_nocovid,"YF:YF,campaign,with:default_nocovid",YF,total,campaign,GHA,Ghana,1980,1,100,<NA>,10633012,0.15439684785925300581,both,<NA>
yf-preventive-default_nocovid,"YF:YF,campaign,none:default_nocovid",YF,no vaccine,campaign,GHA,Ghana,1983,1,100,<NA>,11576577,0.02631317662140919902,both,<NA>
yf-preventive-default_nocovid,"YF:YF,campaign,with:default_nocovid",YF,total,campaign,GHA,Ghana,1983,1,100,<NA>,11576577,0.02631317662140919902,both,<NA>
yf-preventive-default_nocovid,"YF:YF,campaign,with:default_nocovid",YF,total,campaign,GHA,Ghana,1994,1,100,<NA>,15987007,0.00639323810221585978,both,<NA>
yf-preventive-default_nocovid,"YF:YF,campaign,none:default_nocovid",YF,no vaccine,campaign,GHA,Ghana,1994,1,100,<NA>,15987007,0.00639323810221585978,both,<NA>
yf-preventive-default_nocovid,"YF:YF,campaign,with:default_nocovid",YF,total,campaign,GHA,Ghana,1996,1,100,<NA>,16866792,0.00851617458790535076,both,<NA>
yf-preventive-default_nocovid,"YF:YF,campaign,none:default_nocovid",YF,no vaccine,campaign,GHA,Ghana,1996,1,100,<NA>,16866792,0.00851617458790535076,both,<NA>
yf-preventive-default_nocovid,"YF:YF,campaign,with:default_nocovid",YF,total,campaign,GHA,Ghana,2005,1,100,<NA>,274767038,0.004532953540654630814615384615385,both,<NA>
yf-preventive-default_nocovid,"YF:YF,campaign,none:default_nocovid",YF,no vaccine,campaign,GHA,Ghana,2005,1,100,<NA>,274767038,0.004532953540654630814615384615385,both,<NA>
yf-preventive-default_nocovid,"YF:YF,campaign,with:default_nocovid",YF,total,campaign,GHA,Ghana,2006,1,100,<NA>,151818520,0.005312410597677634491428571428571,both,<NA>
yf-preventive-default_nocovid,"YF:YF,campaign,none:default_nocovid",YF,no vaccine,campaign,GHA,Ghana,2006,1,100,<NA>,151818520,0.005312410597677634491428571428571,both,<NA>
yf-preventive-default_nocovid,"YF:YF,campaign,with:default_nocovid",YF,total,campaign,GHA,Ghana,2011,1,60,<NA>,5808538,1,both,<NA>
yf-preventive-default_nocovid,"YF:YF,campaign,with:default_nocovid",YF,total,campaign,GHA,Ghana,2012,1,60,<NA>,1463808,0.88000000000000000444,both,<NA>
yf-preventive-default_nocovid,"YF:YF,campaign,with:default_nocovid",YF,total,campaign,GHA,Ghana,2012,1,100,<NA>,25203728,0.00950605525606986954,both,<NA>
yf-preventive-default_nocovid,"YF:YF,campaign,none:default_nocovid",YF,no vaccine,campaign,GHA,Ghana,2012,1,100,<NA>,25203728,0.00950605525606986954,both,<NA>
yf-preventive-default_nocovid,"YF:YF,campaign,with:default_nocovid",YF,total,campaign,GHA,Ghana,2018,1,60,<NA>,5204147,1,both,<NA>
yf-preventive-default_nocovid,"YF:YF,campaign,with:default_nocovid",YF,total,campaign,GHA,Ghana,2020,10,60,10-60,5632433,0.93999999999999994671,both,<NA>
yf-preventive-default_nocovid,"YF:YF,campaign,none:default_nocovid",YF,no vaccine,campaign,GIN,Guinea,1940,1,100,default age range,2350304,0.08641819565769849609,both,<NA>
yf-preventive-default_nocovid,"YF:YF,campaign,with:default_nocovid",YF,total,campaign,GIN,Guinea,1940,1,100,default age range,2350304,0.08641819565769849609,both,<NA>
yf-preventive-default_nocovid,"YF:YF,campaign,with:default_nocovid",YF,total,campaign,GIN,Guinea,1944,1,100,default age range,2515535,0.52368706322405500497,both,<NA>
yf-preventive-default_nocovid,"YF:YF,campaign,none:default_nocovid",YF,no vaccine,campaign,GIN,Guinea,1944,1,100,default age range,2515535,0.52368706322405500497,both,<NA>
yf-preventive-default_nocovid,"YF:YF,campaign,none:default_nocovid",YF,no vaccine,campaign,GIN,Guinea,1948,1,100,default age range,2684963,0.56497665957511999935,both,<NA>
yf-preventive-default_nocovid,"YF:YF,campaign,with:default_nocovid",YF,total,campaign,GIN,Guinea,1948,1,100,default age range,2684963,0.56497665957511999935,both,<NA>
yf-preventive-default_nocovid,"YF:YF,campaign,with:default_nocovid",YF,total,campaign,GIN,Guinea,1952,1,100,default age range,2976998,0.70740822613682197151,both,<NA>
yf-preventive-default_nocovid,"YF:YF,campaign,none:default_nocovid",YF,no vaccine,campaign,GIN,Guinea,1952,1,100,default age range,2976998,0.70740822613682197151,both,<NA>
yf-preventive-default_nocovid,"YF:YF,campaign,none:default_nocovid",YF,no vaccine,campaign,GIN,Guinea,1956,1,100,default age range,3149397,0.66106444618773796407,both,<NA>
yf-preventive-default_nocovid,"YF:YF,campaign,with:default_nocovid",YF,total,campaign,GIN,Guinea,1956,1,100,default age range,3149397,0.66106444618773796407,both,<NA>
yf-preventive-default_nocovid,"YF:YF,campaign,with:default_nocovid",YF,total,campaign,GIN,Guinea,1960,1,100,default age range,3371489,0.61241001325573996006,both,<NA>
yf-preventive-default_nocovid,"YF:YF,campaign,none:default_nocovid",YF,no vaccine,campaign,GIN,Guinea,1960,1,100,default age range,3371489,0.61241001325573996006,both,<NA>
yf-preventive-default_nocovid,"YF:YF,campaign,none:default_nocovid",YF,no vaccine,campaign,GIN,Guinea,2000,1,100,<NA>,7916787,0.10304329021681500611,both,<NA>
yf-preventive-default_nocovid,"YF:YF,campaign,with:default_nocovid",YF,total,campaign,GIN,Guinea,2000,1,100,<NA>,7916787,0.10304329021681500611,both,<NA>
yf-preventive-default_nocovid,"YF:YF,campaign,with:default_nocovid",YF,total,campaign,GIN,Guinea,2001,1,100,<NA>,8088041,0.12065558398429800102,both,<NA>
yf-preventive-default_nocovid,"YF:YF,campaign,none:default_nocovid",YF,no vaccine,campaign,GIN,Guinea,2001,1,100,<NA>,8088041,0.12065558398429800102,both,<NA>
yf-preventive-default_nocovid,"YF:YF,campaign,none:default_nocovid",YF,no vaccine,campaign,GIN,Guinea,2002,1,100,<NA>,8252479,0.19697289734039100106,both,<NA>
yf-preventive-default_nocovid,"YF:YF,campaign,with:default_nocovid",YF,total,campaign,GIN,Guinea,2002,1,100,<NA>,8252479,0.19697289734039100106,both,<NA>
yf-preventive-default_nocovid,"YF:YF,campaign,none:default_nocovid",YF,no vaccine,campaign,GIN,Guinea,2003,1,100,<NA>,8415141,0.06817802965267040494,both,<NA>
yf-preventive-default_nocovid,"YF:YF,campaign,with:default_nocovid",YF,total,campaign,GIN,Guinea,2003,1,100,<NA>,8415141,0.06817802965267040494,both,<NA>
yf-preventive-default_nocovid,"YF:YF,campaign,none:default_nocovid",YF,no vaccine,campaign,GIN,Guinea,2004,1,100,<NA>,8583165,0.05296005497598980233,both,<NA>
yf-preventive-default_nocovid,"YF:YF,campaign,with:default_nocovid",YF,total,campaign,GIN,Guinea,2004,1,100,<NA>,8583165,0.05296005497598980233,both,<NA>
yf-preventive-default_nocovid,"YF:YF,campaign,with:default_nocovid",YF,total,campaign,GIN,Guinea,2005,1,100,<NA>,17523602,0.10872842037387659558,both,<NA>
yf-preventive-default_nocovid,"YF:YF,campaign,none:default_nocovid",YF,no vaccine,campaign,GIN,Guinea,2005,1,100,<NA>,17523602,0.10872842037387659558,both,<NA>
yf-preventive-default_nocovid,"YF:YF,campaign,none:default_nocovid",YF,no vaccine,campaign,GIN,Guinea,2008,1,100,<NA>,9375405,0.01430526328128539984,both,<NA>
yf-preventive-default_nocovid,"YF:YF,campaign,with:default_nocovid",YF,total,campaign,GIN,Guinea,2008,1,100,<NA>,9375405,0.01430526328128539984,both,<NA>
yf-preventive-default_nocovid,"YF:YF,campaign,with:default_nocovid",YF,total,campaign,GIN,Guinea,2009,1,100,<NA>,9595237,0.00602669361449467006,both,<NA>
yf-preventive-default_nocovid,"YF:YF,campaign,none:default_nocovid",YF,no vaccine,campaign,GIN,Guinea,2009,1,100,<NA>,9595237,0.00602669361449467006,both,<NA>
yf-preventive-default_nocovid,"YF:YF,campaign,with:default_nocovid",YF,total,campaign,GIN,Guinea,2010,1,60,<NA>,6215747,0.95999999999999996447,both,<NA>
yf-preventive-default_nocovid,"YF:YF,campaign,none:default_nocovid",YF,no vaccine,campaign,GIN,Guinea,2010,1,100,<NA>,9817305,0.02697400290100230094,both,<NA>
yf-preventive-default_nocovid,"YF:YF,campaign,with:default_nocovid",YF,total,campaign,GIN,Guinea,2010,1,100,<NA>,9817305,0.02697400290100230094,both,<NA>
yf-preventive-default_nocovid,"YF:YF,campaign,none:default_nocovid",YF,no vaccine,campaign,GMB,Gambia,1979,1,100,default age range,590792,0.94999999999999995559,both,<NA>
yf-preventive-default_nocovid,"YF:YF,campaign,with:default_nocovid",YF,total,campaign,GMB,Gambia,1979,1,100,default age range,590792,0.94999999999999995559,both,<NA>
yf-preventive-default_nocovid,"YF:YF,campaign,with:default_nocovid",YF,total,campaign,GNB,Guinea-Bissau,2023,1,60,<NA>,1957748,0.9000000000000000222,both,<NA>
yf-preventive-default_nocovid,"YF:YF,campaign,with:default_nocovid",YF,total,campaign,KEN,Kenya,1993,1,100,<NA>,25198137,0.04050289692919999823,both,<NA>
yf-preventive-default_nocovid,"YF:YF,campaign,none:default_nocovid",YF,no vaccine,campaign,KEN,Kenya,1993,1,100,<NA>,25198137,0.04050289692919999823,both,<NA>
yf-preventive-default_nocovid,"YF:YF,campaign,none:default_nocovid",YF,no vaccine,campaign,LBR,Liberia,1995,1,100,<NA>,5912292,0.07043351665703530042,both,<NA>
yf-preventive-default_nocovid,"YF:YF,campaign,with:default_nocovid",YF,total,campaign,LBR,Liberia,1995,1,100,<NA>,5912292,0.07043351665703530042,both,<NA>
yf-preventive-default_nocovid,"YF:YF,campaign,none:default_nocovid",YF,no vaccine,campaign,LBR,Liberia,1997,1,100,<NA>,2240195,0.0475313208690398975,both,<NA>
yf-preventive-default_nocovid,"YF:YF,campaign,with:default_nocovid",YF,total,campaign,LBR,Liberia,1997,1,100,<NA>,2240195,0.0475313208690398975,both,<NA>
yf-preventive-default_nocovid,"YF:YF,campaign,with:default_nocovid",YF,total,campaign,LBR,Liberia,1998,1,100,<NA>,2421782,0.07115642633451900456,both,<NA>
yf-preventive-default_nocovid,"YF:YF,campaign,none:default_nocovid",YF,no vaccine,campaign,LBR,Liberia,1998,1,100,<NA>,2421782,0.07115642633451900456,both,<NA>
yf-preventive-default_nocovid,"YF:YF,campaign,none:default_nocovid",YF,no vaccine,campaign,LBR,Liberia,2000,1,100,<NA>,2739075,0.05424770369470260228,both,<NA>
yf-preventive-default_nocovid,"YF:YF,campaign,with:default_nocovid",YF,total,campaign,LBR,Liberia,2000,1,100,<NA>,2739075,0.05424770369470260228,both,<NA>
yf-preventive-default_nocovid,"YF:YF,campaign,with:default_nocovid",YF,total,campaign,LBR,Liberia,2001,1,100,<NA>,2839693,0.02887609710850779984,both,<NA>
yf-preventive-default_nocovid,"YF:YF,campaign,none:default_nocovid",YF,no vaccine,campaign,LBR,Liberia,2001,1,100,<NA>,2839693,0.02887609710850779984,both,<NA>
yf-preventive-default_nocovid,"YF:YF,campaign,with:default_nocovid",YF,total,campaign,LBR,Liberia,2003,1,100,<NA>,2961347,0.00899991814551011002,both,<NA>
yf-preventive-default_nocovid,"YF:YF,campaign,none:default_nocovid",YF,no vaccine,campaign,LBR,Liberia,2003,1,100,<NA>,2961347,0.00899991814551011002,both,<NA>
yf-preventive-default_nocovid,"YF:YF,campaign,with:default_nocovid",YF,total,campaign,LBR,Liberia,2004,1,100,<NA>,6039674,0.013507558069953049665,both,<NA>
yf-preventive-default_nocovid,"YF:YF,campaign,none:default_nocovid",YF,no vaccine,campaign,LBR,Liberia,2004,1,100,<NA>,6039674,0.013507558069953049665,both,<NA>
yf-preventive-default_nocovid,"YF:YF,campaign,with:default_nocovid",YF,total,campaign,LBR,Liberia,2008,1,100,<NA>,3480802,0.083041086330168698,both,<NA>
yf-preventive-default_nocovid,"YF:YF,campaign,none:default_nocovid",YF,no vaccine,campaign,LBR,Liberia,2008,1,100,<NA>,3480802,0.083041086330168698,both,<NA>
yf-preventive-default_nocovid,"YF:YF,campaign,with:default_nocovid",YF,total,campaign,LBR,Liberia,2009,1,60,<NA>,2924034,0.98999999999999999112,both,<NA>
yf-preventive-default_nocovid,"YF:YF,campaign,none:default_nocovid",YF,no vaccine,campaign,LBR,Liberia,2009,1,100,<NA>,3623225,0.02875902627047350127,both,<NA>
yf-preventive-default_nocovid,"YF:YF,campaign,with:default_nocovid",YF,total,campaign,LBR,Liberia,2009,1,100,<NA>,3623225,0.02875902627047350127,both,<NA>
yf-preventive-default_nocovid,"YF:YF,campaign,none:default_nocovid",YF,no vaccine,campaign,LBR,Liberia,2011,1,100,<NA>,3880708,0.03409325343993759722,both,<NA>
yf-preventive-default_nocovid,"YF:YF,campaign,with:default_nocovid",YF,total,campaign,LBR,Liberia,2011,1,100,<NA>,3880708,0.03409325343993759722,both,<NA>
yf-preventive-default_nocovid,"YF:YF,campaign,with:default_nocovid",YF,total,campaign,MLI,Mali,1940,1,100,default age range,3907151,0.08641640170296929768,both,<NA>
yf-preventive-default_nocovid,"YF:YF,campaign,none:default_nocovid",YF,no vaccine,campaign,MLI,Mali,1940,1,100,default age range,3907151,0.08641640170296929768,both,<NA>
yf-preventive-default_nocovid,"YF:YF,campaign,none:default_nocovid",YF,no vaccine,campaign,MLI,Mali,1944,1,100,default age range,4106604,0.5236761920079130439,both,<NA>
yf-preventive-default_nocovid,"YF:YF,campaign,with:default_nocovid",YF,total,campaign,MLI,Mali,1944,1,100,default age range,4106604,0.5236761920079130439,both,<NA>
yf-preventive-default_nocovid,"YF:YF,campaign,with:default_nocovid",YF,total,campaign,MLI,Mali,1948,1,100,default age range,4325207,0.56496493122852897706,both,<NA>
yf-preventive-default_nocovid,"YF:YF,campaign,none:default_nocovid",YF,no vaccine,campaign,MLI,Mali,1948,1,100,default age range,4325207,0.56496493122852897706,both,<NA>
yf-preventive-default_nocovid,"YF:YF,campaign,with:default_nocovid",YF,total,campaign,MLI,Mali,1952,1,100,default age range,4621652,0.70739819194959496773,both,<NA>
yf-preventive-default_nocovid,"YF:YF,campaign,none:default_nocovid",YF,no vaccine,campaign,MLI,Mali,1952,1,100,default age range,4621652,0.70739819194959496773,both,<NA>
yf-preventive-default_nocovid,"YF:YF,campaign,none:default_nocovid",YF,no vaccine,campaign,MLI,Mali,1956,1,100,default age range,4827879,0.66105202006277796745,both,<NA>
yf-preventive-default_nocovid,"YF:YF,campaign,with:default_nocovid",YF,total,campaign,MLI,Mali,1956,1,100,default age range,4827879,0.66105202006277796745,both,<NA>
yf-preventive-default_nocovid,"YF:YF,campaign,none:default_nocovid",YF,no vaccine,campaign,MLI,Mali,1960,1,100,default age range,5065406,0.61241337704228304695,both,<NA>
yf-preventive-default_nocovid,"YF:YF,campaign,with:default_nocovid",YF,total,campaign,MLI,Mali,1960,1,100,default age range,5065406,0.61241337704228304695,both,<NA>
yf-preventive-default_nocovid,"YF:YF,campaign,none:default_nocovid",YF,no vaccine,campaign,MLI,Mali,1987,0,14,<NA>,3708861,0.79640064712196700913,both,<NA>
yf-preventive-default_nocovid,"YF:YF,campaign,with:default_nocovid",YF,total,campaign,MLI,Mali,1987,0,14,<NA>,3708861,0.79640064712196700913,both,<NA>
yf-preventive-default_nocovid,"YF:YF,campaign,with:default_nocovid",YF,total,campaign,MLI,Mali,2004,1,100,<NA>,11836999,0.00119399787502491995,both,<NA>
yf-preventive-default_nocovid,"YF:YF,campaign,none:default_nocovid",YF,no vaccine,campaign,MLI,Mali,2004,1,100,<NA>,11836999,0.00119399787502491995,both,<NA>
yf-preventive-default_nocovid,"YF:YF,campaign,with:default_nocovid",YF,total,campaign,MLI,Mali,2005,1,100,<NA>,12222830,0.18165961249362300167,both,<NA>
yf-preventive-default_nocovid,"YF:YF,campaign,none:default_nocovid",YF,no vaccine,campaign,MLI,Mali,2005,1,100,<NA>,12222830,0.18165961249362300167,both,<NA>
yf-preventive-default_nocovid,"YF:YF,campaign,with:default_nocovid",YF,total,campaign,MLI,Mali,2006,1,100,<NA>,12631815,0.15413750143206500498,both,<NA>
yf-preventive-default_nocovid,"YF:YF,campaign,none:default_nocovid",YF,no vaccine,campaign,MLI,Mali,2006,1,100,<NA>,12631815,0.15413750143206500498,both,<NA>
yf-preventive-default_nocovid,"YF:YF,campaign,with:default_nocovid",YF,total,campaign,MLI,Mali,2008,1,60,<NA>,5943804,0.98999999999999999112,both,<NA>
yf-preventive-default_nocovid,"YF:YF,campaign,none:default_nocovid",YF,no vaccine,campaign,MRT,Mauritania,1940,1,100,default age range,484652,0.08662390642981429578,both,<NA>
yf-preventive-default_nocovid,"YF:YF,campaign,with:default_nocovid",YF,total,campaign,MRT,Mauritania,1940,1,100,default age range,484652,0.08662390642981429578,both,<NA>
yf-preventive-default_nocovid,"YF:YF,campaign,none:default_nocovid",YF,no vaccine,campaign,MRT,Mauritania,1944,1,100,default age range,534104,0.52493365335826402962,both,<NA>
yf-preventive-default_nocovid,"YF:YF,campaign,with:default_nocovid",YF,total,campaign,MRT,Mauritania,1944,1,100,default age range,534104,0.52493365335826402962,both,<NA>
yf-preventive-default_nocovid,"YF:YF,campaign,none:default_nocovid",YF,no vaccine,campaign,MRT,Mauritania,1948,1,100,default age range,588182,0.56632153589409595096,both,<NA>
yf-preventive-default_nocovid,"YF:YF,campaign,with:default_nocovid",YF,total,campaign,MRT,Mauritania,1948,1,100,default age range,588182,0.56632153589409595096,both,<NA>
yf-preventive-default_nocovid,"YF:YF,campaign,none:default_nocovid",YF,no vaccine,campaign,MRT,Mauritania,1952,1,100,default age range,655986,0.7090598318544270029,both,<NA>
yf-preventive-default_nocovid,"YF:YF,campaign,with:default_nocovid",YF,total,campaign,MRT,Mauritania,1952,1,100,default age range,655986,0.7090598318544270029,both,<NA>
yf-preventive-default_nocovid,"YF:YF,campaign,with:default_nocovid",YF,total,campaign,MRT,Mauritania,1956,1,100,default age range,727384,0.6624588176694119479,both,<NA>
yf-preventive-default_nocovid,"YF:YF,campaign,none:default_nocovid",YF,no vaccine,campaign,MRT,Mauritania,1956,1,100,default age range,727384,0.6624588176694119479,both,<NA>
yf-preventive-default_nocovid,"YF:YF,campaign,none:default_nocovid",YF,no vaccine,campaign,MRT,Mauritania,1960,1,100,default age range,814036,0.61358627181642499959,both,<NA>
yf-preventive-default_nocovid,"YF:YF,campaign,with:default_nocovid",YF,total,campaign,MRT,Mauritania,1960,1,100,default age range,814036,0.61358627181642499959,both,<NA>
yf-preventive-default_nocovid,"YF:YF,campaign,with:default_nocovid",YF,total,campaign,NER,Niger,1940,1,100,default age range,1738238,0.08643114107688219805,both,<NA>
yf-preventive-default_nocovid,"YF:YF,campaign,none:default_nocovid",YF,no vaccine,campaign,NER,Niger,1940,1,100,default age range,1738238,0.08643114107688219805,both,<NA>
yf-preventive-default_nocovid,"YF:YF,campaign,with:default_nocovid",YF,total,campaign,NER,Niger,1944,1,100,default age range,1996641,0.5237655113853829647,both,<NA>
yf-preventive-default_nocovid,"YF:YF,campaign,none:default_nocovid",YF,no vaccine,campaign,NER,Niger,1944,1,100,default age range,1996641,0.5237655113853829647,both,<NA>
yf-preventive-default_nocovid,"YF:YF,campaign,with:default_nocovid",YF,total,campaign,NER,Niger,1948,1,100,default age range,2281915,0.56506129290530504594,both,<NA>
yf-preventive-default_nocovid,"YF:YF,campaign,none:default_nocovid",YF,no vaccine,campaign,NER,Niger,1948,1,100,default age range,2281915,0.56506129290530504594,both,<NA>
yf-preventive-default_nocovid,"YF:YF,campaign,with:default_nocovid",YF,total,campaign,NER,Niger,1952,1,100,default age range,2589396,0.707501554909160002,both,<NA>
yf-preventive-default_nocovid,"YF:YF,campaign,none:default_nocovid",YF,no vaccine,campaign,NER,Niger,1952,1,100,default age range,2589396,0.707501554909160002,both,<NA>
yf-preventive-default_nocovid,"YF:YF,campaign,none:default_nocovid",YF,no vaccine,campaign,NER,Niger,1956,1,100,default age range,2890585,0.66110997305110696942,both,<NA>
yf-preventive-default_nocovid,"YF:YF,campaign,with:default_nocovid",YF,total,campaign,NER,Niger,1956,1,100,default age range,2890585,0.66110997305110696942,both,<NA>
yf-preventive-default_nocovid,"YF:YF,campaign,none:default_nocovid",YF,no vaccine,campaign,NER,Niger,1960,1,100,default age range,3228557,0.61244125682894701157,both,<NA>
yf-preventive-default_nocovid,"YF:YF,campaign,with:default_nocovid",YF,total,campaign,NER,Niger,1960,1,100,default age range,3228557,0.61244125682894701157,both,<NA>
yf-preventive-default_nocovid,"YF:YF,campaign,with:default_nocovid",YF,total,campaign,NER,Niger,1996,1,100,<NA>,9363982,0.00164321520966307006,both,<NA>
yf-preventive-default_nocovid,"YF:YF,campaign,none:default_nocovid",YF,no vaccine,campaign,NER,Niger,1996,1,100,<NA>,9363982,0.00164321520966307006,both,<NA>
yf-preventive-default_nocovid,"YF:YF,campaign,with:default_nocovid",YF,total,campaign,NER,Niger,2025,1,60,<NA>,26826479,0.9000000000000000222,both,<NA>
yf-preventive-default_nocovid,"YF:YF,campaign,with:default_nocovid",YF,total,campaign,NER,Niger,2026,1,60,<NA>,27832669,0.9000000000000000222,both,<NA>
yf-preventive-default_nocovid,"YF:YF,campaign,with:default_nocovid",YF,total,campaign,NGA,Nigeria,1969,1,100,default age range,52644277,0.27847211820781697655,both,<NA>
yf-preventive-default_nocovid,"YF:YF,campaign,none:default_nocovid",YF,no vaccine,campaign,NGA,Nigeria,1969,1,100,default age range,52644277,0.27847211820781697655,both,<NA>
yf-preventive-default_nocovid,"YF:YF,campaign,none:default_nocovid",YF,no vaccine,campaign,NGA,Nigeria,1971,1,100,default age range,55089880,0.00990756516664373019,both,<NA>
yf-preventive-default_nocovid,"YF:YF,campaign,with:default_nocovid",YF,total,campaign,NGA,Nigeria,1971,1,100,default age range,55089880,0.00990756516664373019,both,<NA>
yf-preventive-default_nocovid,"YF:YF,campaign,none:default_nocovid",YF,no vaccine,campaign,NGA,Nigeria,1974,1,100,default age range,59205794,0.01976253312451569863,both,<NA>
yf-preventive-default_nocovid,"YF:YF,campaign,with:default_nocovid",YF,total,campaign,NGA,Nigeria,1974,1,100,default age range,59205794,0.01976253312451569863,both,<NA>
yf-preventive-default_nocovid,"YF:YF,campaign,with:default_nocovid",YF,total,campaign,NGA,Nigeria,1987,1,100,<NA>,84613212,0.20335480157948299107,both,<NA>
yf-preventive-default_nocovid,"YF:YF,campaign,none:default_nocovid",YF,no vaccine,campaign,NGA,Nigeria,1987,1,100,<NA>,84613212,0.20335480157948299107,both,<NA>
yf-preventive-default_nocovid,"YF:YF,campaign,with:default_nocovid",YF,total,campaign,NGA,Nigeria,1989,1,100,<NA>,89227132,0.15882211529435100172,both,<NA>
yf-preventive-default_nocovid,"YF:YF,campaign,none:default_nocovid",YF,no vaccine,campaign,NGA,Nigeria,1989,1,100,<NA>,89227132,0.15882211529435100172,both,<NA>
yf-preventive-default_nocovid,"YF:YF,campaign,none:default_nocovid",YF,no vaccine,campaign,NGA,Nigeria,1994,1,100,<NA>,101329521,0.000419698501187702,both,<NA>
yf-preventive-default_nocovid,"YF:YF,campaign,with:default_nocovid",YF,total,campaign,NGA,Nigeria,1994,1,100,<NA>,101329521,0.000419698501187702,both,<NA>
yf-preventive-default_nocovid,"YF:YF,campaign,none:default_nocovid",YF,no vaccine,campaign,NGA,Nigeria,2000,1,100,<NA>,117636475,0.00037438746734637498,both,<NA>
yf-preventive-default_nocovid,"YF:YF,campaign,with:default_nocovid",YF,total,campaign,NGA,Nigeria,2000,1,100,<NA>,117636475,0.00037438746734637498,both,<NA>
yf-preventive-default_nocovid,"YF:YF,campaign,with:default_nocovid",YF,total,campaign,NGA,Nigeria,2013,1,60,<NA>,9225627,1,both,<NA>
yf-preventive-default_nocovid,"YF:YF,campaign,with:default_nocovid",YF,total,campaign,NGA,Nigeria,2018,1,60,<NA>,29154467,0.978944762049671477605569561604402,both,<NA>
yf-preventive-default_nocovid,"YF:YF,campaign,with:default_nocovid",YF,total,campaign,NGA,Nigeria,2019,0,45,0.75-45,7517781,0.85626894143031828666,both,<NA>
yf-preventive-default_nocovid,"YF:YF,campaign,with:default_nocovid",YF,total,campaign,NGA,Nigeria,2020,0,45,0.75-45,24385479,0.77861843784163520255,both,<NA>
yf-preventive-default_nocovid,"YF:YF,campaign,with:default_nocovid",YF,total,campaign,NGA,Nigeria,2021,0,45,0.75-45,22751918,0.84885630279609836091,both,<NA>
yf-preventive-default_nocovid,"YF:YF,campaign,with:default_nocovid",YF,total,campaign,NGA,Nigeria,2022,1,45,<NA>,181807132,0.9000000000000000222,both,<NA>
yf-preventive-default_nocovid,"YF:YF,campaign,with:default_nocovid",YF,total,campaign,NGA,Nigeria,2023,1,45,<NA>,186196530,0.9000000000000000222,both,<NA>
yf-preventive-default_nocovid,"YF:YF,campaign,with:default_nocovid",YF,total,campaign,NGA,Nigeria,2024,1,45,<NA>,190629951,0.9000000000000000222,both,<NA>
yf-preventive-default_nocovid,"YF:YF,campaign,none:default_nocovid",YF,no vaccine,campaign,PER,Peru,1969,1,100,default age range,12603229,0.00346884170750264009,both,<NA>
yf-preventive-default_nocovid,"YF:YF,campaign,with:default_nocovid",YF,total,campaign,PER,Peru,1969,1,100,default age range,12603229,0.00346884170750264009,both,<NA>
yf-preventive-default_nocovid,"YF:YF,campaign,with:default_nocovid",YF,total,campaign,PER,Peru,1970,1,100,default age range,12962358,0.0070654130736133398,both,<NA>
yf-preventive-default_nocovid,"YF:YF,campaign,none:default_nocovid",YF,no vaccine,campaign,PER,Peru,1970,1,100,default age range,12962358,0.0070654130736133398,both,<NA>
yf-preventive-default_nocovid,"YF:YF,campaign,none:default_nocovid",YF,no vaccine,campaign,SDN,Sudan,2003,1,100,<NA>,28406263,0.0065911726811354902,both,<NA>
yf-preventive-default_nocovid,"YF:YF,campaign,with:default_nocovid",YF,total,campaign,SDN,Sudan,2003,1,100,<NA>,28406263,0.0065911726811354902,both,<NA>
yf-preventive-default_nocovid,"YF:YF,campaign,with:default_nocovid",YF,total,campaign,SDN,Sudan,2005,1,100,<NA>,29854066,0.05439163130360760018,both,<NA>
yf-preventive-default_nocovid,"YF:YF,campaign,none:default_nocovid",YF,no vaccine,campaign,SDN,Sudan,2005,1,100,<NA>,29854066,0.05439163130360760018,both,<NA>
yf-preventive-default_nocovid,"YF:YF,campaign,with:default_nocovid",YF,total,campaign,SDN,Sudan,2012,1,100,<NA>,70025384,0.098342954903273147035,both,<NA>
yf-preventive-default_nocovid,"YF:YF,campaign,none:default_nocovid",YF,no vaccine,campaign,SDN,Sudan,2012,1,100,<NA>,70025384,0.098342954903273147035,both,<NA>
yf-preventive-default_nocovid,"YF:YF,campaign,with:default_nocovid",YF,total,campaign,SDN,Sudan,2013,1,100,<NA>,35877594,0.00541678015729680964,both,<NA>
yf-preventive-default_nocovid,"YF:YF,campaign,none:default_nocovid",YF,no vaccine,campaign,SDN,Sudan,2013,1,100,<NA>,35877594,0.00541678015729680964,both,<NA>
yf-preventive-default_nocovid,"YF:YF,campaign,with:default_nocovid",YF,total,campaign,SDN,Sudan,2014,1,60,<NA>,7467020,0.95999999999999996447,both,<NA>
yf-preventive-default_nocovid,"YF:YF,campaign,with:default_nocovid",YF,total,campaign,SDN,Sudan,2015,1,60,<NA>,6157432,0.93000000000000004885,both,<NA>
yf-preventive-default_nocovid,"YF:YF,campaign,with:default_nocovid",YF,total,campaign,SDN,Sudan,2019,0,60,0.75-60,17667378,0.97918168728828913761,both,<NA>
yf-preventive-default_nocovid,"YF:YF,campaign,with:default_nocovid",YF,total,campaign,SDN,Sudan,2021,0,4,9-59m  (varies by state based on PMVC year),5500000,0.9000000000000000222,both,<NA>
yf-preventive-default_nocovid,"YF:YF,campaign,with:default_nocovid",YF,total,campaign,SEN,Senegal,1940,1,100,default age range,1816906,0.08645110460344609948,both,<NA>
yf-preventive-default_nocovid,"YF:YF,campaign,none:default_nocovid",YF,no vaccine,campaign,SEN,Senegal,1940,1,100,default age range,1816906,0.08645110460344609948,both,<NA>
yf-preventive-default_nocovid,"YF:YF,campaign,with:default_nocovid",YF,total,campaign,SEN,Senegal,1944,1,100,default age range,2001254,0.52388648869251497331,both,<NA>
yf-preventive-default_nocovid,"YF:YF,campaign,none:default_nocovid",YF,no vaccine,campaign,SEN,Senegal,1944,1,100,default age range,2001254,0.52388648869251497331,both,<NA>
yf-preventive-default_nocovid,"YF:YF,campaign,none:default_nocovid",YF,no vaccine,campaign,SEN,Senegal,1948,1,100,default age range,2202319,0.56519180855037098876,both,<NA>
yf-preventive-default_nocovid,"YF:YF,campaign,with:default_nocovid",YF,total,campaign,SEN,Senegal,1948,1,100,default age range,2202319,0.56519180855037098876,both,<NA>
yf-preventive-default_nocovid,"YF:YF,campaign,none:default_nocovid",YF,no vaccine,campaign,SEN,Senegal,1952,1,100,default age range,2492214,0.70766533427869005024,both,<NA>
yf-preventive-default_nocovid,"YF:YF,campaign,with:default_nocovid",YF,total,campaign,SEN,Senegal,1952,1,100,default age range,2492214,0.70766533427869005024,both,<NA>
yf-preventive-default_nocovid,"YF:YF,campaign,with:default_nocovid",YF,total,campaign,SEN,Senegal,1956,1,100,default age range,2753651,0.66125717096991798449,both,<NA>
yf-preventive-default_nocovid,"YF:YF,campaign,none:default_nocovid",YF,no vaccine,campaign,SEN,Senegal,1956,1,100,default age range,2753651,0.66125717096991798449,both,<NA>
yf-preventive-default_nocovid,"YF:YF,campaign,none:default_nocovid",YF,no vaccine,campaign,SEN,Senegal,1960,1,100,default age range,3073562,0.61256122317866401605,both,<NA>
yf-preventive-default_nocovid,"YF:YF,campaign,with:default_nocovid",YF,total,campaign,SEN,Senegal,1960,1,100,default age range,3073562,0.61256122317866401605,both,<NA>
yf-preventive-default_nocovid,"YF:YF,campaign,with:default_nocovid",YF,total,campaign,SEN,Senegal,1981,1,100,<NA>,5494915,0.12896331914736799962,both,<NA>
yf-preventive-default_nocovid,"YF:YF,campaign,none:default_nocovid",YF,no vaccine,campaign,SEN,Senegal,1981,1,100,<NA>,5494915,0.12896331914736799962,both,<NA>
yf-preventive-default_nocovid,"YF:YF,campaign,none:default_nocovid",YF,no vaccine,campaign,SEN,Senegal,1995,1,100,<NA>,8362334,0.01455980125510300018,both,<NA>
yf-preventive-default_nocovid,"YF:YF,campaign,with:default_nocovid",YF,total,campaign,SEN,Senegal,1995,1,100,<NA>,8362334,0.01455980125510300018,both,<NA>
yf-preventive-default_nocovid,"YF:YF,campaign,with:default_nocovid",YF,total,campaign,SEN,Senegal,1996,1,100,<NA>,8578656,0.01876510811106549964,both,<NA>
yf-preventive-default_nocovid,"YF:YF,campaign,none:default_nocovid",YF,no vaccine,campaign,SEN,Senegal,1996,1,100,<NA>,8578656,0.01876510811106549964,both,<NA>
yf-preventive-default_nocovid,"YF:YF,campaign,none:default_nocovid",YF,no vaccine,campaign,SEN,Senegal,2002,1,100,<NA>,9916338,0.50384824171575204321,both,<NA>
yf-preventive-default_nocovid,"YF:YF,campaign,with:default_nocovid",YF,total,campaign,SEN,Senegal,2002,1,100,<NA>,9916338,0.50384824171575204321,both,<NA>
yf-preventive-default_nocovid,"YF:YF,campaign,with:default_nocovid",YF,total,campaign,SEN,Senegal,2005,1,100,<NA>,10695066,0.01396416998788930011,both,<NA>
yf-preventive-default_nocovid,"YF:YF,campaign,none:default_nocovid",YF,no vaccine,campaign,SEN,Senegal,2005,1,100,<NA>,10695066,0.01396416998788930011,both,<NA>
yf-preventive-default_nocovid,"YF:YF,campaign,with:default_nocovid",YF,total,campaign,SEN,Senegal,2007,1,60,<NA>,3127063,0.98999999999999999112,both,<NA>
yf-preventive-default_nocovid,"YF:YF,campaign,with:default_nocovid",YF,total,campaign,SEN,Senegal,2011,0,100,<NA>,13033809,0.01211340723268830057,both,<NA>
yf-preventive-default_nocovid,"YF:YF,campaign,none:default_nocovid",YF,no vaccine,campaign,SEN,Senegal,2011,0,100,<NA>,13033809,0.01211340723268830057,both,<NA>
yf-preventive-default_nocovid,"YF:YF,campaign,none:default_nocovid",YF,no vaccine,campaign,SLE,Sierra Leone,1995,1,100,<NA>,4138916,0.08084258180890330214,both,<NA>
yf-preventive-default_nocovid,"YF:YF,campaign,with:default_nocovid",YF,total,campaign,SLE,Sierra Leone,1995,1,100,<NA>,4138916,0.08084258180890330214,both,<NA>
yf-preventive-default_nocovid,"YF:YF,campaign,with:default_nocovid",YF,total,campaign,SLE,Sierra Leone,1996,1,100,<NA>,4150103,0.03764774858933889884,both,<NA>
yf-preventive-default_nocovid,"YF:YF,campaign,none:default_nocovid",YF,no vaccine,campaign,SLE,Sierra Leone,1996,1,100,<NA>,4150103,0.03764774858933889884,both,<NA>
yf-preventive-default_nocovid,"YF:YF,campaign,with:default_nocovid",YF,total,campaign,SLE,Sierra Leone,2003,1,100,<NA>,10017262,0.05489576827068474996,both,<NA>
yf-preventive-default_nocovid,"YF:YF,campaign,none:default_nocovid",YF,no vaccine,campaign,SLE,Sierra Leone,2003,1,100,<NA>,10017262,0.05489576827068474996,both,<NA>
yf-preventive-default_nocovid,"YF:YF,campaign,with:default_nocovid",YF,total,campaign,SLE,Sierra Leone,2008,1,100,<NA>,5912821,0.09013864344908040227,both,<NA>
yf-preventive-default_nocovid,"YF:YF,campaign,none:default_nocovid",YF,no vaccine,campaign,SLE,Sierra Leone,2008,1,100,<NA>,5912821,0.09013864344908040227,both,<NA>
yf-preventive-default_nocovid,"YF:YF,campaign,with:default_nocovid",YF,total,campaign,SLE,Sierra Leone,2009,1,60,<NA>,4112616,0.96999999999999997335,both,<NA>
yf-preventive-default_nocovid,"YF:YF,campaign,with:default_nocovid",YF,total,campaign,SLE,Sierra Leone,2011,1,100,<NA>,6339182,0.02290512128320299975,both,<NA>
yf-preventive-default_nocovid,"YF:YF,campaign,none:default_nocovid",YF,no vaccine,campaign,SLE,Sierra Leone,2011,1,100,<NA>,6339182,0.02290512128320299975,both,<NA>
yf-preventive-default_nocovid,"YF:YF,campaign,with:default_nocovid",YF,total,campaign,SSD,South Sudan,2024,1,60,<NA>,11207521,0.9000000000000000222,both,<NA>
yf-preventive-default_nocovid,"YF:YF,campaign,with:default_nocovid",YF,total,campaign,SSD,South Sudan,2025,1,60,<NA>,11465552,0.9000000000000000222,both,<NA>
yf-preventive-default_nocovid,"YF:YF,campaign,none:default_nocovid",YF,no vaccine,campaign,TCD,Chad,1945,1,100,default age range,2126787,0.05396471898515550064,both,<NA>
yf-preventive-default_nocovid,"YF:YF,campaign,with:default_nocovid",YF,total,campaign,TCD,Chad,1945,1,100,default age range,2126787,0.05396471898515550064,both,<NA>
yf-preventive-default_nocovid,"YF:YF,campaign,with:default_nocovid",YF,total,campaign,TCD,Chad,1948,1,100,default age range,2241031,0.50999392451789904435,both,<NA>
yf-preventive-default_nocovid,"YF:YF,campaign,none:default_nocovid",YF,no vaccine,campaign,TCD,Chad,1948,1,100,default age range,2241031,0.50999392451789904435,both,<NA>
yf-preventive-default_nocovid,"YF:YF,campaign,none:default_nocovid",YF,no vaccine,campaign,TCD,Chad,1952,1,100,default age range,2489240,0.63860334544855201777,both,<NA>
yf-preventive-default_nocovid,"YF:YF,campaign,with:default_nocovid",YF,total,campaign,TCD,Chad,1952,1,100,default age range,2489240,0.63860334544855201777,both,<NA>
yf-preventive-default_nocovid,"YF:YF,campaign,none:default_nocovid",YF,no vaccine,campaign,TCD,Chad,1956,1,100,default age range,2676118,0.59909097437760905347,both,<NA>
yf-preventive-default_nocovid,"YF:YF,campaign,with:default_nocovid",YF,total,campaign,TCD,Chad,1956,1,100,default age range,2676118,0.59909097437760905347,both,<NA>
yf-preventive-default_nocovid,"YF:YF,campaign,with:default_nocovid",YF,total,campaign,TCD,Chad,1960,1,100,default age range,2893149,0.55821619515590903404,both,<NA>
yf-preventive-default_nocovid,"YF:YF,campaign,none:default_nocovid",YF,no vaccine,campaign,TCD,Chad,1960,1,100,default age range,2893149,0.55821619515590903404,both,<NA>
yf-preventive-default_nocovid,"YF:YF,campaign,with:default_nocovid",YF,total,campaign,TCD,Chad,2013,1,100,<NA>,12682428,0.09035075247086339634,both,<NA>
yf-preventive-default_nocovid,"YF:YF,campaign,none:default_nocovid",YF,no vaccine,campaign,TCD,Chad,2013,1,100,<NA>,12682428,0.09035075247086339634,both,<NA>
yf-preventive-default_nocovid,"YF:YF,campaign,with:default_nocovid",YF,total,campaign,TCD,Chad,2024,1,60,<NA>,17098824,0.9000000000000000222,both,<NA>
yf-preventive-default_nocovid,"YF:YF,campaign,with:default_nocovid",YF,total,campaign,TCD,Chad,2025,1,60,<NA>,17591989,0.9000000000000000222,both,<NA>
yf-preventive-default_nocovid,"YF:YF,campaign,with:default_nocovid",YF,total,campaign,TGO,Togo,1941,1,100,default age range,1025811,0.04349609617319549759,both,<NA>
yf-preventive-default_nocovid,"YF:YF,campaign,none:default_nocovid",YF,no vaccine,campaign,TGO,Togo,1941,1,100,default age range,1025811,0.04349609617319549759,both,<NA>
yf-preventive-default_nocovid,"YF:YF,campaign,with:default_nocovid",YF,total,campaign,TGO,Togo,1944,1,100,default age range,1105700,0.48724075785946802108,both,<NA>
yf-preventive-default_nocovid,"YF:YF,campaign,none:default_nocovid",YF,no vaccine,campaign,TGO,Togo,1944,1,100,default age range,1105700,0.48724075785946802108,both,<NA>
yf-preventive-default_nocovid,"YF:YF,campaign,none:default_nocovid",YF,no vaccine,campaign,TGO,Togo,1948,1,100,default age range,1223590,0.9315326079083420252,both,<NA>
yf-preventive-default_nocovid,"YF:YF,campaign,with:default_nocovid",YF,total,campaign,TGO,Togo,1948,1,100,default age range,1223590,0.9315326079083420252,both,<NA>
yf-preventive-default_nocovid,"YF:YF,campaign,with:default_nocovid",YF,total,campaign,TGO,Togo,1952,1,100,default age range,1386500,0.83103525098918096248,both,<NA>
yf-preventive-default_nocovid,"YF:YF,campaign,none:default_nocovid",YF,no vaccine,campaign,TGO,Togo,1952,1,100,default age range,1386500,0.83103525098918096248,both,<NA>
yf-preventive-default_nocovid,"YF:YF,campaign,with:default_nocovid",YF,total,campaign,TGO,Togo,1956,1,100,default age range,1433238,0.80379143101683203643,both,<NA>
yf-preventive-default_nocovid,"YF:YF,campaign,none:default_nocovid",YF,no vaccine,campaign,TGO,Togo,1956,1,100,default age range,1433238,0.80379143101683203643,both,<NA>
yf-preventive-default_nocovid,"YF:YF,campaign,none:default_nocovid",YF,no vaccine,campaign,TGO,Togo,1960,1,100,default age range,1518126,0.75809000430521400471,both,<NA>
yf-preventive-default_nocovid,"YF:YF,campaign,with:default_nocovid",YF,total,campaign,TGO,Togo,1960,1,100,default age range,1518126,0.75809000430521400471,both,<NA>
yf-preventive-default_nocovid,"YF:YF,campaign,with:default_nocovid",YF,total,campaign,TGO,Togo,2007,1,60,<NA>,3644262,0.97999999999999998224,both,<NA>
yf-preventive-default_nocovid,"YF:YF,campaign,none:default_nocovid",YF,no vaccine,campaign,TGO,Togo,2007,1,100,<NA>,11414600,0.15145738908327664729,both,<NA>
yf-preventive-default_nocovid,"YF:YF,campaign,with:default_nocovid",YF,total,campaign,TGO,Togo,2007,1,100,<NA>,11414600,0.15145738908327664729,both,<NA>
yf-preventive-default_nocovid,"YF:YF,campaign,with:default_nocovid",YF,total,campaign,UGA,Uganda,2011,1,100,<NA>,32112772,0.02172014362572749838,both,<NA>
yf-preventive-default_nocovid,"YF:YF,campaign,none:default_nocovid",YF,no vaccine,campaign,UGA,Uganda,2011,1,100,<NA>,32112772,0.02172014362572749838,both,<NA>
yf-preventive-default_nocovid,"YF:YF,campaign,with:default_nocovid",YF,total,campaign,UGA,Uganda,2022,1,60,<NA>,45336377,0.9000000000000000222,both,<NA>
yf-preventive-default_nocovid,"YF:YF,campaign,with:default_nocovid",YF,total,campaign,VEN,"Venezuela, Bolivarian Republic of",2021,2,59,2-59y,24324013,0.15562670518224111516,both,<NA>
yf-preventive-default_nocovid,"YF:YF,routine,with:default_nocovid",YF,total,routine,AGO,Angola,1980,0,0,use default routine age for this projection,<NA>,0,both,<NA>
yf-preventive-default_nocovid,"YF:YF,routine,with:default_nocovid",YF,total,routine,AGO,Angola,1981,0,0,use default routine age for this projection,<NA>,0,both,<NA>
yf-preventive-default_nocovid,"YF:YF,routine,with:default_nocovid",YF,total,routine,AGO,Angola,1982,0,0,use default routine age for this projection,<NA>,0,both,<NA>
yf-preventive-default_nocovid,"YF:YF,routine,with:default_nocovid",YF,total,routine,AGO,Angola,1983,0,0,use default routine age for this projection,<NA>,0,both,<NA>
yf-preventive-default_nocovid,"YF:YF,routine,with:default_nocovid",YF,total,routine,AGO,Angola,1984,0,0,use default routine age for this projection,<NA>,0,both,<NA>
yf-preventive-default_nocovid,"YF:YF,routine,with:default_nocovid",YF,total,routine,AGO,Angola,1985,0,0,use default routine age for this projection,<NA>,0,both,<NA>
yf-preventive-default_nocovid,"YF:YF,routine,with:default_nocovid",YF,total,routine,AGO,Angola,1986,0,0,use default routine age for this projection,<NA>,0,both,<NA>
yf-preventive-default_nocovid,"YF:YF,routine,with:default_nocovid",YF,total,routine,AGO,Angola,1987,0,0,use default routine age for this projection,<NA>,0,both,<NA>
yf-preventive-default_nocovid,"YF:YF,routine,with:default_nocovid",YF,total,routine,AGO,Angola,1988,0,0,use default routine age for this projection,<NA>,0,both,<NA>
yf-preventive-default_nocovid,"YF:YF,routine,with:default_nocovid",YF,total,routine,AGO,Angola,1989,0,0,use default routine age for this projection,<NA>,0,both,<NA>
yf-preventive-default_nocovid,"YF:YF,routine,with:default_nocovid",YF,total,routine,AGO,Angola,1990,0,0,use default routine age for this projection,<NA>,0,both,<NA>
yf-preventive-default_nocovid,"YF:YF,routine,with:default_nocovid",YF,total,routine,AGO,Angola,1991,0,0,use default routine age for this projection,<NA>,0,both,<NA>
yf-preventive-default_nocovid,"YF:YF,routine,with:default_nocovid",YF,total,routine,AGO,Angola,1992,0,0,use default routine age for this projection,<NA>,0,both,<NA>
yf-preventive-default_nocovid,"YF:YF,routine,with:default_nocovid",YF,total,routine,AGO,Angola,1993,0,0,use default routine age for this projection,<NA>,0,both,<NA>
yf-preventive-default_nocovid,"YF:YF,routine,with:default_nocovid",YF,total,routine,AGO,Angola,1994,0,0,use default routine age for this projection,<NA>,0,both,<NA>
yf-preventive-default_nocovid,"YF:YF,routine,with:default_nocovid",YF,total,routine,AGO,Angola,1995,0,0,use default routine age for this projection,<NA>,0,both,<NA>
yf-preventive-default_nocovid,"YF:YF,routine,with:default_nocovid",YF,total,routine,AGO,Angola,1996,0,0,use default routine age for this projection,<NA>,0,both,<NA>
yf-preventive-default_nocovid,"YF:YF,routine,with:default_nocovid",YF,total,routine,AGO,Angola,1997,0,0,default routine age,<NA>,0.16000000000000000333,both,<NA>
yf-preventive-default_nocovid,"YF:YF,routine,with:default_nocovid",YF,total,routine,AGO,Angola,1998,0,0,default routine age,<NA>,0.23999999999999999112,both,<NA>
yf-preventive-default_nocovid,"YF:YF,routine,with:default_nocovid",YF,total,routine,AGO,Angola,1999,0,0,default routine age,<NA>,0.32000000000000000666,both,<NA>
yf-preventive-default_nocovid,"YF:YF,routine,with:default_nocovid",YF,total,routine,AGO,Angola,2000,0,0,default routine age,<NA>,0.28999999999999998002,both,<NA>
yf-preventive-default_nocovid,"YF:YF,routine,with:default_nocovid",YF,total,routine,AGO,Angola,2001,0,0,default routine age,<NA>,0.25,both,<NA>
yf-preventive-default_nocovid,"YF:YF,routine,with:default_nocovid",YF,total,routine,AGO,Angola,2002,0,0,default routine age,<NA>,0.25,both,<NA>
yf-preventive-default_nocovid,"YF:YF,routine,with:default_nocovid",YF,total,routine,AGO,Angola,2003,0,0,default routine age,<NA>,0.30999999999999999778,both,<NA>
yf-preventive-default_nocovid,"YF:YF,routine,with:default_nocovid",YF,total,routine,AGO,Angola,2004,0,0,default routine age,<NA>,0.39000000000000001332,both,<NA>
yf-preventive-default_nocovid,"YF:YF,routine,with:default_nocovid",YF,total,routine,AGO,Angola,2005,0,0,default routine age,<NA>,0.23000000000000000999,both,<NA>
yf-preventive-default_nocovid,"YF:YF,routine,with:default_nocovid",YF,total,routine,AGO,Angola,2006,0,0,default routine age,<NA>,0.22000000000000000111,both,<NA>
yf-preventive-default_nocovid,"YF:YF,routine,with:default_nocovid",YF,total,routine,AGO,Angola,2007,0,0,default routine age,<NA>,0.51000000000000000888,both,<NA>
yf-preventive-default_nocovid,"YF:YF,routine,with:default_nocovid",YF,total,routine,AGO,Angola,2008,0,0,default routine age,<NA>,0.39000000000000001332,both,<NA>
yf-preventive-default_nocovid,"YF:YF,routine,with:default_nocovid",YF,total,routine,AGO,Angola,2009,0,0,default routine age,<NA>,0.17000000000000001221,both,<NA>
yf-preventive-default_nocovid,"YF:YF,routine,with:default_nocovid",YF,total,routine,AGO,Angola,2010,0,0,default routine age,<NA>,0.16000000000000000333,both,<NA>
yf-preventive-default_nocovid,"YF:YF,routine,with:default_nocovid",YF,total,routine,AGO,Angola,2011,0,0,default routine age,<NA>,0.38000000000000000444,both,<NA>
yf-preventive-default_nocovid,"YF:YF,routine,with:default_nocovid",YF,total,routine,AGO,Angola,2012,0,0,default routine age,<NA>,0.35999999999999998668,both,<NA>
yf-preventive-default_nocovid,"YF:YF,routine,with:default_nocovid",YF,total,routine,AGO,Angola,2013,0,0,default routine age,<NA>,0.20999999999999999223,both,<NA>
yf-preventive-default_nocovid,"YF:YF,routine,with:default_nocovid",YF,total,routine,AGO,Angola,2014,0,0,default routine age,<NA>,0.47999999999999998224,both,<NA>
yf-preventive-default_nocovid,"YF:YF,routine,with:default_nocovid",YF,total,routine,AGO,Angola,2015,0,0,default routine age,<NA>,0.42999999999999999334,both,<NA>
yf-preventive-default_nocovid,"YF:YF,routine,with:default_nocovid",YF,total,routine,AGO,Angola,2016,0,0,default routine age,<NA>,0.23999999999999999112,both,<NA>
yf-preventive-default_nocovid,"YF:YF,routine,with:default_nocovid",YF,total,routine,AGO,Angola,2017,0,0,default routine age,<NA>,0.28000000000000002665,both,<NA>
yf-preventive-default_nocovid,"YF:YF,routine,with:default_nocovid",YF,total,routine,AGO,Angola,2018,0,0,default routine age,<NA>,0.4500000000000000111,both,<NA>
yf-preventive-default_nocovid,"YF:YF,routine,with:default_nocovid",YF,total,routine,AGO,Angola,2019,0,0,default routine age,<NA>,0.4500000000000000111,both,<NA>
yf-preventive-default_nocovid,"YF:YF,routine,with:default_nocovid",YF,total,routine,AGO,Angola,2020,0,0,default routine age,<NA>,0.30190051793942196401,both,<NA>
yf-preventive-default_nocovid,"YF:YF,routine,with:default_nocovid",YF,total,routine,AGO,Angola,2021,0,0,default routine age,<NA>,0.375,both,<NA>
yf-preventive-default_nocovid,"YF:YF,routine,with:default_nocovid",YF,total,routine,AGO,Angola,2022,0,0,<NA>,<NA>,0.40247936163248065888,both,<NA>
yf-preventive-default_nocovid,"YF:YF,routine,with:default_nocovid",YF,total,routine,AGO,Angola,2023,0,0,<NA>,<NA>,0.42875053875979540763,both,<NA>
yf-preventive-default_nocovid,"YF:YF,routine,with:default_nocovid",YF,total,routine,AGO,Angola,2024,0,0,<NA>,<NA>,0.45386665160424222165,both,<NA>
yf-preventive-default_nocovid,"YF:YF,routine,with:default_nocovid",YF,total,routine,AGO,Angola,2025,0,0,<NA>,<NA>,0.47787848485244144303,both,<NA>
yf-preventive-default_nocovid,"YF:YF,routine,with:default_nocovid",YF,total,routine,AGO,Angola,2026,0,0,<NA>,<NA>,0.50083459034178301472,both,<NA>
yf-preventive-default_nocovid,"YF:YF,routine,with:default_nocovid",YF,total,routine,AGO,Angola,2027,0,0,<NA>,<NA>,0.52278138523206052479,both,<NA>
yf-preventive-default_nocovid,"YF:YF,routine,with:default_nocovid",YF,total,routine,AGO,Angola,2028,0,0,<NA>,<NA>,0.5437632458607959407,both,<NA>
yf-preventive-default_nocovid,"YF:YF,routine,with:default_nocovid",YF,total,routine,AGO,Angola,2029,0,0,<NA>,<NA>,0.56382259747202845279,both,<NA>
yf-preventive-default_nocovid,"YF:YF,routine,with:default_nocovid",YF,total,routine,AGO,Angola,2030,0,0,<NA>,<NA>,0.5829999999999999627,both,<NA>
yf-preventive-default_nocovid,"YF:YF,routine,with:default_nocovid",YF,total,routine,AGO,Angola,2031,0,0,<NA>,<NA>,0.59299999999999997158,both,<NA>
yf-preventive-default_nocovid,"YF:YF,routine,with:default_nocovid",YF,total,routine,AGO,Angola,2032,0,0,<NA>,<NA>,0.60299999999999998046,both,<NA>
yf-preventive-default_nocovid,"YF:YF,routine,with:default_nocovid",YF,total,routine,AGO,Angola,2033,0,0,<NA>,<NA>,0.61299999999999998934,both,<NA>
yf-preventive-default_nocovid,"YF:YF,routine,with:default_nocovid",YF,total,routine,AGO,Angola,2034,0,0,<NA>,<NA>,0.62299999999999999822,both,<NA>
yf-preventive-default_nocovid,"YF:YF,routine,with:default_nocovid",YF,total,routine,AGO,Angola,2035,0,0,<NA>,<NA>,0.63300000000000000711,both,<NA>
yf-preventive-default_nocovid,"YF:YF,routine,with:default_nocovid",YF,total,routine,AGO,Angola,2036,0,0,<NA>,<NA>,0.64300000000000001599,both,<NA>
yf-preventive-default_nocovid,"YF:YF,routine,with:default_nocovid",YF,total,routine,AGO,Angola,2037,0,0,<NA>,<NA>,0.65300000000000002487,both,<NA>
yf-preventive-default_nocovid,"YF:YF,routine,with:default_nocovid",YF,total,routine,AGO,Angola,2038,0,0,<NA>,<NA>,0.66299999999999992273,both,<NA>
yf-preventive-default_nocovid,"YF:YF,routine,with:default_nocovid",YF,total,routine,AGO,Angola,2039,0,0,<NA>,<NA>,0.67299999999999993161,both,<NA>
yf-preventive-default_nocovid,"YF:YF,routine,with:default_nocovid",YF,total,routine,AGO,Angola,2040,0,0,<NA>,<NA>,0.68299999999999994049,both,<NA>
yf-preventive-default_nocovid,"YF:YF,routine,with:default_nocovid",YF,total,routine,AGO,Angola,2041,0,0,<NA>,<NA>,0.69299999999999994937,both,<NA>
yf-preventive-default_nocovid,"YF:YF,routine,with:default_nocovid",YF,total,routine,AGO,Angola,2042,0,0,<NA>,<NA>,0.70299999999999995826,both,<NA>
yf-preventive-default_nocovid,"YF:YF,routine,with:default_nocovid",YF,total,routine,AGO,Angola,2043,0,0,<NA>,<NA>,0.71299999999999996714,both,<NA>
yf-preventive-default_nocovid,"YF:YF,routine,with:default_nocovid",YF,total,routine,AGO,Angola,2044,0,0,<NA>,<NA>,0.72299999999999997602,both,<NA>
yf-preventive-default_nocovid,"YF:YF,routine,with:default_nocovid",YF,total,routine,AGO,Angola,2045,0,0,<NA>,<NA>,0.7329999999999999849,both,<NA>
yf-preventive-default_nocovid,"YF:YF,routine,with:default_nocovid",YF,total,routine,AGO,Angola,2046,0,0,<NA>,<NA>,0.74299999999999999378,both,<NA>
yf-preventive-default_nocovid,"YF:YF,routine,with:default_nocovid",YF,total,routine,AGO,Angola,2047,0,0,<NA>,<NA>,0.75300000000000000266,both,<NA>
yf-preventive-default_nocovid,"YF:YF,routine,with:default_nocovid",YF,total,routine,AGO,Angola,2048,0,0,<NA>,<NA>,0.76299999999999990052,both,<NA>
yf-preventive-default_nocovid,"YF:YF,routine,with:default_nocovid",YF,total,routine,AGO,Angola,2049,0,0,<NA>,<NA>,0.77299999999999990941,both,<NA>
yf-preventive-default_nocovid,"YF:YF,routine,with:default_nocovid",YF,total,routine,AGO,Angola,2050,0,0,<NA>,<NA>,0.78299999999999991829,both,<NA>
yf-preventive-default_nocovid,"YF:YF,routine,with:default_nocovid",YF,total,routine,AGO,Angola,2051,0,0,<NA>,<NA>,0.79299999999999992717,both,<NA>
yf-preventive-default_nocovid,"YF:YF,routine,with:default_nocovid",YF,total,routine,AGO,Angola,2052,0,0,<NA>,<NA>,0.80299999999999993605,both,<NA>
yf-preventive-default_nocovid,"YF:YF,routine,with:default_nocovid",YF,total,routine,AGO,Angola,2053,0,0,<NA>,<NA>,0.81299999999999994493,both,<NA>
yf-preventive-default_nocovid,"YF:YF,routine,with:default_nocovid",YF,total,routine,AGO,Angola,2054,0,0,<NA>,<NA>,0.82299999999999995381,both,<NA>
yf-preventive-default_nocovid,"YF:YF,routine,with:default_nocovid",YF,total,routine,AGO,Angola,2055,0,0,<NA>,<NA>,0.8329999999999999627,both,<NA>
yf-preventive-default_nocovid,"YF:YF,routine,with:default_nocovid",YF,total,routine,AGO,Angola,2056,0,0,<NA>,<NA>,0.84299999999999997158,both,<NA>
yf-preventive-default_nocovid,"YF:YF,routine,with:default_nocovid",YF,total,routine,AGO,Angola,2057,0,0,<NA>,<NA>,0.85299999999999998046,both,<NA>
yf-preventive-default_nocovid,"YF:YF,routine,with:default_nocovid",YF,total,routine,AGO,Angola,2058,0,0,<NA>,<NA>,0.86299999999999998934,both,<NA>
yf-preventive-default_nocovid,"YF:YF,routine,with:default_nocovid",YF,total,routine,AGO,Angola,2059,0,0,<NA>,<NA>,0.87299999999999999822,both,<NA>
yf-preventive-default_nocovid,"YF:YF,routine,with:default_nocovid",YF,total,routine,AGO,Angola,2060,0,0,<NA>,<NA>,0.88300000000000000711,both,<NA>
yf-preventive-default_nocovid,"YF:YF,routine,with:default_nocovid",YF,total,routine,AGO,Angola,2061,0,0,<NA>,<NA>,0.89300000000000001599,both,<NA>
yf-preventive-default_nocovid,"YF:YF,routine,with:default_nocovid",YF,total,routine,AGO,Angola,2062,0,0,<NA>,<NA>,0.9000000000000000222,both,<NA>
yf-preventive-default_nocovid,"YF:YF,routine,with:default_nocovid",YF,total,routine,AGO,Angola,2063,0,0,<NA>,<NA>,0.9000000000000000222,both,<NA>
yf-preventive-default_nocovid,"YF:YF,routine,with:default_nocovid",YF,total,routine,AGO,Angola,2064,0,0,<NA>,<NA>,0.9000000000000000222,both,<NA>
yf-preventive-default_nocovid,"YF:YF,routine,with:default_nocovid",YF,total,routine,AGO,Angola,2065,0,0,<NA>,<NA>,0.9000000000000000222,both,<NA>
yf-preventive-default_nocovid,"YF:YF,routine,with:default_nocovid",YF,total,routine,AGO,Angola,2066,0,0,<NA>,<NA>,0.9000000000000000222,both,<NA>
yf-preventive-default_nocovid,"YF:YF,routine,with:default_nocovid",YF,total,routine,AGO,Angola,2067,0,0,<NA>,<NA>,0.9000000000000000222,both,<NA>
yf-preventive-default_nocovid,"YF:YF,routine,with:default_nocovid",YF,total,routine,AGO,Angola,2068,0,0,<NA>,<NA>,0.9000000000000000222,both,<NA>
yf-preventive-default_nocovid,"YF:YF,routine,with:default_nocovid",YF,total,routine,AGO,Angola,2069,0,0,<NA>,<NA>,0.9000000000000000222,both,<NA>
yf-preventive-default_nocovid,"YF:YF,routine,with:default_nocovid",YF,total,routine,AGO,Angola,2070,0,0,<NA>,<NA>,0.9000000000000000222,both,<NA>
yf-preventive-default_nocovid,"YF:YF,routine,with:default_nocovid",YF,total,routine,AGO,Angola,2071,0,0,<NA>,<NA>,0.9000000000000000222,both,<NA>
yf-preventive-default_nocovid,"YF:YF,routine,with:default_nocovid",YF,total,routine,AGO,Angola,2072,0,0,<NA>,<NA>,0.9000000000000000222,both,<NA>
yf-preventive-default_nocovid,"YF:YF,routine,with:default_nocovid",YF,total,routine,AGO,Angola,2073,0,0,<NA>,<NA>,0.9000000000000000222,both,<NA>
yf-preventive-default_nocovid,"YF:YF,routine,with:default_nocovid",YF,total,routine,AGO,Angola,2074,0,0,<NA>,<NA>,0.9000000000000000222,both,<NA>
yf-preventive-default_nocovid,"YF:YF,routine,with:default_nocovid",YF,total,routine,AGO,Angola,2075,0,0,<NA>,<NA>,0.9000000000000000222,both,<NA>
yf-preventive-default_nocovid,"YF:YF,routine,with:default_nocovid",YF,total,routine,AGO,Angola,2076,0,0,<NA>,<NA>,0.9000000000000000222,both,<NA>
yf-preventive-default_nocovid,"YF:YF,routine,with:default_nocovid",YF,total,routine,AGO,Angola,2077,0,0,<NA>,<NA>,0.9000000000000000222,both,<NA>
yf-preventive-default_nocovid,"YF:YF,routine,with:default_nocovid",YF,total,routine,AGO,Angola,2078,0,0,<NA>,<NA>,0.9000000000000000222,both,<NA>
yf-preventive-default_nocovid,"YF:YF,routine,with:default_nocovid",YF,total,routine,AGO,Angola,2079,0,0,<NA>,<NA>,0.9000000000000000222,both,<NA>
yf-preventive-default_nocovid,"YF:YF,routine,with:default_nocovid",YF,total,routine,AGO,Angola,2080,0,0,<NA>,<NA>,0.9000000000000000222,both,<NA>
yf-preventive-default_nocovid,"YF:YF,routine,with:default_nocovid",YF,total,routine,AGO,Angola,2081,0,0,<NA>,<NA>,0.9000000000000000222,both,<NA>
yf-preventive-default_nocovid,"YF:YF,routine,with:default_nocovid",YF,total,routine,AGO,Angola,2082,0,0,<NA>,<NA>,0.9000000000000000222,both,<NA>
yf-preventive-default_nocovid,"YF:YF,routine,with:default_nocovid",YF,total,routine,AGO,Angola,2083,0,0,<NA>,<NA>,0.9000000000000000222,both,<NA>
yf-preventive-default_nocovid,"YF:YF,routine,with:default_nocovid",YF,total,routine,AGO,Angola,2084,0,0,<NA>,<NA>,0.9000000000000000222,both,<NA>
yf-preventive-default_nocovid,"YF:YF,routine,with:default_nocovid",YF,total,routine,AGO,Angola,2085,0,0,<NA>,<NA>,0.9000000000000000222,both,<NA>
yf-preventive-default_nocovid,"YF:YF,routine,with:default_nocovid",YF,total,routine,AGO,Angola,2086,0,0,<NA>,<NA>,0.9000000000000000222,both,<NA>
yf-preventive-default_nocovid,"YF:YF,routine,with:default_nocovid",YF,total,routine,AGO,Angola,2087,0,0,<NA>,<NA>,0.9000000000000000222,both,<NA>
yf-preventive-default_nocovid,"YF:YF,routine,with:default_nocovid",YF,total,routine,AGO,Angola,2088,0,0,<NA>,<NA>,0.9000000000000000222,both,<NA>
yf-preventive-default_nocovid,"YF:YF,routine,with:default_nocovid",YF,total,routine,AGO,Angola,2089,0,0,<NA>,<NA>,0.9000000000000000222,both,<NA>
yf-preventive-default_nocovid,"YF:YF,routine,with:default_nocovid",YF,total,routine,AGO,Angola,2090,0,0,<NA>,<NA>,0.9000000000000000222,both,<NA>
yf-preventive-default_nocovid,"YF:YF,routine,with:default_nocovid",YF,total,routine,AGO,Angola,2091,0,0,<NA>,<NA>,0.9000000000000000222,both,<NA>
yf-preventive-default_nocovid,"YF:YF,routine,with:default_nocovid",YF,total,routine,AGO,Angola,2092,0,0,<NA>,<NA>,0.9000000000000000222,both,<NA>
yf-preventive-default_nocovid,"YF:YF,routine,with:default_nocovid",YF,total,routine,AGO,Angola,2093,0,0,<NA>,<NA>,0.9000000000000000222,both,<NA>
yf-preventive-default_nocovid,"YF:YF,routine,with:default_nocovid",YF,total,routine,AGO,Angola,2094,0,0,<NA>,<NA>,0.9000000000000000222,both,<NA>
yf-preventive-default_nocovid,"YF:YF,routine,with:default_nocovid",YF,total,routine,AGO,Angola,2095,0,0,<NA>,<NA>,0.9000000000000000222,both,<NA>
yf-preventive-default_nocovid,"YF:YF,routine,with:default_nocovid",YF,total,routine,AGO,Angola,2096,0,0,<NA>,<NA>,0.9000000000000000222,both,<NA>
yf-preventive-default_nocovid,"YF:YF,routine,with:default_nocovid",YF,total,routine,AGO,Angola,2097,0,0,<NA>,<NA>,0.9000000000000000222,both,<NA>
yf-preventive-default_nocovid,"YF:YF,routine,with:default_nocovid",YF,total,routine,AGO,Angola,2098,0,0,<NA>,<NA>,0.9000000000000000222,both,<NA>
yf-preventive-default_nocovid,"YF:YF,routine,with:default_nocovid",YF,total,routine,AGO,Angola,2099,0,0,<NA>,<NA>,0.9000000000000000222,both,<NA>
yf-preventive-default_nocovid,"YF:YF,routine,with:default_nocovid",YF,total,routine,AGO,Angola,2100,0,0,<NA>,<NA>,0.9000000000000000222,both,<NA>
yf-preventive-default_nocovid,"YF:YF,routine,with:default_nocovid",YF,total,routine,BDI,Burundi,2022,0,0,<NA>,<NA>,0,both,<NA>
yf-preventive-default_nocovid,"YF:YF,routine,with:default_nocovid",YF,total,routine,BDI,Burundi,2023,0,0,<NA>,<NA>,0,both,<NA>
yf-preventive-default_nocovid,"YF:YF,routine,with:default_nocovid",YF,total,routine,BDI,Burundi,2024,0,0,<NA>,<NA>,0.92264949968336884556,both,<NA>
yf-preventive-default_nocovid,"YF:YF,routine,with:default_nocovid",YF,total,routine,BDI,Burundi,2025,0,0,<NA>,<NA>,0.92069430071303870466,both,<NA>
yf-preventive-default_nocovid,"YF:YF,routine,with:default_nocovid",YF,total,routine,BDI,Burundi,2026,0,0,<NA>,<NA>,0.91868967991611483193,both,<NA>
yf-preventive-default_nocovid,"YF:YF,routine,with:default_nocovid",YF,total,routine,BDI,Burundi,2027,0,0,<NA>,<NA>,0.91663438805045838187,both,<NA>
yf-preventive-default_nocovid,"YF:YF,routine,with:default_nocovid",YF,total,routine,BDI,Burundi,2028,0,0,<NA>,<NA>,0.91452714429666914775,both,<NA>
yf-preventive-default_nocovid,"YF:YF,routine,with:default_nocovid",YF,total,routine,BDI,Burundi,2029,0,0,<NA>,<NA>,0.91236663545990348556,both,<NA>
yf-preventive-default_nocovid,"YF:YF,routine,with:default_nocovid",YF,total,routine,BDI,Burundi,2030,0,0,<NA>,<NA>,0.91015151515151515582,both,<NA>
yf-preventive-default_nocovid,"YF:YF,routine,with:default_nocovid",YF,total,routine,BDI,Burundi,2031,0,0,<NA>,<NA>,0.9201515151515151647,both,<NA>
yf-preventive-default_nocovid,"YF:YF,routine,with:default_nocovid",YF,total,routine,BDI,Burundi,2032,0,0,<NA>,<NA>,0.92264949968336884556,both,<NA>
yf-preventive-default_nocovid,"YF:YF,routine,with:default_nocovid",YF,total,routine,BDI,Burundi,2033,0,0,<NA>,<NA>,0.92264949968336884556,both,<NA>
yf-preventive-default_nocovid,"YF:YF,routine,with:default_nocovid",YF,total,routine,BDI,Burundi,2034,0,0,<NA>,<NA>,0.92264949968336884556,both,<NA>
yf-preventive-default_nocovid,"YF:YF,routine,with:default_nocovid",YF,total,routine,BDI,Burundi,2035,0,0,<NA>,<NA>,0.92264949968336884556,both,<NA>
yf-preventive-default_nocovid,"YF:YF,routine,with:default_nocovid",YF,total,routine,BDI,Burundi,2036,0,0,<NA>,<NA>,0.92264949968336884556,both,<NA>
yf-preventive-default_nocovid,"YF:YF,routine,with:default_nocovid",YF,total,routine,BDI,Burundi,2037,0,0,<NA>,<NA>,0.92264949968336884556,both,<NA>
yf-preventive-default_nocovid,"YF:YF,routine,with:default_nocovid",YF,total,routine,BDI,Burundi,2038,0,0,<NA>,<NA>,0.92264949968336884556,both,<NA>
yf-preventive-default_nocovid,"YF:YF,routine,with:default_nocovid",YF,total,routine,BDI,Burundi,2039,0,0,<NA>,<NA>,0.92264949968336884556,both,<NA>
yf-preventive-default_nocovid,"YF:YF,routine,with:default_nocovid",YF,total,routine,BDI,Burundi,2040,0,0,<NA>,<NA>,0.92264949968336884556,both,<NA>
yf-preventive-default_nocovid,"YF:YF,routine,with:default_nocovid",YF,total,routine,BDI,Burundi,2041,0,0,<NA>,<NA>,0.92264949968336884556,both,<NA>
yf-preventive-default_nocovid,"YF:YF,routine,with:default_nocovid",YF,total,routine,BDI,Burundi,2042,0,0,<NA>,<NA>,0.92264949968336884556,both,<NA>
yf-preventive-default_nocovid,"YF:YF,routine,with:default_nocovid",YF,total,routine,BDI,Burundi,2043,0,0,<NA>,<NA>,0.92264949968336884556,both,<NA>
yf-preventive-default_nocovid,"YF:YF,routine,with:default_nocovid",YF,total,routine,BDI,Burundi,2044,0,0,<NA>,<NA>,0.92264949968336884556,both,<NA>
yf-preventive-default_nocovid,"YF:YF,routine,with:default_nocovid",YF,total,routine,BDI,Burundi,2045,0,0,<NA>,<NA>,0.92264949968336884556,both,<NA>
yf-preventive-default_nocovid,"YF:YF,routine,with:default_nocovid",YF,total,routine,BDI,Burundi,2046,0,0,<NA>,<NA>,0.92264949968336884556,both,<NA>
yf-preventive-default_nocovid,"YF:YF,routine,with:default_nocovid",YF,total,routine,BDI,Burundi,2047,0,0,<NA>,<NA>,0.92264949968336884556,both,<NA>
yf-preventive-default_nocovid,"YF:YF,routine,with:default_nocovid",YF,total,routine,BDI,Burundi,2048,0,0,<NA>,<NA>,0.92264949968336884556,both,<NA>
yf-preventive-default_nocovid,"YF:YF,routine,with:default_nocovid",YF,total,routine,BDI,Burundi,2049,0,0,<NA>,<NA>,0.92264949968336884556,both,<NA>
yf-preventive-default_nocovid,"YF:YF,routine,with:default_nocovid",YF,total,routine,BDI,Burundi,2050,0,0,<NA>,<NA>,0.92264949968336884556,both,<NA>
yf-preventive-default_nocovid,"YF:YF,routine,with:default_nocovid",YF,total,routine,BDI,Burundi,2051,0,0,<NA>,<NA>,0.92264949968336884556,both,<NA>
yf-preventive-default_nocovid,"YF:YF,routine,with:default_nocovid",YF,total,routine,BDI,Burundi,2052,0,0,<NA>,<NA>,0.92264949968336884556,both,<NA>
yf-preventive-default_nocovid,"YF:YF,routine,with:default_nocovid",YF,total,routine,BDI,Burundi,2053,0,0,<NA>,<NA>,0.92264949968336884556,both,<NA>
yf-preventive-default_nocovid,"YF:YF,routine,with:default_nocovid",YF,total,routine,BDI,Burundi,2054,0,0,<NA>,<NA>,0.92264949968336884556,both,<NA>
yf-preventive-default_nocovid,"YF:YF,routine,with:default_nocovid",YF,total,routine,BDI,Burundi,2055,0,0,<NA>,<NA>,0.92264949968336884556,both,<NA>
yf-preventive-default_nocovid,"YF:YF,routine,with:default_nocovid",YF,total,routine,BDI,Burundi,2056,0,0,<NA>,<NA>,0.92264949968336884556,both,<NA>
yf-preventive-default_nocovid,"YF:YF,routine,with:default_nocovid",YF,total,routine,BDI,Burundi,2057,0,0,<NA>,<NA>,0.92264949968336884556,both,<NA>
yf-preventive-default_nocovid,"YF:YF,routine,with:default_nocovid",YF,total,routine,BDI,Burundi,2058,0,0,<NA>,<NA>,0.92264949968336884556,both,<NA>
yf-preventive-default_nocovid,"YF:YF,routine,with:default_nocovid",YF,total,routine,BDI,Burundi,2059,0,0,<NA>,<NA>,0.92264949968336884556,both,<NA>
yf-preventive-default_nocovid,"YF:YF,routine,with:default_nocovid",YF,total,routine,BDI,Burundi,2060,0,0,<NA>,<NA>,0.92264949968336884556,both,<NA>
yf-preventive-default_nocovid,"YF:YF,routine,with:default_nocovid",YF,total,routine,BDI,Burundi,2061,0,0,<NA>,<NA>,0.92264949968336884556,both,<NA>
yf-preventive-default_nocovid,"YF:YF,routine,with:default_nocovid",YF,total,routine,BDI,Burundi,2062,0,0,<NA>,<NA>,0.92264949968336884556,both,<NA>
yf-preventive-default_nocovid,"YF:YF,routine,with:default_nocovid",YF,total,routine,BDI,Burundi,2063,0,0,<NA>,<NA>,0.92264949968336884556,both,<NA>
yf-preventive-default_nocovid,"YF:YF,routine,with:default_nocovid",YF,total,routine,BDI,Burundi,2064,0,0,<NA>,<NA>,0.92264949968336884556,both,<NA>
yf-preventive-default_nocovid,"YF:YF,routine,with:default_nocovid",YF,total,routine,BDI,Burundi,2065,0,0,<NA>,<NA>,0.92264949968336884556,both,<NA>
yf-preventive-default_nocovid,"YF:YF,routine,with:default_nocovid",YF,total,routine,BDI,Burundi,2066,0,0,<NA>,<NA>,0.92264949968336884556,both,<NA>
yf-preventive-default_nocovid,"YF:YF,routine,with:default_nocovid",YF,total,routine,BDI,Burundi,2067,0,0,<NA>,<NA>,0.92264949968336884556,both,<NA>
yf-preventive-default_nocovid,"YF:YF,routine,with:default_nocovid",YF,total,routine,BDI,Burundi,2068,0,0,<NA>,<NA>,0.92264949968336884556,both,<NA>
yf-preventive-default_nocovid,"YF:YF,routine,with:default_nocovid",YF,total,routine,BDI,Burundi,2069,0,0,<NA>,<NA>,0.92264949968336884556,both,<NA>
yf-preventive-default_nocovid,"YF:YF,routine,with:default_nocovid",YF,total,routine,BDI,Burundi,2070,0,0,<NA>,<NA>,0.92264949968336884556,both,<NA>
yf-preventive-default_nocovid,"YF:YF,routine,with:default_nocovid",YF,total,routine,BDI,Burundi,2071,0,0,<NA>,<NA>,0.92264949968336884556,both,<NA>
yf-preventive-default_nocovid,"YF:YF,routine,with:default_nocovid",YF,total,routine,BDI,Burundi,2072,0,0,<NA>,<NA>,0.92264949968336884556,both,<NA>
yf-preventive-default_nocovid,"YF:YF,routine,with:default_nocovid",YF,total,routine,BDI,Burundi,2073,0,0,<NA>,<NA>,0.92264949968336884556,both,<NA>
yf-preventive-default_nocovid,"YF:YF,routine,with:default_nocovid",YF,total,routine,BDI,Burundi,2074,0,0,<NA>,<NA>,0.92264949968336884556,both,<NA>
yf-preventive-default_nocovid,"YF:YF,routine,with:default_nocovid",YF,total,routine,BDI,Burundi,2075,0,0,<NA>,<NA>,0.92264949968336884556,both,<NA>
yf-preventive-default_nocovid,"YF:YF,routine,with:default_nocovid",YF,total,routine,BDI,Burundi,2076,0,0,<NA>,<NA>,0.92264949968336884556,both,<NA>
yf-preventive-default_nocovid,"YF:YF,routine,with:default_nocovid",YF,total,routine,BDI,Burundi,2077,0,0,<NA>,<NA>,0.92264949968336884556,both,<NA>
yf-preventive-default_nocovid,"YF:YF,routine,with:default_nocovid",YF,total,routine,BDI,Burundi,2078,0,0,<NA>,<NA>,0.92264949968336884556,both,<NA>
yf-preventive-default_nocovid,"YF:YF,routine,with:default_nocovid",YF,total,routine,BDI,Burundi,2079,0,0,<NA>,<NA>,0.92264949968336884556,both,<NA>
yf-preventive-default_nocovid,"YF:YF,routine,with:default_nocovid",YF,total,routine,BDI,Burundi,2080,0,0,<NA>,<NA>,0.92264949968336884556,both,<NA>
yf-preventive-default_nocovid,"YF:YF,routine,with:default_nocovid",YF,total,routine,BDI,Burundi,2081,0,0,<NA>,<NA>,0.92264949968336884556,both,<NA>
yf-preventive-default_nocovid,"YF:YF,routine,with:default_nocovid",YF,total,routine,BDI,Burundi,2082,0,0,<NA>,<NA>,0.92264949968336884556,both,<NA>
yf-preventive-default_nocovid,"YF:YF,routine,with:default_nocovid",YF,total,routine,BDI,Burundi,2083,0,0,<NA>,<NA>,0.92264949968336884556,both,<NA>
yf-preventive-default_nocovid,"YF:YF,routine,with:default_nocovid",YF,total,routine,BDI,Burundi,2084,0,0,<NA>,<NA>,0.92264949968336884556,both,<NA>
yf-preventive-default_nocovid,"YF:YF,routine,with:default_nocovid",YF,total,routine,BDI,Burundi,2085,0,0,<NA>,<NA>,0.92264949968336884556,both,<NA>
yf-preventive-default_nocovid,"YF:YF,routine,with:default_nocovid",YF,total,routine,BDI,Burundi,2086,0,0,<NA>,<NA>,0.92264949968336884556,both,<NA>
yf-preventive-default_nocovid,"YF:YF,routine,with:default_nocovid",YF,total,routine,BDI,Burundi,2087,0,0,<NA>,<NA>,0.92264949968336884556,both,<NA>
yf-preventive-default_nocovid,"YF:YF,routine,with:default_nocovid",YF,total,routine,BDI,Burundi,2088,0,0,<NA>,<NA>,0.92264949968336884556,both,<NA>
yf-preventive-default_nocovid,"YF:YF,routine,with:default_nocovid",YF,total,routine,BDI,Burundi,2089,0,0,<NA>,<NA>,0.92264949968336884556,both,<NA>
yf-preventive-default_nocovid,"YF:YF,routine,with:default_nocovid",YF,total,routine,BDI,Burundi,2090,0,0,<NA>,<NA>,0.92264949968336884556,both,<NA>
yf-preventive-default_nocovid,"YF:YF,routine,with:default_nocovid",YF,total,routine,BDI,Burundi,2091,0,0,<NA>,<NA>,0.92264949968336884556,both,<NA>
yf-preventive-default_nocovid,"YF:YF,routine,with:default_nocovid",YF,total,routine,BDI,Burundi,2092,0,0,<NA>,<NA>,0.92264949968336884556,both,<NA>
yf-preventive-default_nocovid,"YF:YF,routine,with:default_nocovid",YF,total,routine,BDI,Burundi,2093,0,0,<NA>,<NA>,0.92264949968336884556,both,<NA>
yf-preventive-default_nocovid,"YF:YF,routine,with:default_nocovid",YF,total,routine,BDI,Burundi,2094,0,0,<NA>,<NA>,0.92264949968336884556,both,<NA>
yf-preventive-default_nocovid,"YF:YF,routine,with:default_nocovid",YF,total,routine,BDI,Burundi,2095,0,0,<NA>,<NA>,0.92264949968336884556,both,<NA>
yf-preventive-default_nocovid,"YF:YF,routine,with:default_nocovid",YF,total,routine,BDI,Burundi,2096,0,0,<NA>,<NA>,0.92264949968336884556,both,<NA>
yf-preventive-default_nocovid,"YF:YF,routine,with:default_nocovid",YF,total,routine,BDI,Burundi,2097,0,0,<NA>,<NA>,0.92264949968336884556,both,<NA>
yf-preventive-default_nocovid,"YF:YF,routine,with:default_nocovid",YF,total,routine,BDI,Burundi,2098,0,0,<NA>,<NA>,0.92264949968336884556,both,<NA>
yf-preventive-default_nocovid,"YF:YF,routine,with:default_nocovid",YF,total,routine,BDI,Burundi,2099,0,0,<NA>,<NA>,0.92264949968336884556,both,<NA>
yf-preventive-default_nocovid,"YF:YF,routine,with:default_nocovid",YF,total,routine,BDI,Burundi,2100,0,0,<NA>,<NA>,0.92264949968336884556,both,<NA>
yf-preventive-default_nocovid,"YF:YF,routine,with:default_nocovid",YF,total,routine,BEN,Benin,1980,0,0,use default routine age for this projection,<NA>,0,both,<NA>
yf-preventive-default_nocovid,"YF:YF,routine,with:default_nocovid",YF,total,routine,BEN,Benin,1981,0,0,use default routine age for this projection,<NA>,0,both,<NA>
yf-preventive-default_nocovid,"YF:YF,routine,with:default_nocovid",YF,total,routine,BEN,Benin,1982,0,0,use default routine age for this projection,<NA>,0,both,<NA>
yf-preventive-default_nocovid,"YF:YF,routine,with:default_nocovid",YF,total,routine,BEN,Benin,1983,0,0,use default routine age for this projection,<NA>,0,both,<NA>
yf-preventive-default_nocovid,"YF:YF,routine,with:default_nocovid",YF,total,routine,BEN,Benin,1984,0,0,use default routine age for this projection,<NA>,0,both,<NA>
yf-preventive-default_nocovid,"YF:YF,routine,with:default_nocovid",YF,total,routine,BEN,Benin,1985,0,0,use default routine age for this projection,<NA>,0,both,<NA>
yf-preventive-default_nocovid,"YF:YF,routine,with:default_nocovid",YF,total,routine,BEN,Benin,1986,0,0,use default routine age for this projection,<NA>,0,both,<NA>
yf-preventive-default_nocovid,"YF:YF,routine,with:default_nocovid",YF,total,routine,BEN,Benin,1987,0,0,use default routine age for this projection,<NA>,0,both,<NA>
yf-preventive-default_nocovid,"YF:YF,routine,with:default_nocovid",YF,total,routine,BEN,Benin,1988,0,0,use default routine age for this projection,<NA>,0,both,<NA>
yf-preventive-default_nocovid,"YF:YF,routine,with:default_nocovid",YF,total,routine,BEN,Benin,1989,0,0,use default routine age for this projection,<NA>,0,both,<NA>
yf-preventive-default_nocovid,"YF:YF,routine,with:default_nocovid",YF,total,routine,BEN,Benin,1990,0,0,use default routine age for this projection,<NA>,0,both,<NA>
yf-preventive-default_nocovid,"YF:YF,routine,with:default_nocovid",YF,total,routine,BEN,Benin,1991,0,0,use default routine age for this projection,<NA>,0,both,<NA>
yf-preventive-default_nocovid,"YF:YF,routine,with:default_nocovid",YF,total,routine,BEN,Benin,1992,0,0,use default routine age for this projection,<NA>,0,both,<NA>
yf-preventive-default_nocovid,"YF:YF,routine,with:default_nocovid",YF,total,routine,BEN,Benin,1993,0,0,use default routine age for this projection,<NA>,0,both,<NA>
yf-preventive-default_nocovid,"YF:YF,routine,with:default_nocovid",YF,total,routine,BEN,Benin,1994,0,0,use default routine age for this projection,<NA>,0,both,<NA>
yf-preventive-default_nocovid,"YF:YF,routine,with:default_nocovid",YF,total,routine,BEN,Benin,1995,0,0,use default routine age for this projection,<NA>,0,both,<NA>
yf-preventive-default_nocovid,"YF:YF,routine,with:default_nocovid",YF,total,routine,BEN,Benin,1996,0,0,use default routine age for this projection,<NA>,0,both,<NA>
yf-preventive-default_nocovid,"YF:YF,routine,with:default_nocovid",YF,total,routine,BEN,Benin,1997,0,0,use default routine age for this projection,<NA>,0,both,<NA>
yf-preventive-default_nocovid,"YF:YF,routine,with:default_nocovid",YF,total,routine,BEN,Benin,1998,0,0,use default routine age for this projection,<NA>,0,both,<NA>
yf-preventive-default_nocovid,"YF:YF,routine,with:default_nocovid",YF,total,routine,BEN,Benin,1999,0,0,use default routine age for this projection,<NA>,0,both,<NA>
yf-preventive-default_nocovid,"YF:YF,routine,with:default_nocovid",YF,total,routine,BEN,Benin,2000,0,0,use default routine age for this projection,<NA>,0,both,<NA>
yf-preventive-default_nocovid,"YF:YF,routine,with:default_nocovid",YF,total,routine,BEN,Benin,2001,0,0,use default routine age for this projection,<NA>,0,both,<NA>
yf-preventive-default_nocovid,"YF:YF,routine,with:default_nocovid",YF,total,routine,BEN,Benin,2002,0,0,default routine age,<NA>,0.27000000000000001776,both,<NA>
yf-preventive-default_nocovid,"YF:YF,routine,with:default_nocovid",YF,total,routine,BEN,Benin,2003,0,0,default routine age,<NA>,0.6500000000000000222,both,<NA>
yf-preventive-default_nocovid,"YF:YF,routine,with:default_nocovid",YF,total,routine,BEN,Benin,2004,0,0,default routine age,<NA>,0.6500000000000000222,both,<NA>
yf-preventive-default_nocovid,"YF:YF,routine,with:default_nocovid",YF,total,routine,BEN,Benin,2005,0,0,default routine age,<NA>,0.60999999999999998668,both,<NA>
yf-preventive-default_nocovid,"YF:YF,routine,with:default_nocovid",YF,total,routine,BEN,Benin,2006,0,0,default routine age,<NA>,0.67000000000000003997,both,<NA>
yf-preventive-default_nocovid,"YF:YF,routine,with:default_nocovid",YF,total,routine,BEN,Benin,2007,0,0,default routine age,<NA>,0.69999999999999995559,both,<NA>
yf-preventive-default_nocovid,"YF:YF,routine,with:default_nocovid",YF,total,routine,BEN,Benin,2008,0,0,default routine age,<NA>,0.66000000000000003109,both,<NA>
yf-preventive-default_nocovid,"YF:YF,routine,with:default_nocovid",YF,total,routine,BEN,Benin,2009,0,0,default routine age,<NA>,0.71999999999999997335,both,<NA>
yf-preventive-default_nocovid,"YF:YF,routine,with:default_nocovid",YF,total,routine,BEN,Benin,2010,0,0,default routine age,<NA>,0.68000000000000004885,both,<NA>
yf-preventive-default_nocovid,"YF:YF,routine,with:default_nocovid",YF,total,routine,BEN,Benin,2011,0,0,default routine age,<NA>,0.68999999999999994671,both,<NA>
yf-preventive-default_nocovid,"YF:YF,routine,with:default_nocovid",YF,total,routine,BEN,Benin,2012,0,0,default routine age,<NA>,0.68999999999999994671,both,<NA>
yf-preventive-default_nocovid,"YF:YF,routine,with:default_nocovid",YF,total,routine,BEN,Benin,2013,0,0,default routine age,<NA>,0.69999999999999995559,both,<NA>
yf-preventive-default_nocovid,"YF:YF,routine,with:default_nocovid",YF,total,routine,BEN,Benin,2014,0,0,default routine age,<NA>,0.63000000000000000444,both,<NA>
yf-preventive-default_nocovid,"YF:YF,routine,with:default_nocovid",YF,total,routine,BEN,Benin,2015,0,0,default routine age,<NA>,0.63000000000000000444,both,<NA>
yf-preventive-default_nocovid,"YF:YF,routine,with:default_nocovid",YF,total,routine,BEN,Benin,2016,0,0,default routine age,<NA>,0.64000000000000001332,both,<NA>
yf-preventive-default_nocovid,"YF:YF,routine,with:default_nocovid",YF,total,routine,BEN,Benin,2017,0,0,default routine age,<NA>,0.69999999999999995559,both,<NA>
yf-preventive-default_nocovid,"YF:YF,routine,with:default_nocovid",YF,total,routine,BEN,Benin,2018,0,0,default routine age,<NA>,0.70999999999999996447,both,<NA>
yf-preventive-default_nocovid,"YF:YF,routine,with:default_nocovid",YF,total,routine,BEN,Benin,2019,0,0,default routine age,<NA>,0.70999999999999996447,both,<NA>
yf-preventive-default_nocovid,"YF:YF,routine,with:default_nocovid",YF,total,routine,BEN,Benin,2020,0,0,default routine age,<NA>,0.67000000000000003997,both,<NA>
yf-preventive-default_nocovid,"YF:YF,routine,with:default_nocovid",YF,total,routine,BEN,Benin,2021,0,0,default routine age,<NA>,0.70999999999999996447,both,<NA>
yf-preventive-default_nocovid,"YF:YF,routine,with:default_nocovid",YF,total,routine,BEN,Benin,2022,0,0,<NA>,<NA>,0.71240290636421044201,both,<NA>
yf-preventive-default_nocovid,"YF:YF,routine,with:default_nocovid",YF,total,routine,BEN,Benin,2023,0,0,<NA>,<NA>,0.7147859025249893028,both,<NA>
yf-preventive-default_nocovid,"YF:YF,routine,with:default_nocovid",YF,total,routine,BEN,Benin,2024,0,0,<NA>,<NA>,0.71714915345597296525,both,<NA>
yf-preventive-default_nocovid,"YF:YF,routine,with:default_nocovid",YF,total,routine,BEN,Benin,2025,0,0,<NA>,<NA>,0.71949282276384529666,both,<NA>
yf-preventive-default_nocovid,"YF:YF,routine,with:default_nocovid",YF,total,routine,BEN,Benin,2026,0,0,<NA>,<NA>,0.72181707269966410845,both,<NA>
yf-preventive-default_nocovid,"YF:YF,routine,with:default_nocovid",YF,total,routine,BEN,Benin,2027,0,0,<NA>,<NA>,0.72412206417009405968,both,<NA>
yf-preventive-default_nocovid,"YF:YF,routine,with:default_nocovid",YF,total,routine,BEN,Benin,2028,0,0,<NA>,<NA>,0.72640795674854552466,both,<NA>
yf-preventive-default_nocovid,"YF:YF,routine,with:default_nocovid",YF,total,routine,BEN,Benin,2029,0,0,<NA>,<NA>,0.72867490868622231126,both,<NA>
yf-preventive-default_nocovid,"YF:YF,routine,with:default_nocovid",YF,total,routine,BEN,Benin,2030,0,0,<NA>,<NA>,0.73092307692307700862,both,<NA>
yf-preventive-default_nocovid,"YF:YF,routine,with:default_nocovid",YF,total,routine,BEN,Benin,2031,0,0,<NA>,<NA>,0.7409230769230770175,both,<NA>
yf-preventive-default_nocovid,"YF:YF,routine,with:default_nocovid",YF,total,routine,BEN,Benin,2032,0,0,<NA>,<NA>,0.75092307692307702638,both,<NA>
yf-preventive-default_nocovid,"YF:YF,routine,with:default_nocovid",YF,total,routine,BEN,Benin,2033,0,0,<NA>,<NA>,0.76092307692307703526,both,<NA>
yf-preventive-default_nocovid,"YF:YF,routine,with:default_nocovid",YF,total,routine,BEN,Benin,2034,0,0,<NA>,<NA>,0.77092307692307704414,both,<NA>
yf-preventive-default_nocovid,"YF:YF,routine,with:default_nocovid",YF,total,routine,BEN,Benin,2035,0,0,<NA>,<NA>,0.78092307692307705302,both,<NA>
yf-preventive-default_nocovid,"YF:YF,routine,with:default_nocovid",YF,total,routine,BEN,Benin,2036,0,0,<NA>,<NA>,0.79092307692307706191,both,<NA>
yf-preventive-default_nocovid,"YF:YF,routine,with:default_nocovid",YF,total,routine,BEN,Benin,2037,0,0,<NA>,<NA>,0.80092307692307707079,both,<NA>
yf-preventive-default_nocovid,"YF:YF,routine,with:default_nocovid",YF,total,routine,BEN,Benin,2038,0,0,<NA>,<NA>,0.81092307692307696865,both,<NA>
yf-preventive-default_nocovid,"YF:YF,routine,with:default_nocovid",YF,total,routine,BEN,Benin,2039,0,0,<NA>,<NA>,0.82092307692307697753,both,<NA>
yf-preventive-default_nocovid,"YF:YF,routine,with:default_nocovid",YF,total,routine,BEN,Benin,2040,0,0,<NA>,<NA>,0.83092307692307698641,both,<NA>
yf-preventive-default_nocovid,"YF:YF,routine,with:default_nocovid",YF,total,routine,BEN,Benin,2041,0,0,<NA>,<NA>,0.84092307692307699529,both,<NA>
yf-preventive-default_nocovid,"YF:YF,routine,with:default_nocovid",YF,total,routine,BEN,Benin,2042,0,0,<NA>,<NA>,0.85092307692307700417,both,<NA>
yf-preventive-default_nocovid,"YF:YF,routine,with:default_nocovid",YF,total,routine,BEN,Benin,2043,0,0,<NA>,<NA>,0.86092307692307701306,both,<NA>
yf-preventive-default_nocovid,"YF:YF,routine,with:default_nocovid",YF,total,routine,BEN,Benin,2044,0,0,<NA>,<NA>,0.87092307692307702194,both,<NA>
yf-preventive-default_nocovid,"YF:YF,routine,with:default_nocovid",YF,total,routine,BEN,Benin,2045,0,0,<NA>,<NA>,0.88092307692307703082,both,<NA>
yf-preventive-default_nocovid,"YF:YF,routine,with:default_nocovid",YF,total,routine,BEN,Benin,2046,0,0,<NA>,<NA>,0.8909230769230770397,both,<NA>
yf-preventive-default_nocovid,"YF:YF,routine,with:default_nocovid",YF,total,routine,BEN,Benin,2047,0,0,<NA>,<NA>,0.9000000000000000222,both,<NA>
yf-preventive-default_nocovid,"YF:YF,routine,with:default_nocovid",YF,total,routine,BEN,Benin,2048,0,0,<NA>,<NA>,0.9000000000000000222,both,<NA>
yf-preventive-default_nocovid,"YF:YF,routine,with:default_nocovid",YF,total,routine,BEN,Benin,2049,0,0,<NA>,<NA>,0.9000000000000000222,both,<NA>
yf-preventive-default_nocovid,"YF:YF,routine,with:default_nocovid",YF,total,routine,BEN,Benin,2050,0,0,<NA>,<NA>,0.9000000000000000222,both,<NA>
yf-preventive-default_nocovid,"YF:YF,routine,with:default_nocovid",YF,total,routine,BEN,Benin,2051,0,0,<NA>,<NA>,0.9000000000000000222,both,<NA>
yf-preventive-default_nocovid,"YF:YF,routine,with:default_nocovid",YF,total,routine,BEN,Benin,2052,0,0,<NA>,<NA>,0.9000000000000000222,both,<NA>
yf-preventive-default_nocovid,"YF:YF,routine,with:default_nocovid",YF,total,routine,BEN,Benin,2053,0,0,<NA>,<NA>,0.9000000000000000222,both,<NA>
yf-preventive-default_nocovid,"YF:YF,routine,with:default_nocovid",YF,total,routine,BEN,Benin,2054,0,0,<NA>,<NA>,0.9000000000000000222,both,<NA>
yf-preventive-default_nocovid,"YF:YF,routine,with:default_nocovid",YF,total,routine,BEN,Benin,2055,0,0,<NA>,<NA>,0.9000000000000000222,both,<NA>
yf-preventive-default_nocovid,"YF:YF,routine,with:default_nocovid",YF,total,routine,BEN,Benin,2056,0,0,<NA>,<NA>,0.9000000000000000222,both,<NA>
yf-preventive-default_nocovid,"YF:YF,routine,with:default_nocovid",YF,total,routine,BEN,Benin,2057,0,0,<NA>,<NA>,0.9000000000000000222,both,<NA>
yf-preventive-default_nocovid,"YF:YF,routine,with:default_nocovid",YF,total,routine,BEN,Benin,2058,0,0,<NA>,<NA>,0.9000000000000000222,both,<NA>
yf-preventive-default_nocovid,"YF:YF,routine,with:default_nocovid",YF,total,routine,BEN,Benin,2059,0,0,<NA>,<NA>,0.9000000000000000222,both,<NA>
yf-preventive-default_nocovid,"YF:YF,routine,with:default_nocovid",YF,total,routine,BEN,Benin,2060,0,0,<NA>,<NA>,0.9000000000000000222,both,<NA>
yf-preventive-default_nocovid,"YF:YF,routine,with:default_nocovid",YF,total,routine,BEN,Benin,2061,0,0,<NA>,<NA>,0.9000000000000000222,both,<NA>
yf-preventive-default_nocovid,"YF:YF,routine,with:default_nocovid",YF,total,routine,BEN,Benin,2062,0,0,<NA>,<NA>,0.9000000000000000222,both,<NA>
yf-preventive-default_nocovid,"YF:YF,routine,with:default_nocovid",YF,total,routine,BEN,Benin,2063,0,0,<NA>,<NA>,0.9000000000000000222,both,<NA>
yf-preventive-default_nocovid,"YF:YF,routine,with:default_nocovid",YF,total,routine,BEN,Benin,2064,0,0,<NA>,<NA>,0.9000000000000000222,both,<NA>
yf-preventive-default_nocovid,"YF:YF,routine,with:default_nocovid",YF,total,routine,BEN,Benin,2065,0,0,<NA>,<NA>,0.9000000000000000222,both,<NA>
yf-preventive-default_nocovid,"YF:YF,routine,with:default_nocovid",YF,total,routine,BEN,Benin,2066,0,0,<NA>,<NA>,0.9000000000000000222,both,<NA>
yf-preventive-default_nocovid,"YF:YF,routine,with:default_nocovid",YF,total,routine,BEN,Benin,2067,0,0,<NA>,<NA>,0.9000000000000000222,both,<NA>
yf-preventive-default_nocovid,"YF:YF,routine,with:default_nocovid",YF,total,routine,BEN,Benin,2068,0,0,<NA>,<NA>,0.9000000000000000222,both,<NA>
yf-preventive-default_nocovid,"YF:YF,routine,with:default_nocovid",YF,total,routine,BEN,Benin,2069,0,0,<NA>,<NA>,0.9000000000000000222,both,<NA>
yf-preventive-default_nocovid,"YF:YF,routine,with:default_nocovid",YF,total,routine,BEN,Benin,2070,0,0,<NA>,<NA>,0.9000000000000000222,both,<NA>
yf-preventive-default_nocovid,"YF:YF,routine,with:default_nocovid",YF,total,routine,BEN,Benin,2071,0,0,<NA>,<NA>,0.9000000000000000222,both,<NA>
yf-preventive-default_nocovid,"YF:YF,routine,with:default_nocovid",YF,total,routine,BEN,Benin,2072,0,0,<NA>,<NA>,0.9000000000000000222,both,<NA>
yf-preventive-default_nocovid,"YF:YF,routine,with:default_nocovid",YF,total,routine,BEN,Benin,2073,0,0,<NA>,<NA>,0.9000000000000000222,both,<NA>
yf-preventive-default_nocovid,"YF:YF,routine,with:default_nocovid",YF,total,routine,BEN,Benin,2074,0,0,<NA>,<NA>,0.9000000000000000222,both,<NA>
yf-preventive-default_nocovid,"YF:YF,routine,with:default_nocovid",YF,total,routine,BEN,Benin,2075,0,0,<NA>,<NA>,0.9000000000000000222,both,<NA>
yf-preventive-default_nocovid,"YF:YF,routine,with:default_nocovid",YF,total,routine,BEN,Benin,2076,0,0,<NA>,<NA>,0.9000000000000000222,both,<NA>
yf-preventive-default_nocovid,"YF:YF,routine,with:default_nocovid",YF,total,routine,BEN,Benin,2077,0,0,<NA>,<NA>,0.9000000000000000222,both,<NA>
yf-preventive-default_nocovid,"YF:YF,routine,with:default_nocovid",YF,total,routine,BEN,Benin,2078,0,0,<NA>,<NA>,0.9000000000000000222,both,<NA>
yf-preventive-default_nocovid,"YF:YF,routine,with:default_nocovid",YF,total,routine,BEN,Benin,2079,0,0,<NA>,<NA>,0.9000000000000000222,both,<NA>
yf-preventive-default_nocovid,"YF:YF,routine,with:default_nocovid",YF,total,routine,BEN,Benin,2080,0,0,<NA>,<NA>,0.9000000000000000222,both,<NA>
yf-preventive-default_nocovid,"YF:YF,routine,with:default_nocovid",YF,total,routine,BEN,Benin,2081,0,0,<NA>,<NA>,0.9000000000000000222,both,<NA>
yf-preventive-default_nocovid,"YF:YF,routine,with:default_nocovid",YF,total,routine,BEN,Benin,2082,0,0,<NA>,<NA>,0.9000000000000000222,both,<NA>
yf-preventive-default_nocovid,"YF:YF,routine,with:default_nocovid",YF,total,routine,BEN,Benin,2083,0,0,<NA>,<NA>,0.9000000000000000222,both,<NA>
yf-preventive-default_nocovid,"YF:YF,routine,with:default_nocovid",YF,total,routine,BEN,Benin,2084,0,0,<NA>,<NA>,0.9000000000000000222,both,<NA>
yf-preventive-default_nocovid,"YF:YF,routine,with:default_nocovid",YF,total,routine,BEN,Benin,2085,0,0,<NA>,<NA>,0.9000000000000000222,both,<NA>
yf-preventive-default_nocovid,"YF:YF,routine,with:default_nocovid",YF,total,routine,BEN,Benin,2086,0,0,<NA>,<NA>,0.9000000000000000222,both,<NA>
yf-preventive-default_nocovid,"YF:YF,routine,with:default_nocovid",YF,total,routine,BEN,Benin,2087,0,0,<NA>,<NA>,0.9000000000000000222,both,<NA>
yf-preventive-default_nocovid,"YF:YF,routine,with:default_nocovid",YF,total,routine,BEN,Benin,2088,0,0,<NA>,<NA>,0.9000000000000000222,both,<NA>
yf-preventive-default_nocovid,"YF:YF,routine,with:default_nocovid",YF,total,routine,BEN,Benin,2089,0,0,<NA>,<NA>,0.9000000000000000222,both,<NA>
yf-preventive-default_nocovid,"YF:YF,routine,with:default_nocovid",YF,total,routine,BEN,Benin,2090,0,0,<NA>,<NA>,0.9000000000000000222,both,<NA>
yf-preventive-default_nocovid,"YF:YF,routine,with:default_nocovid",YF,total,routine,BEN,Benin,2091,0,0,<NA>,<NA>,0.9000000000000000222,both,<NA>
yf-preventive-default_nocovid,"YF:YF,routine,with:default_nocovid",YF,total,routine,BEN,Benin,2092,0,0,<NA>,<NA>,0.9000000000000000222,both,<NA>
yf-preventive-default_nocovid,"YF:YF,routine,with:default_nocovid",YF,total,routine,BEN,Benin,2093,0,0,<NA>,<NA>,0.9000000000000000222,both,<NA>
yf-preventive-default_nocovid,"YF:YF,routine,with:default_nocovid",YF,total,routine,BEN,Benin,2094,0,0,<NA>,<NA>,0.9000000000000000222,both,<NA>
yf-preventive-default_nocovid,"YF:YF,routine,with:default_nocovid",YF,total,routine,BEN,Benin,2095,0,0,<NA>,<NA>,0.9000000000000000222,both,<NA>
yf-preventive-default_nocovid,"YF:YF,routine,with:default_nocovid",YF,total,routine,BEN,Benin,2096,0,0,<NA>,<NA>,0.9000000000000000222,both,<NA>
yf-preventive-default_nocovid,"YF:YF,routine,with:default_nocovid",YF,total,routine,BEN,Benin,2097,0,0,<NA>,<NA>,0.9000000000000000222,both,<NA>
yf-preventive-default_nocovid,"YF:YF,routine,with:default_nocovid",YF,total,routine,BEN,Benin,2098,0,0,<NA>,<NA>,0.9000000000000000222,both,<NA>
yf-preventive-default_nocovid,"YF:YF,routine,with:default_nocovid",YF,total,routine,BEN,Benin,2099,0,0,<NA>,<NA>,0.9000000000000000222,both,<NA>
yf-preventive-default_nocovid,"YF:YF,routine,with:default_nocovid",YF,total,routine,BEN,Benin,2100,0,0,<NA>,<NA>,0.9000000000000000222,both,<NA>
yf-preventive-default_nocovid,"YF:YF,routine,with:default_nocovid",YF,total,routine,BFA,Burkina Faso,1980,0,0,use default routine age for this projection,<NA>,0,both,<NA>
yf-preventive-default_nocovid,"YF:YF,routine,with:default_nocovid",YF,total,routine,BFA,Burkina Faso,1981,0,0,use default routine age for this projection,<NA>,0,both,<NA>
yf-preventive-default_nocovid,"YF:YF,routine,with:default_nocovid",YF,total,routine,BFA,Burkina Faso,1982,0,0,use default routine age for this projection,<NA>,0,both,<NA>
yf-preventive-default_nocovid,"YF:YF,routine,with:default_nocovid",YF,total,routine,BFA,Burkina Faso,1983,0,0,use default routine age for this projection,<NA>,0,both,<NA>
yf-preventive-default_nocovid,"YF:YF,routine,with:default_nocovid",YF,total,routine,BFA,Burkina Faso,1984,0,0,use default routine age for this projection,<NA>,0,both,<NA>
yf-preventive-default_nocovid,"YF:YF,routine,with:default_nocovid",YF,total,routine,BFA,Burkina Faso,1985,0,0,use default routine age for this projection,<NA>,0,both,<NA>
yf-preventive-default_nocovid,"YF:YF,routine,with:default_nocovid",YF,total,routine,BFA,Burkina Faso,1986,0,0,use default routine age for this projection,<NA>,0,both,<NA>
yf-preventive-default_nocovid,"YF:YF,routine,with:default_nocovid",YF,total,routine,BFA,Burkina Faso,1987,0,0,use default routine age for this projection,<NA>,0,both,<NA>
yf-preventive-default_nocovid,"YF:YF,routine,with:default_nocovid",YF,total,routine,BFA,Burkina Faso,1988,0,0,use default routine age for this projection,<NA>,0,both,<NA>
yf-preventive-default_nocovid,"YF:YF,routine,with:default_nocovid",YF,total,routine,BFA,Burkina Faso,1989,0,0,use default routine age for this projection,<NA>,0,both,<NA>
yf-preventive-default_nocovid,"YF:YF,routine,with:default_nocovid",YF,total,routine,BFA,Burkina Faso,1990,0,0,use default routine age for this projection,<NA>,0,both,<NA>
yf-preventive-default_nocovid,"YF:YF,routine,with:default_nocovid",YF,total,routine,BFA,Burkina Faso,1991,0,0,use default routine age for this projection,<NA>,0,both,<NA>
yf-preventive-default_nocovid,"YF:YF,routine,with:default_nocovid",YF,total,routine,BFA,Burkina Faso,1992,0,0,use default routine age for this projection,<NA>,0,both,<NA>
yf-preventive-default_nocovid,"YF:YF,routine,with:default_nocovid",YF,total,routine,BFA,Burkina Faso,1993,0,0,use default routine age for this projection,<NA>,0,both,<NA>
yf-preventive-default_nocovid,"YF:YF,routine,with:default_nocovid",YF,total,routine,BFA,Burkina Faso,1994,0,0,use default routine age for this projection,<NA>,0,both,<NA>
yf-preventive-default_nocovid,"YF:YF,routine,with:default_nocovid",YF,total,routine,BFA,Burkina Faso,1995,0,0,use default routine age for this projection,<NA>,0,both,<NA>
yf-preventive-default_nocovid,"YF:YF,routine,with:default_nocovid",YF,total,routine,BFA,Burkina Faso,1996,0,0,use default routine age for this projection,<NA>,0,both,<NA>
yf-preventive-default_nocovid,"YF:YF,routine,with:default_nocovid",YF,total,routine,BFA,Burkina Faso,1997,0,0,use default routine age for this projection,<NA>,0,both,<NA>
yf-preventive-default_nocovid,"YF:YF,routine,with:default_nocovid",YF,total,routine,BFA,Burkina Faso,1998,0,0,use default routine age for this projection,<NA>,0,both,<NA>
yf-preventive-default_nocovid,"YF:YF,routine,with:default_nocovid",YF,total,routine,BFA,Burkina Faso,1999,0,0,default routine age,<NA>,0.17000000000000001221,both,<NA>
yf-preventive-default_nocovid,"YF:YF,routine,with:default_nocovid",YF,total,routine,BFA,Burkina Faso,2000,0,0,default routine age,<NA>,0.4000000000000000222,both,<NA>
yf-preventive-default_nocovid,"YF:YF,routine,with:default_nocovid",YF,total,routine,BFA,Burkina Faso,2001,0,0,default routine age,<NA>,0.35999999999999998668,both,<NA>
yf-preventive-default_nocovid,"YF:YF,routine,with:default_nocovid",YF,total,routine,BFA,Burkina Faso,2002,0,0,default routine age,<NA>,0.4500000000000000111,both,<NA>
yf-preventive-default_nocovid,"YF:YF,routine,with:default_nocovid",YF,total,routine,BFA,Burkina Faso,2003,0,0,default routine age,<NA>,0.5999999999999999778,both,<NA>
yf-preventive-default_nocovid,"YF:YF,routine,with:default_nocovid",YF,total,routine,BFA,Burkina Faso,2004,0,0,default routine age,<NA>,0.70999999999999996447,both,<NA>
yf-preventive-default_nocovid,"YF:YF,routine,with:default_nocovid",YF,total,routine,BFA,Burkina Faso,2005,0,0,default routine age,<NA>,0.83999999999999996891,both,<NA>
yf-preventive-default_nocovid,"YF:YF,routine,with:default_nocovid",YF,total,routine,BFA,Burkina Faso,2006,0,0,default routine age,<NA>,0.88000000000000000444,both,<NA>
yf-preventive-default_nocovid,"YF:YF,routine,with:default_nocovid",YF,total,routine,BFA,Burkina Faso,2007,0,0,default routine age,<NA>,0.89000000000000001332,both,<NA>
yf-preventive-default_nocovid,"YF:YF,routine,with:default_nocovid",YF,total,routine,BFA,Burkina Faso,2008,0,0,default routine age,<NA>,0.91000000000000003109,both,<NA>
yf-preventive-default_nocovid,"YF:YF,routine,with:default_nocovid",YF,total,routine,BFA,Burkina Faso,2009,0,0,default routine age,<NA>,0.93000000000000004885,both,<NA>
yf-preventive-default_nocovid,"YF:YF,routine,with:default_nocovid",YF,total,routine,BFA,Burkina Faso,2010,0,0,default routine age,<NA>,0.81999999999999995115,both,<NA>
yf-preventive-default_nocovid,"YF:YF,routine,with:default_nocovid",YF,total,routine,BFA,Burkina Faso,2011,0,0,default routine age,<NA>,0.81999999999999995115,both,<NA>
yf-preventive-default_nocovid,"YF:YF,routine,with:default_nocovid",YF,total,routine,BFA,Burkina Faso,2012,0,0,default routine age,<NA>,0.86999999999999999556,both,<NA>
yf-preventive-default_nocovid,"YF:YF,routine,with:default_nocovid",YF,total,routine,BFA,Burkina Faso,2013,0,0,default routine age,<NA>,0.88000000000000000444,both,<NA>
yf-preventive-default_nocovid,"YF:YF,routine,with:default_nocovid",YF,total,routine,BFA,Burkina Faso,2014,0,0,default routine age,<NA>,0.88000000000000000444,both,<NA>
yf-preventive-default_nocovid,"YF:YF,routine,with:default_nocovid",YF,total,routine,BFA,Burkina Faso,2015,0,0,default routine age,<NA>,0.88000000000000000444,both,<NA>
yf-preventive-default_nocovid,"YF:YF,routine,with:default_nocovid",YF,total,routine,BFA,Burkina Faso,2016,0,0,default routine age,<NA>,0.48999999999999999112,both,<NA>
yf-preventive-default_nocovid,"YF:YF,routine,with:default_nocovid",YF,total,routine,BFA,Burkina Faso,2017,0,0,default routine age,<NA>,0.46999999999999997335,both,<NA>
yf-preventive-default_nocovid,"YF:YF,routine,with:default_nocovid",YF,total,routine,BFA,Burkina Faso,2018,0,0,default routine age,<NA>,0.8499999999999999778,both,<NA>
yf-preventive-default_nocovid,"YF:YF,routine,with:default_nocovid",YF,total,routine,BFA,Burkina Faso,2019,0,0,default routine age,<NA>,0.8499999999999999778,both,<NA>
yf-preventive-default_nocovid,"YF:YF,routine,with:default_nocovid",YF,total,routine,BFA,Burkina Faso,2020,0,0,default routine age,<NA>,0.8499999999999999778,both,<NA>
yf-preventive-default_nocovid,"YF:YF,routine,with:default_nocovid",YF,total,routine,BFA,Burkina Faso,2021,0,0,default routine age,<NA>,0.85147466934140680905,both,<NA>
yf-preventive-default_nocovid,"YF:YF,routine,with:default_nocovid",YF,total,routine,BFA,Burkina Faso,2022,0,0,<NA>,<NA>,0.85293484101837035993,both,<NA>
yf-preventive-default_nocovid,"YF:YF,routine,with:default_nocovid",YF,total,routine,BFA,Burkina Faso,2023,0,0,<NA>,<NA>,0.85438065755929915035,both,<NA>
yf-preventive-default_nocovid,"YF:YF,routine,with:default_nocovid",YF,total,routine,BFA,Burkina Faso,2024,0,0,<NA>,<NA>,0.8558122600913865563,both,<NA>
yf-preventive-default_nocovid,"YF:YF,routine,with:default_nocovid",YF,total,routine,BFA,Burkina Faso,2025,0,0,<NA>,<NA>,0.85722978835438623513,both,<NA>
yf-preventive-default_nocovid,"YF:YF,routine,with:default_nocovid",YF,total,routine,BFA,Burkina Faso,2026,0,0,<NA>,<NA>,0.85863338071425254761,both,<NA>
yf-preventive-default_nocovid,"YF:YF,routine,with:default_nocovid",YF,total,routine,BFA,Burkina Faso,2027,0,0,<NA>,<NA>,0.86002317417664597698,both,<NA>
yf-preventive-default_nocovid,"YF:YF,routine,with:default_nocovid",YF,total,routine,BFA,Burkina Faso,2028,0,0,<NA>,<NA>,0.86139930440030687553,both,<NA>
yf-preventive-default_nocovid,"YF:YF,routine,with:default_nocovid",YF,total,routine,BFA,Burkina Faso,2029,0,0,<NA>,<NA>,0.86276190571029698351,both,<NA>
yf-preventive-default_nocovid,"YF:YF,routine,with:default_nocovid",YF,total,routine,BFA,Burkina Faso,2030,0,0,<NA>,<NA>,0.8641111111111110521,both,<NA>
yf-preventive-default_nocovid,"YF:YF,routine,with:default_nocovid",YF,total,routine,BFA,Burkina Faso,2031,0,0,<NA>,<NA>,0.87411111111111106098,both,<NA>
yf-preventive-default_nocovid,"YF:YF,routine,with:default_nocovid",YF,total,routine,BFA,Burkina Faso,2032,0,0,<NA>,<NA>,0.88411111111111106986,both,<NA>
yf-preventive-default_nocovid,"YF:YF,routine,with:default_nocovid",YF,total,routine,BFA,Burkina Faso,2033,0,0,<NA>,<NA>,0.89411111111111107874,both,<NA>
yf-preventive-default_nocovid,"YF:YF,routine,with:default_nocovid",YF,total,routine,BFA,Burkina Faso,2034,0,0,<NA>,<NA>,0.90411111111111108762,both,<NA>
yf-preventive-default_nocovid,"YF:YF,routine,with:default_nocovid",YF,total,routine,BFA,Burkina Faso,2035,0,0,<NA>,<NA>,0.91411111111111109651,both,<NA>
yf-preventive-default_nocovid,"YF:YF,routine,with:default_nocovid",YF,total,routine,BFA,Burkina Faso,2036,0,0,<NA>,<NA>,0.92411111111111110539,both,<NA>
yf-preventive-default_nocovid,"YF:YF,routine,with:default_nocovid",YF,total,routine,BFA,Burkina Faso,2037,0,0,<NA>,<NA>,0.93000000000000004885,both,<NA>
yf-preventive-default_nocovid,"YF:YF,routine,with:default_nocovid",YF,total,routine,BFA,Burkina Faso,2038,0,0,<NA>,<NA>,0.93000000000000004885,both,<NA>
yf-preventive-default_nocovid,"YF:YF,routine,with:default_nocovid",YF,total,routine,BFA,Burkina Faso,2039,0,0,<NA>,<NA>,0.93000000000000004885,both,<NA>
yf-preventive-default_nocovid,"YF:YF,routine,with:default_nocovid",YF,total,routine,BFA,Burkina Faso,2040,0,0,<NA>,<NA>,0.93000000000000004885,both,<NA>
yf-preventive-default_nocovid,"YF:YF,routine,with:default_nocovid",YF,total,routine,BFA,Burkina Faso,2041,0,0,<NA>,<NA>,0.93000000000000004885,both,<NA>
yf-preventive-default_nocovid,"YF:YF,routine,with:default_nocovid",YF,total,routine,BFA,Burkina Faso,2042,0,0,<NA>,<NA>,0.93000000000000004885,both,<NA>
yf-preventive-default_nocovid,"YF:YF,routine,with:default_nocovid",YF,total,routine,BFA,Burkina Faso,2043,0,0,<NA>,<NA>,0.93000000000000004885,both,<NA>
yf-preventive-default_nocovid,"YF:YF,routine,with:default_nocovid",YF,total,routine,BFA,Burkina Faso,2044,0,0,<NA>,<NA>,0.93000000000000004885,both,<NA>
yf-preventive-default_nocovid,"YF:YF,routine,with:default_nocovid",YF,total,routine,BFA,Burkina Faso,2045,0,0,<NA>,<NA>,0.93000000000000004885,both,<NA>
yf-preventive-default_nocovid,"YF:YF,routine,with:default_nocovid",YF,total,routine,BFA,Burkina Faso,2046,0,0,<NA>,<NA>,0.93000000000000004885,both,<NA>
yf-preventive-default_nocovid,"YF:YF,routine,with:default_nocovid",YF,total,routine,BFA,Burkina Faso,2047,0,0,<NA>,<NA>,0.93000000000000004885,both,<NA>
yf-preventive-default_nocovid,"YF:YF,routine,with:default_nocovid",YF,total,routine,BFA,Burkina Faso,2048,0,0,<NA>,<NA>,0.93000000000000004885,both,<NA>
yf-preventive-default_nocovid,"YF:YF,routine,with:default_nocovid",YF,total,routine,BFA,Burkina Faso,2049,0,0,<NA>,<NA>,0.93000000000000004885,both,<NA>
yf-preventive-default_nocovid,"YF:YF,routine,with:default_nocovid",YF,total,routine,BFA,Burkina Faso,2050,0,0,<NA>,<NA>,0.93000000000000004885,both,<NA>
yf-preventive-default_nocovid,"YF:YF,routine,with:default_nocovid",YF,total,routine,BFA,Burkina Faso,2051,0,0,<NA>,<NA>,0.93000000000000004885,both,<NA>
yf-preventive-default_nocovid,"YF:YF,routine,with:default_nocovid",YF,total,routine,BFA,Burkina Faso,2052,0,0,<NA>,<NA>,0.93000000000000004885,both,<NA>
yf-preventive-default_nocovid,"YF:YF,routine,with:default_nocovid",YF,total,routine,BFA,Burkina Faso,2053,0,0,<NA>,<NA>,0.93000000000000004885,both,<NA>
yf-preventive-default_nocovid,"YF:YF,routine,with:default_nocovid",YF,total,routine,BFA,Burkina Faso,2054,0,0,<NA>,<NA>,0.93000000000000004885,both,<NA>
yf-preventive-default_nocovid,"YF:YF,routine,with:default_nocovid",YF,total,routine,BFA,Burkina Faso,2055,0,0,<NA>,<NA>,0.93000000000000004885,both,<NA>
yf-preventive-default_nocovid,"YF:YF,routine,with:default_nocovid",YF,total,routine,BFA,Burkina Faso,2056,0,0,<NA>,<NA>,0.93000000000000004885,both,<NA>
yf-preventive-default_nocovid,"YF:YF,routine,with:default_nocovid",YF,total,routine,BFA,Burkina Faso,2057,0,0,<NA>,<NA>,0.93000000000000004885,both,<NA>
yf-preventive-default_nocovid,"YF:YF,routine,with:default_nocovid",YF,total,routine,BFA,Burkina Faso,2058,0,0,<NA>,<NA>,0.93000000000000004885,both,<NA>
yf-preventive-default_nocovid,"YF:YF,routine,with:default_nocovid",YF,total,routine,BFA,Burkina Faso,2059,0,0,<NA>,<NA>,0.93000000000000004885,both,<NA>
yf-preventive-default_nocovid,"YF:YF,routine,with:default_nocovid",YF,total,routine,BFA,Burkina Faso,2060,0,0,<NA>,<NA>,0.93000000000000004885,both,<NA>
yf-preventive-default_nocovid,"YF:YF,routine,with:default_nocovid",YF,total,routine,BFA,Burkina Faso,2061,0,0,<NA>,<NA>,0.93000000000000004885,both,<NA>
yf-preventive-default_nocovid,"YF:YF,routine,with:default_nocovid",YF,total,routine,BFA,Burkina Faso,2062,0,0,<NA>,<NA>,0.93000000000000004885,both,<NA>
yf-preventive-default_nocovid,"YF:YF,routine,with:default_nocovid",YF,total,routine,BFA,Burkina Faso,2063,0,0,<NA>,<NA>,0.93000000000000004885,both,<NA>
yf-preventive-default_nocovid,"YF:YF,routine,with:default_nocovid",YF,total,routine,BFA,Burkina Faso,2064,0,0,<NA>,<NA>,0.93000000000000004885,both,<NA>
yf-preventive-default_nocovid,"YF:YF,routine,with:default_nocovid",YF,total,routine,BFA,Burkina Faso,2065,0,0,<NA>,<NA>,0.93000000000000004885,both,<NA>
yf-preventive-default_nocovid,"YF:YF,routine,with:default_nocovid",YF,total,routine,BFA,Burkina Faso,2066,0,0,<NA>,<NA>,0.93000000000000004885,both,<NA>
yf-preventive-default_nocovid,"YF:YF,routine,with:default_nocovid",YF,total,routine,BFA,Burkina Faso,2067,0,0,<NA>,<NA>,0.93000000000000004885,both,<NA>
yf-preventive-default_nocovid,"YF:YF,routine,with:default_nocovid",YF,total,routine,BFA,Burkina Faso,2068,0,0,<NA>,<NA>,0.93000000000000004885,both,<NA>
yf-preventive-default_nocovid,"YF:YF,routine,with:default_nocovid",YF,total,routine,BFA,Burkina Faso,2069,0,0,<NA>,<NA>,0.93000000000000004885,both,<NA>
yf-preventive-default_nocovid,"YF:YF,routine,with:default_nocovid",YF,total,routine,BFA,Burkina Faso,2070,0,0,<NA>,<NA>,0.93000000000000004885,both,<NA>
yf-preventive-default_nocovid,"YF:YF,routine,with:default_nocovid",YF,total,routine,BFA,Burkina Faso,2071,0,0,<NA>,<NA>,0.93000000000000004885,both,<NA>
yf-preventive-default_nocovid,"YF:YF,routine,with:default_nocovid",YF,total,routine,BFA,Burkina Faso,2072,0,0,<NA>,<NA>,0.93000000000000004885,both,<NA>
yf-preventive-default_nocovid,"YF:YF,routine,with:default_nocovid",YF,total,routine,BFA,Burkina Faso,2073,0,0,<NA>,<NA>,0.93000000000000004885,both,<NA>
yf-preventive-default_nocovid,"YF:YF,routine,with:default_nocovid",YF,total,routine,BFA,Burkina Faso,2074,0,0,<NA>,<NA>,0.93000000000000004885,both,<NA>
yf-preventive-default_nocovid,"YF:YF,routine,with:default_nocovid",YF,total,routine,BFA,Burkina Faso,2075,0,0,<NA>,<NA>,0.93000000000000004885,both,<NA>
yf-preventive-default_nocovid,"YF:YF,routine,with:default_nocovid",YF,total,routine,BFA,Burkina Faso,2076,0,0,<NA>,<NA>,0.93000000000000004885,both,<NA>
yf-preventive-default_nocovid,"YF:YF,routine,with:default_nocovid",YF,total,routine,BFA,Burkina Faso,2077,0,0,<NA>,<NA>,0.93000000000000004885,both,<NA>
yf-preventive-default_nocovid,"YF:YF,routine,with:default_nocovid",YF,total,routine,BFA,Burkina Faso,2078,0,0,<NA>,<NA>,0.93000000000000004885,both,<NA>
yf-preventive-default_nocovid,"YF:YF,routine,with:default_nocovid",YF,total,routine,BFA,Burkina Faso,2079,0,0,<NA>,<NA>,0.93000000000000004885,both,<NA>
yf-preventive-default_nocovid,"YF:YF,routine,with:default_nocovid",YF,total,routine,BFA,Burkina Faso,2080,0,0,<NA>,<NA>,0.93000000000000004885,both,<NA>
yf-preventive-default_nocovid,"YF:YF,routine,with:default_nocovid",YF,total,routine,BFA,Burkina Faso,2081,0,0,<NA>,<NA>,0.93000000000000004885,both,<NA>
yf-preventive-default_nocovid,"YF:YF,routine,with:default_nocovid",YF,total,routine,BFA,Burkina Faso,2082,0,0,<NA>,<NA>,0.93000000000000004885,both,<NA>
yf-preventive-default_nocovid,"YF:YF,routine,with:default_nocovid",YF,total,routine,BFA,Burkina Faso,2083,0,0,<NA>,<NA>,0.93000000000000004885,both,<NA>
yf-preventive-default_nocovid,"YF:YF,routine,with:default_nocovid",YF,total,routine,BFA,Burkina Faso,2084,0,0,<NA>,<NA>,0.93000000000000004885,both,<NA>
yf-preventive-default_nocovid,"YF:YF,routine,with:default_nocovid",YF,total,routine,BFA,Burkina Faso,2085,0,0,<NA>,<NA>,0.93000000000000004885,both,<NA>
yf-preventive-default_nocovid,"YF:YF,routine,with:default_nocovid",YF,total,routine,BFA,Burkina Faso,2086,0,0,<NA>,<NA>,0.93000000000000004885,both,<NA>
yf-preventive-default_nocovid,"YF:YF,routine,with:default_nocovid",YF,total,routine,BFA,Burkina Faso,2087,0,0,<NA>,<NA>,0.93000000000000004885,both,<NA>
yf-preventive-default_nocovid,"YF:YF,routine,with:default_nocovid",YF,total,routine,BFA,Burkina Faso,2088,0,0,<NA>,<NA>,0.93000000000000004885,both,<NA>
yf-preventive-default_nocovid,"YF:YF,routine,with:default_nocovid",YF,total,routine,BFA,Burkina Faso,2089,0,0,<NA>,<NA>,0.93000000000000004885,both,<NA>
yf-preventive-default_nocovid,"YF:YF,routine,with:default_nocovid",YF,total,routine,BFA,Burkina Faso,2090,0,0,<NA>,<NA>,0.93000000000000004885,both,<NA>
yf-preventive-default_nocovid,"YF:YF,routine,with:default_nocovid",YF,total,routine,BFA,Burkina Faso,2091,0,0,<NA>,<NA>,0.93000000000000004885,both,<NA>
yf-preventive-default_nocovid,"YF:YF,routine,with:default_nocovid",YF,total,routine,BFA,Burkina Faso,2092,0,0,<NA>,<NA>,0.93000000000000004885,both,<NA>
yf-preventive-default_nocovid,"YF:YF,routine,with:default_nocovid",YF,total,routine,BFA,Burkina Faso,2093,0,0,<NA>,<NA>,0.93000000000000004885,both,<NA>
yf-preventive-default_nocovid,"YF:YF,routine,with:default_nocovid",YF,total,routine,BFA,Burkina Faso,2094,0,0,<NA>,<NA>,0.93000000000000004885,both,<NA>
yf-preventive-default_nocovid,"YF:YF,routine,with:default_nocovid",YF,total,routine,BFA,Burkina Faso,2095,0,0,<NA>,<NA>,0.93000000000000004885,both,<NA>
yf-preventive-default_nocovid,"YF:YF,routine,with:default_nocovid",YF,total,routine,BFA,Burkina Faso,2096,0,0,<NA>,<NA>,0.93000000000000004885,both,<NA>
yf-preventive-default_nocovid,"YF:YF,routine,with:default_nocovid",YF,total,routine,BFA,Burkina Faso,2097,0,0,<NA>,<NA>,0.93000000000000004885,both,<NA>
yf-preventive-default_nocovid,"YF:YF,routine,with:default_nocovid",YF,total,routine,BFA,Burkina Faso,2098,0,0,<NA>,<NA>,0.93000000000000004885,both,<NA>
yf-preventive-default_nocovid,"YF:YF,routine,with:default_nocovid",YF,total,routine,BFA,Burkina Faso,2099,0,0,<NA>,<NA>,0.93000000000000004885,both,<NA>
yf-preventive-default_nocovid,"YF:YF,routine,with:default_nocovid",YF,total,routine,BFA,Burkina Faso,2100,0,0,<NA>,<NA>,0.93000000000000004885,both,<NA>
yf-preventive-default_nocovid,"YF:YF,routine,with:default_nocovid",YF,total,routine,CAF,Central African Republic,1980,0,0,use default routine age for this projection,<NA>,0,both,<NA>
yf-preventive-default_nocovid,"YF:YF,routine,with:default_nocovid",YF,total,routine,CAF,Central African Republic,1981,0,0,use default routine age for this projection,<NA>,0,both,<NA>
yf-preventive-default_nocovid,"YF:YF,routine,with:default_nocovid",YF,total,routine,CAF,Central African Republic,1982,0,0,use default routine age for this projection,<NA>,0,both,<NA>
yf-preventive-default_nocovid,"YF:YF,routine,with:default_nocovid",YF,total,routine,CAF,Central African Republic,1983,0,0,use default routine age for this projection,<NA>,0,both,<NA>
yf-preventive-default_nocovid,"YF:YF,routine,with:default_nocovid",YF,total,routine,CAF,Central African Republic,1984,0,0,use default routine age for this projection,<NA>,0,both,<NA>
yf-preventive-default_nocovid,"YF:YF,routine,with:default_nocovid",YF,total,routine,CAF,Central African Republic,1985,0,0,use default routine age for this projection,<NA>,0,both,<NA>
yf-preventive-default_nocovid,"YF:YF,routine,with:default_nocovid",YF,total,routine,CAF,Central African Republic,1986,0,0,use default routine age for this projection,<NA>,0,both,<NA>
yf-preventive-default_nocovid,"YF:YF,routine,with:default_nocovid",YF,total,routine,CAF,Central African Republic,1987,0,0,use default routine age for this projection,<NA>,0,both,<NA>
yf-preventive-default_nocovid,"YF:YF,routine,with:default_nocovid",YF,total,routine,CAF,Central African Republic,1988,0,0,use default routine age for this projection,<NA>,0,both,<NA>
yf-preventive-default_nocovid,"YF:YF,routine,with:default_nocovid",YF,total,routine,CAF,Central African Republic,1989,0,0,use default routine age for this projection,<NA>,0,both,<NA>
yf-preventive-default_nocovid,"YF:YF,routine,with:default_nocovid",YF,total,routine,CAF,Central African Republic,1990,0,0,use default routine age for this projection,<NA>,0,both,<NA>
yf-preventive-default_nocovid,"YF:YF,routine,with:default_nocovid",YF,total,routine,CAF,Central African Republic,1991,0,0,use default routine age for this projection,<NA>,0,both,<NA>
yf-preventive-default_nocovid,"YF:YF,routine,with:default_nocovid",YF,total,routine,CAF,Central African Republic,1992,0,0,use default routine age for this projection,<NA>,0,both,<NA>
yf-preventive-default_nocovid,"YF:YF,routine,with:default_nocovid",YF,total,routine,CAF,Central African Republic,1993,0,0,use default routine age for this projection,<NA>,0,both,<NA>
yf-preventive-default_nocovid,"YF:YF,routine,with:default_nocovid",YF,total,routine,CAF,Central African Republic,1994,0,0,use default routine age for this projection,<NA>,0,both,<NA>
yf-preventive-default_nocovid,"YF:YF,routine,with:default_nocovid",YF,total,routine,CAF,Central African Republic,1995,0,0,use default routine age for this projection,<NA>,0,both,<NA>
yf-preventive-default_nocovid,"YF:YF,routine,with:default_nocovid",YF,total,routine,CAF,Central African Republic,1996,0,0,use default routine age for this projection,<NA>,0,both,<NA>
yf-preventive-default_nocovid,"YF:YF,routine,with:default_nocovid",YF,total,routine,CAF,Central African Republic,1997,0,0,default routine age,<NA>,0.41999999999999998446,both,<NA>
yf-preventive-default_nocovid,"YF:YF,routine,with:default_nocovid",YF,total,routine,CAF,Central African Republic,1998,0,0,default routine age,<NA>,0.40999999999999997558,both,<NA>
yf-preventive-default_nocovid,"YF:YF,routine,with:default_nocovid",YF,total,routine,CAF,Central African Republic,1999,0,0,default routine age,<NA>,0.36999999999999999556,both,<NA>
yf-preventive-default_nocovid,"YF:YF,routine,with:default_nocovid",YF,total,routine,CAF,Central African Republic,2000,0,0,default routine age,<NA>,0.35999999999999998668,both,<NA>
yf-preventive-default_nocovid,"YF:YF,routine,with:default_nocovid",YF,total,routine,CAF,Central African Republic,2001,0,0,default routine age,<NA>,0.3499999999999999778,both,<NA>
yf-preventive-default_nocovid,"YF:YF,routine,with:default_nocovid",YF,total,routine,CAF,Central African Republic,2002,0,0,default routine age,<NA>,0.41999999999999998446,both,<NA>
yf-preventive-default_nocovid,"YF:YF,routine,with:default_nocovid",YF,total,routine,CAF,Central African Republic,2003,0,0,default routine age,<NA>,0.47999999999999998224,both,<NA>
yf-preventive-default_nocovid,"YF:YF,routine,with:default_nocovid",YF,total,routine,CAF,Central African Republic,2004,0,0,default routine age,<NA>,0.55000000000000004441,both,<NA>
yf-preventive-default_nocovid,"YF:YF,routine,with:default_nocovid",YF,total,routine,CAF,Central African Republic,2005,0,0,default routine age,<NA>,0.61999999999999999556,both,<NA>
yf-preventive-default_nocovid,"YF:YF,routine,with:default_nocovid",YF,total,routine,CAF,Central African Republic,2006,0,0,default routine age,<NA>,0.61999999999999999556,both,<NA>
yf-preventive-default_nocovid,"YF:YF,routine,with:default_nocovid",YF,total,routine,CAF,Central African Republic,2007,0,0,default routine age,<NA>,0.61999999999999999556,both,<NA>
yf-preventive-default_nocovid,"YF:YF,routine,with:default_nocovid",YF,total,routine,CAF,Central African Republic,2008,0,0,default routine age,<NA>,0.61999999999999999556,both,<NA>
yf-preventive-default_nocovid,"YF:YF,routine,with:default_nocovid",YF,total,routine,CAF,Central African Republic,2009,0,0,default routine age,<NA>,0.61999999999999999556,both,<NA>
yf-preventive-default_nocovid,"YF:YF,routine,with:default_nocovid",YF,total,routine,CAF,Central African Republic,2010,0,0,default routine age,<NA>,0.55000000000000004441,both,<NA>
yf-preventive-default_nocovid,"YF:YF,routine,with:default_nocovid",YF,total,routine,CAF,Central African Republic,2011,0,0,default routine age,<NA>,0.47999999999999998224,both,<NA>
yf-preventive-default_nocovid,"YF:YF,routine,with:default_nocovid",YF,total,routine,CAF,Central African Republic,2012,0,0,default routine age,<NA>,0.47999999999999998224,both,<NA>
yf-preventive-default_nocovid,"YF:YF,routine,with:default_nocovid",YF,total,routine,CAF,Central African Republic,2013,0,0,default routine age,<NA>,0.23999999999999999112,both,<NA>
yf-preventive-default_nocovid,"YF:YF,routine,with:default_nocovid",YF,total,routine,CAF,Central African Republic,2014,0,0,default routine age,<NA>,0.46999999999999997335,both,<NA>
yf-preventive-default_nocovid,"YF:YF,routine,with:default_nocovid",YF,total,routine,CAF,Central African Republic,2015,0,0,default routine age,<NA>,0.46999999999999997335,both,<NA>
yf-preventive-default_nocovid,"YF:YF,routine,with:default_nocovid",YF,total,routine,CAF,Central African Republic,2016,0,0,default routine age,<NA>,0.46000000000000001998,both,<NA>
yf-preventive-default_nocovid,"YF:YF,routine,with:default_nocovid",YF,total,routine,CAF,Central African Republic,2017,0,0,default routine age,<NA>,0.40999999999999997558,both,<NA>
yf-preventive-default_nocovid,"YF:YF,routine,with:default_nocovid",YF,total,routine,CAF,Central African Republic,2018,0,0,default routine age,<NA>,0.40999999999999997558,both,<NA>
yf-preventive-default_nocovid,"YF:YF,routine,with:default_nocovid",YF,total,routine,CAF,Central African Republic,2019,0,0,default routine age,<NA>,0.40999999999999997558,both,<NA>
yf-preventive-default_nocovid,"YF:YF,routine,with:default_nocovid",YF,total,routine,CAF,Central African Republic,2020,0,0,default routine age,<NA>,0.43954007443591147641,both,<NA>
yf-preventive-default_nocovid,"YF:YF,routine,with:default_nocovid",YF,total,routine,CAF,Central African Republic,2021,0,0,default routine age,<NA>,0.45951967365072476923,both,<NA>
yf-preventive-default_nocovid,"YF:YF,routine,with:default_nocovid",YF,total,routine,CAF,Central African Republic,2022,0,0,<NA>,<NA>,0.47459428337617970417,both,<NA>
yf-preventive-default_nocovid,"YF:YF,routine,with:default_nocovid",YF,total,routine,CAF,Central African Republic,2023,0,0,<NA>,<NA>,0.48924844512731202606,both,<NA>
yf-preventive-default_nocovid,"YF:YF,routine,with:default_nocovid",YF,total,routine,CAF,Central African Republic,2024,0,0,<NA>,<NA>,0.50349388567531727645,both,<NA>
yf-preventive-default_nocovid,"YF:YF,routine,with:default_nocovid",YF,total,routine,CAF,Central African Republic,2025,0,0,<NA>,<NA>,0.51734200471843294622,both,<NA>
yf-preventive-default_nocovid,"YF:YF,routine,with:default_nocovid",YF,total,routine,CAF,Central African Republic,2026,0,0,<NA>,<NA>,0.53080388400437428231,both,<NA>
yf-preventive-default_nocovid,"YF:YF,routine,with:default_nocovid",YF,total,routine,CAF,Central African Republic,2027,0,0,<NA>,<NA>,0.54389029619833562101,both,<NA>
yf-preventive-default_nocovid,"YF:YF,routine,with:default_nocovid",YF,total,routine,CAF,Central African Republic,2028,0,0,<NA>,<NA>,0.55661171350365235,both,<NA>
yf-preventive-default_nocovid,"YF:YF,routine,with:default_nocovid",YF,total,routine,CAF,Central African Republic,2029,0,0,<NA>,<NA>,0.5689783160420236463,both,<NA>
yf-preventive-default_nocovid,"YF:YF,routine,with:default_nocovid",YF,total,routine,CAF,Central African Republic,2030,0,0,<NA>,<NA>,0.58099999999999996092,both,<NA>
yf-preventive-default_nocovid,"YF:YF,routine,with:default_nocovid",YF,total,routine,CAF,Central African Republic,2031,0,0,<NA>,<NA>,0.5909999999999999698,both,<NA>
yf-preventive-default_nocovid,"YF:YF,routine,with:default_nocovid",YF,total,routine,CAF,Central African Republic,2032,0,0,<NA>,<NA>,0.60099999999999997868,both,<NA>
yf-preventive-default_nocovid,"YF:YF,routine,with:default_nocovid",YF,total,routine,CAF,Central African Republic,2033,0,0,<NA>,<NA>,0.61099999999999998757,both,<NA>
yf-preventive-default_nocovid,"YF:YF,routine,with:default_nocovid",YF,total,routine,CAF,Central African Republic,2034,0,0,<NA>,<NA>,0.62099999999999999645,both,<NA>
yf-preventive-default_nocovid,"YF:YF,routine,with:default_nocovid",YF,total,routine,CAF,Central African Republic,2035,0,0,<NA>,<NA>,0.63100000000000000533,both,<NA>
yf-preventive-default_nocovid,"YF:YF,routine,with:default_nocovid",YF,total,routine,CAF,Central African Republic,2036,0,0,<NA>,<NA>,0.64100000000000001421,both,<NA>
yf-preventive-default_nocovid,"YF:YF,routine,with:default_nocovid",YF,total,routine,CAF,Central African Republic,2037,0,0,<NA>,<NA>,0.65100000000000002309,both,<NA>
yf-preventive-default_nocovid,"YF:YF,routine,with:default_nocovid",YF,total,routine,CAF,Central African Republic,2038,0,0,<NA>,<NA>,0.66099999999999992095,both,<NA>
yf-preventive-default_nocovid,"YF:YF,routine,with:default_nocovid",YF,total,routine,CAF,Central African Republic,2039,0,0,<NA>,<NA>,0.67099999999999992983,both,<NA>
yf-preventive-default_nocovid,"YF:YF,routine,with:default_nocovid",YF,total,routine,CAF,Central African Republic,2040,0,0,<NA>,<NA>,0.68099999999999993872,both,<NA>
yf-preventive-default_nocovid,"YF:YF,routine,with:default_nocovid",YF,total,routine,CAF,Central African Republic,2041,0,0,<NA>,<NA>,0.6909999999999999476,both,<NA>
yf-preventive-default_nocovid,"YF:YF,routine,with:default_nocovid",YF,total,routine,CAF,Central African Republic,2042,0,0,<NA>,<NA>,0.70099999999999995648,both,<NA>
yf-preventive-default_nocovid,"YF:YF,routine,with:default_nocovid",YF,total,routine,CAF,Central African Republic,2043,0,0,<NA>,<NA>,0.71099999999999996536,both,<NA>
yf-preventive-default_nocovid,"YF:YF,routine,with:default_nocovid",YF,total,routine,CAF,Central African Republic,2044,0,0,<NA>,<NA>,0.72099999999999997424,both,<NA>
yf-preventive-default_nocovid,"YF:YF,routine,with:default_nocovid",YF,total,routine,CAF,Central African Republic,2045,0,0,<NA>,<NA>,0.73099999999999998312,both,<NA>
yf-preventive-default_nocovid,"YF:YF,routine,with:default_nocovid",YF,total,routine,CAF,Central African Republic,2046,0,0,<NA>,<NA>,0.74099999999999999201,both,<NA>
yf-preventive-default_nocovid,"YF:YF,routine,with:default_nocovid",YF,total,routine,CAF,Central African Republic,2047,0,0,<NA>,<NA>,0.75100000000000000089,both,<NA>
yf-preventive-default_nocovid,"YF:YF,routine,with:default_nocovid",YF,total,routine,CAF,Central African Republic,2048,0,0,<NA>,<NA>,0.76099999999999989875,both,<NA>
yf-preventive-default_nocovid,"YF:YF,routine,with:default_nocovid",YF,total,routine,CAF,Central African Republic,2049,0,0,<NA>,<NA>,0.77099999999999990763,both,<NA>
yf-preventive-default_nocovid,"YF:YF,routine,with:default_nocovid",YF,total,routine,CAF,Central African Republic,2050,0,0,<NA>,<NA>,0.78099999999999991651,both,<NA>
yf-preventive-default_nocovid,"YF:YF,routine,with:default_nocovid",YF,total,routine,CAF,Central African Republic,2051,0,0,<NA>,<NA>,0.79099999999999992539,both,<NA>
yf-preventive-default_nocovid,"YF:YF,routine,with:default_nocovid",YF,total,routine,CAF,Central African Republic,2052,0,0,<NA>,<NA>,0.80099999999999993427,both,<NA>
yf-preventive-default_nocovid,"YF:YF,routine,with:default_nocovid",YF,total,routine,CAF,Central African Republic,2053,0,0,<NA>,<NA>,0.81099999999999994316,both,<NA>
yf-preventive-default_nocovid,"YF:YF,routine,with:default_nocovid",YF,total,routine,CAF,Central African Republic,2054,0,0,<NA>,<NA>,0.82099999999999995204,both,<NA>
yf-preventive-default_nocovid,"YF:YF,routine,with:default_nocovid",YF,total,routine,CAF,Central African Republic,2055,0,0,<NA>,<NA>,0.83099999999999996092,both,<NA>
yf-preventive-default_nocovid,"YF:YF,routine,with:default_nocovid",YF,total,routine,CAF,Central African Republic,2056,0,0,<NA>,<NA>,0.8409999999999999698,both,<NA>
yf-preventive-default_nocovid,"YF:YF,routine,with:default_nocovid",YF,total,routine,CAF,Central African Republic,2057,0,0,<NA>,<NA>,0.85099999999999997868,both,<NA>
yf-preventive-default_nocovid,"YF:YF,routine,with:default_nocovid",YF,total,routine,CAF,Central African Republic,2058,0,0,<NA>,<NA>,0.86099999999999998757,both,<NA>
yf-preventive-default_nocovid,"YF:YF,routine,with:default_nocovid",YF,total,routine,CAF,Central African Republic,2059,0,0,<NA>,<NA>,0.87099999999999999645,both,<NA>
yf-preventive-default_nocovid,"YF:YF,routine,with:default_nocovid",YF,total,routine,CAF,Central African Republic,2060,0,0,<NA>,<NA>,0.88100000000000000533,both,<NA>
yf-preventive-default_nocovid,"YF:YF,routine,with:default_nocovid",YF,total,routine,CAF,Central African Republic,2061,0,0,<NA>,<NA>,0.89100000000000001421,both,<NA>
yf-preventive-default_nocovid,"YF:YF,routine,with:default_nocovid",YF,total,routine,CAF,Central African Republic,2062,0,0,<NA>,<NA>,0.9000000000000000222,both,<NA>
yf-preventive-default_nocovid,"YF:YF,routine,with:default_nocovid",YF,total,routine,CAF,Central African Republic,2063,0,0,<NA>,<NA>,0.9000000000000000222,both,<NA>
yf-preventive-default_nocovid,"YF:YF,routine,with:default_nocovid",YF,total,routine,CAF,Central African Republic,2064,0,0,<NA>,<NA>,0.9000000000000000222,both,<NA>
yf-preventive-default_nocovid,"YF:YF,routine,with:default_nocovid",YF,total,routine,CAF,Central African Republic,2065,0,0,<NA>,<NA>,0.9000000000000000222,both,<NA>
yf-preventive-default_nocovid,"YF:YF,routine,with:default_nocovid",YF,total,routine,CAF,Central African Republic,2066,0,0,<NA>,<NA>,0.9000000000000000222,both,<NA>
yf-preventive-default_nocovid,"YF:YF,routine,with:default_nocovid",YF,total,routine,CAF,Central African Republic,2067,0,0,<NA>,<NA>,0.9000000000000000222,both,<NA>
yf-preventive-default_nocovid,"YF:YF,routine,with:default_nocovid",YF,total,routine,CAF,Central African Republic,2068,0,0,<NA>,<NA>,0.9000000000000000222,both,<NA>
yf-preventive-default_nocovid,"YF:YF,routine,with:default_nocovid",YF,total,routine,CAF,Central African Republic,2069,0,0,<NA>,<NA>,0.9000000000000000222,both,<NA>
yf-preventive-default_nocovid,"YF:YF,routine,with:default_nocovid",YF,total,routine,CAF,Central African Republic,2070,0,0,<NA>,<NA>,0.9000000000000000222,both,<NA>
yf-preventive-default_nocovid,"YF:YF,routine,with:default_nocovid",YF,total,routine,CAF,Central African Republic,2071,0,0,<NA>,<NA>,0.9000000000000000222,both,<NA>
yf-preventive-default_nocovid,"YF:YF,routine,with:default_nocovid",YF,total,routine,CAF,Central African Republic,2072,0,0,<NA>,<NA>,0.9000000000000000222,both,<NA>
yf-preventive-default_nocovid,"YF:YF,routine,with:default_nocovid",YF,total,routine,CAF,Central African Republic,2073,0,0,<NA>,<NA>,0.9000000000000000222,both,<NA>
yf-preventive-default_nocovid,"YF:YF,routine,with:default_nocovid",YF,total,routine,CAF,Central African Republic,2074,0,0,<NA>,<NA>,0.9000000000000000222,both,<NA>
yf-preventive-default_nocovid,"YF:YF,routine,with:default_nocovid",YF,total,routine,CAF,Central African Republic,2075,0,0,<NA>,<NA>,0.9000000000000000222,both,<NA>
yf-preventive-default_nocovid,"YF:YF,routine,with:default_nocovid",YF,total,routine,CAF,Central African Republic,2076,0,0,<NA>,<NA>,0.9000000000000000222,both,<NA>
yf-preventive-default_nocovid,"YF:YF,routine,with:default_nocovid",YF,total,routine,CAF,Central African Republic,2077,0,0,<NA>,<NA>,0.9000000000000000222,both,<NA>
yf-preventive-default_nocovid,"YF:YF,routine,with:default_nocovid",YF,total,routine,CAF,Central African Republic,2078,0,0,<NA>,<NA>,0.9000000000000000222,both,<NA>
yf-preventive-default_nocovid,"YF:YF,routine,with:default_nocovid",YF,total,routine,CAF,Central African Republic,2079,0,0,<NA>,<NA>,0.9000000000000000222,both,<NA>
yf-preventive-default_nocovid,"YF:YF,routine,with:default_nocovid",YF,total,routine,CAF,Central African Republic,2080,0,0,<NA>,<NA>,0.9000000000000000222,both,<NA>
yf-preventive-default_nocovid,"YF:YF,routine,with:default_nocovid",YF,total,routine,CAF,Central African Republic,2081,0,0,<NA>,<NA>,0.9000000000000000222,both,<NA>
yf-preventive-default_nocovid,"YF:YF,routine,with:default_nocovid",YF,total,routine,CAF,Central African Republic,2082,0,0,<NA>,<NA>,0.9000000000000000222,both,<NA>
yf-preventive-default_nocovid,"YF:YF,routine,with:default_nocovid",YF,total,routine,CAF,Central African Republic,2083,0,0,<NA>,<NA>,0.9000000000000000222,both,<NA>
yf-preventive-default_nocovid,"YF:YF,routine,with:default_nocovid",YF,total,routine,CAF,Central African Republic,2084,0,0,<NA>,<NA>,0.9000000000000000222,both,<NA>
yf-preventive-default_nocovid,"YF:YF,routine,with:default_nocovid",YF,total,routine,CAF,Central African Republic,2085,0,0,<NA>,<NA>,0.9000000000000000222,both,<NA>
yf-preventive-default_nocovid,"YF:YF,routine,with:default_nocovid",YF,total,routine,CAF,Central African Republic,2086,0,0,<NA>,<NA>,0.9000000000000000222,both,<NA>
yf-preventive-default_nocovid,"YF:YF,routine,with:default_nocovid",YF,total,routine,CAF,Central African Republic,2087,0,0,<NA>,<NA>,0.9000000000000000222,both,<NA>
yf-preventive-default_nocovid,"YF:YF,routine,with:default_nocovid",YF,total,routine,CAF,Central African Republic,2088,0,0,<NA>,<NA>,0.9000000000000000222,both,<NA>
yf-preventive-default_nocovid,"YF:YF,routine,with:default_nocovid",YF,total,routine,CAF,Central African Republic,2089,0,0,<NA>,<NA>,0.9000000000000000222,both,<NA>
yf-preventive-default_nocovid,"YF:YF,routine,with:default_nocovid",YF,total,routine,CAF,Central African Republic,2090,0,0,<NA>,<NA>,0.9000000000000000222,both,<NA>
yf-preventive-default_nocovid,"YF:YF,routine,with:default_nocovid",YF,total,routine,CAF,Central African Republic,2091,0,0,<NA>,<NA>,0.9000000000000000222,both,<NA>
yf-preventive-default_nocovid,"YF:YF,routine,with:default_nocovid",YF,total,routine,CAF,Central African Republic,2092,0,0,<NA>,<NA>,0.9000000000000000222,both,<NA>
yf-preventive-default_nocovid,"YF:YF,routine,with:default_nocovid",YF,total,routine,CAF,Central African Republic,2093,0,0,<NA>,<NA>,0.9000000000000000222,both,<NA>
yf-preventive-default_nocovid,"YF:YF,routine,with:default_nocovid",YF,total,routine,CAF,Central African Republic,2094,0,0,<NA>,<NA>,0.9000000000000000222,both,<NA>
yf-preventive-default_nocovid,"YF:YF,routine,with:default_nocovid",YF,total,routine,CAF,Central African Republic,2095,0,0,<NA>,<NA>,0.9000000000000000222,both,<NA>
yf-preventive-default_nocovid,"YF:YF,routine,with:default_nocovid",YF,total,routine,CAF,Central African Republic,2096,0,0,<NA>,<NA>,0.9000000000000000222,both,<NA>
yf-preventive-default_nocovid,"YF:YF,routine,with:default_nocovid",YF,total,routine,CAF,Central African Republic,2097,0,0,<NA>,<NA>,0.9000000000000000222,both,<NA>
yf-preventive-default_nocovid,"YF:YF,routine,with:default_nocovid",YF,total,routine,CAF,Central African Republic,2098,0,0,<NA>,<NA>,0.9000000000000000222,both,<NA>
yf-preventive-default_nocovid,"YF:YF,routine,with:default_nocovid",YF,total,routine,CAF,Central African Republic,2099,0,0,<NA>,<NA>,0.9000000000000000222,both,<NA>
yf-preventive-default_nocovid,"YF:YF,routine,with:default_nocovid",YF,total,routine,CAF,Central African Republic,2100,0,0,<NA>,<NA>,0.9000000000000000222,both,<NA>
yf-preventive-default_nocovid,"YF:YF,routine,with:default_nocovid",YF,total,routine,CIV,Cote d'Ivoire,1980,0,0,use default routine age for this projection,<NA>,0,both,<NA>
yf-preventive-default_nocovid,"YF:YF,routine,with:default_nocovid",YF,total,routine,CIV,Cote d'Ivoire,1981,0,0,use default routine age for this projection,<NA>,0,both,<NA>
yf-preventive-default_nocovid,"YF:YF,routine,with:default_nocovid",YF,total,routine,CIV,Cote d'Ivoire,1982,0,0,use default routine age for this projection,<NA>,0,both,<NA>
yf-preventive-default_nocovid,"YF:YF,routine,with:default_nocovid",YF,total,routine,CIV,Cote d'Ivoire,1983,0,0,use default routine age for this projection,<NA>,0,both,<NA>
yf-preventive-default_nocovid,"YF:YF,routine,with:default_nocovid",YF,total,routine,CIV,Cote d'Ivoire,1984,0,0,use default routine age for this projection,<NA>,0,both,<NA>
yf-preventive-default_nocovid,"YF:YF,routine,with:default_nocovid",YF,total,routine,CIV,Cote d'Ivoire,1985,0,0,use default routine age for this projection,<NA>,0,both,<NA>
yf-preventive-default_nocovid,"YF:YF,routine,with:default_nocovid",YF,total,routine,CIV,Cote d'Ivoire,1986,0,0,use default routine age for this projection,<NA>,0,both,<NA>
yf-preventive-default_nocovid,"YF:YF,routine,with:default_nocovid",YF,total,routine,CIV,Cote d'Ivoire,1987,0,0,use default routine age for this projection,<NA>,0,both,<NA>
yf-preventive-default_nocovid,"YF:YF,routine,with:default_nocovid",YF,total,routine,CIV,Cote d'Ivoire,1988,0,0,use default routine age for this projection,<NA>,0,both,<NA>
yf-preventive-default_nocovid,"YF:YF,routine,with:default_nocovid",YF,total,routine,CIV,Cote d'Ivoire,1989,0,0,use default routine age for this projection,<NA>,0,both,<NA>
yf-preventive-default_nocovid,"YF:YF,routine,with:default_nocovid",YF,total,routine,CIV,Cote d'Ivoire,1990,0,0,use default routine age for this projection,<NA>,0,both,<NA>
yf-preventive-default_nocovid,"YF:YF,routine,with:default_nocovid",YF,total,routine,CIV,Cote d'Ivoire,1991,0,0,use default routine age for this projection,<NA>,0,both,<NA>
yf-preventive-default_nocovid,"YF:YF,routine,with:default_nocovid",YF,total,routine,CIV,Cote d'Ivoire,1992,0,0,use default routine age for this projection,<NA>,0,both,<NA>
yf-preventive-default_nocovid,"YF:YF,routine,with:default_nocovid",YF,total,routine,CIV,Cote d'Ivoire,1993,0,0,use default routine age for this projection,<NA>,0,both,<NA>
yf-preventive-default_nocovid,"YF:YF,routine,with:default_nocovid",YF,total,routine,CIV,Cote d'Ivoire,1994,0,0,use default routine age for this projection,<NA>,0,both,<NA>
yf-preventive-default_nocovid,"YF:YF,routine,with:default_nocovid",YF,total,routine,CIV,Cote d'Ivoire,1995,0,0,use default routine age for this projection,<NA>,0,both,<NA>
yf-preventive-default_nocovid,"YF:YF,routine,with:default_nocovid",YF,total,routine,CIV,Cote d'Ivoire,1996,0,0,use default routine age for this projection,<NA>,0,both,<NA>
yf-preventive-default_nocovid,"YF:YF,routine,with:default_nocovid",YF,total,routine,CIV,Cote d'Ivoire,1997,0,0,default routine age,<NA>,0.58999999999999996891,both,<NA>
yf-preventive-default_nocovid,"YF:YF,routine,with:default_nocovid",YF,total,routine,CIV,Cote d'Ivoire,1998,0,0,default routine age,<NA>,0.56999999999999995115,both,<NA>
yf-preventive-default_nocovid,"YF:YF,routine,with:default_nocovid",YF,total,routine,CIV,Cote d'Ivoire,1999,0,0,default routine age,<NA>,0.47999999999999998224,both,<NA>
yf-preventive-default_nocovid,"YF:YF,routine,with:default_nocovid",YF,total,routine,CIV,Cote d'Ivoire,2000,0,0,default routine age,<NA>,0.5999999999999999778,both,<NA>
yf-preventive-default_nocovid,"YF:YF,routine,with:default_nocovid",YF,total,routine,CIV,Cote d'Ivoire,2001,0,0,default routine age,<NA>,0.67000000000000003997,both,<NA>
yf-preventive-default_nocovid,"YF:YF,routine,with:default_nocovid",YF,total,routine,CIV,Cote d'Ivoire,2002,0,0,default routine age,<NA>,0.67000000000000003997,both,<NA>
yf-preventive-default_nocovid,"YF:YF,routine,with:default_nocovid",YF,total,routine,CIV,Cote d'Ivoire,2003,0,0,default routine age,<NA>,0.6500000000000000222,both,<NA>
yf-preventive-default_nocovid,"YF:YF,routine,with:default_nocovid",YF,total,routine,CIV,Cote d'Ivoire,2004,0,0,default routine age,<NA>,0.72999999999999998224,both,<NA>
yf-preventive-default_nocovid,"YF:YF,routine,with:default_nocovid",YF,total,routine,CIV,Cote d'Ivoire,2005,0,0,default routine age,<NA>,0.82999999999999996003,both,<NA>
yf-preventive-default_nocovid,"YF:YF,routine,with:default_nocovid",YF,total,routine,CIV,Cote d'Ivoire,2006,0,0,default routine age,<NA>,0.67000000000000003997,both,<NA>
yf-preventive-default_nocovid,"YF:YF,routine,with:default_nocovid",YF,total,routine,CIV,Cote d'Ivoire,2007,0,0,default routine age,<NA>,0.68000000000000004885,both,<NA>
yf-preventive-default_nocovid,"YF:YF,routine,with:default_nocovid",YF,total,routine,CIV,Cote d'Ivoire,2008,0,0,default routine age,<NA>,0.5,both,<NA>
yf-preventive-default_nocovid,"YF:YF,routine,with:default_nocovid",YF,total,routine,CIV,Cote d'Ivoire,2009,0,0,default routine age,<NA>,0.23999999999999999112,both,<NA>
yf-preventive-default_nocovid,"YF:YF,routine,with:default_nocovid",YF,total,routine,CIV,Cote d'Ivoire,2010,0,0,default routine age,<NA>,0.64000000000000001332,both,<NA>
yf-preventive-default_nocovid,"YF:YF,routine,with:default_nocovid",YF,total,routine,CIV,Cote d'Ivoire,2011,0,0,default routine age,<NA>,0.48999999999999999112,both,<NA>
yf-preventive-default_nocovid,"YF:YF,routine,with:default_nocovid",YF,total,routine,CIV,Cote d'Ivoire,2012,0,0,default routine age,<NA>,0.72999999999999998224,both,<NA>
yf-preventive-default_nocovid,"YF:YF,routine,with:default_nocovid",YF,total,routine,CIV,Cote d'Ivoire,2013,0,0,default routine age,<NA>,0.60999999999999998668,both,<NA>
yf-preventive-default_nocovid,"YF:YF,routine,with:default_nocovid",YF,total,routine,CIV,Cote d'Ivoire,2014,0,0,default routine age,<NA>,0.52000000000000001776,both,<NA>
yf-preventive-default_nocovid,"YF:YF,routine,with:default_nocovid",YF,total,routine,CIV,Cote d'Ivoire,2015,0,0,default routine age,<NA>,0.54000000000000003553,both,<NA>
yf-preventive-default_nocovid,"YF:YF,routine,with:default_nocovid",YF,total,routine,CIV,Cote d'Ivoire,2016,0,0,default routine age,<NA>,0.61999999999999999556,both,<NA>
yf-preventive-default_nocovid,"YF:YF,routine,with:default_nocovid",YF,total,routine,CIV,Cote d'Ivoire,2017,0,0,default routine age,<NA>,0.68000000000000004885,both,<NA>
yf-preventive-default_nocovid,"YF:YF,routine,with:default_nocovid",YF,total,routine,CIV,Cote d'Ivoire,2018,0,0,default routine age,<NA>,0.72999999999999998224,both,<NA>
yf-preventive-default_nocovid,"YF:YF,routine,with:default_nocovid",YF,total,routine,CIV,Cote d'Ivoire,2019,0,0,default routine age,<NA>,0.69999999999999995559,both,<NA>
yf-preventive-default_nocovid,"YF:YF,routine,with:default_nocovid",YF,total,routine,CIV,Cote d'Ivoire,2020,0,0,default routine age,<NA>,0.68999999999999994671,both,<NA>
yf-preventive-default_nocovid,"YF:YF,routine,with:default_nocovid",YF,total,routine,CIV,Cote d'Ivoire,2021,0,0,default routine age,<NA>,0.71499999999999996891,both,<NA>
yf-preventive-default_nocovid,"YF:YF,routine,with:default_nocovid",YF,total,routine,CIV,Cote d'Ivoire,2022,0,0,<NA>,<NA>,0.72514443315185028727,both,<NA>
yf-preventive-default_nocovid,"YF:YF,routine,with:default_nocovid",YF,total,routine,CIV,Cote d'Ivoire,2023,0,0,<NA>,<NA>,0.73492778025467486724,both,<NA>
yf-preventive-default_nocovid,"YF:YF,routine,with:default_nocovid",YF,total,routine,CIV,Cote d'Ivoire,2024,0,0,<NA>,<NA>,0.74436289398667154771,both,<NA>
yf-preventive-default_nocovid,"YF:YF,routine,with:default_nocovid",YF,total,routine,CIV,Cote d'Ivoire,2025,0,0,<NA>,<NA>,0.75346216954135458721,both,<NA>
yf-preventive-default_nocovid,"YF:YF,routine,with:default_nocovid",YF,total,routine,CIV,Cote d'Ivoire,2026,0,0,<NA>,<NA>,0.76223756091149474923,both,<NA>
yf-preventive-default_nocovid,"YF:YF,routine,with:default_nocovid",YF,total,routine,CIV,Cote d'Ivoire,2027,0,0,<NA>,<NA>,0.77070059659343947978,both,<NA>
yf-preventive-default_nocovid,"YF:YF,routine,with:default_nocovid",YF,total,routine,CIV,Cote d'Ivoire,2028,0,0,<NA>,<NA>,0.77886239473244656129,both,<NA>
yf-preventive-default_nocovid,"YF:YF,routine,with:default_nocovid",YF,total,routine,CIV,Cote d'Ivoire,2029,0,0,<NA>,<NA>,0.78673367772892710548,both,<NA>
yf-preventive-default_nocovid,"YF:YF,routine,with:default_nocovid",YF,total,routine,CIV,Cote d'Ivoire,2030,0,0,<NA>,<NA>,0.79432478632478631386,both,<NA>
yf-preventive-default_nocovid,"YF:YF,routine,with:default_nocovid",YF,total,routine,CIV,Cote d'Ivoire,2031,0,0,<NA>,<NA>,0.80432478632478632274,both,<NA>
yf-preventive-default_nocovid,"YF:YF,routine,with:default_nocovid",YF,total,routine,CIV,Cote d'Ivoire,2032,0,0,<NA>,<NA>,0.81432478632478633163,both,<NA>
yf-preventive-default_nocovid,"YF:YF,routine,with:default_nocovid",YF,total,routine,CIV,Cote d'Ivoire,2033,0,0,<NA>,<NA>,0.82432478632478634051,both,<NA>
yf-preventive-default_nocovid,"YF:YF,routine,with:default_nocovid",YF,total,routine,CIV,Cote d'Ivoire,2034,0,0,<NA>,<NA>,0.83432478632478634939,both,<NA>
yf-preventive-default_nocovid,"YF:YF,routine,with:default_nocovid",YF,total,routine,CIV,Cote d'Ivoire,2035,0,0,<NA>,<NA>,0.84432478632478635827,both,<NA>
yf-preventive-default_nocovid,"YF:YF,routine,with:default_nocovid",YF,total,routine,CIV,Cote d'Ivoire,2036,0,0,<NA>,<NA>,0.85432478632478625613,both,<NA>
yf-preventive-default_nocovid,"YF:YF,routine,with:default_nocovid",YF,total,routine,CIV,Cote d'Ivoire,2037,0,0,<NA>,<NA>,0.86432478632478626501,both,<NA>
yf-preventive-default_nocovid,"YF:YF,routine,with:default_nocovid",YF,total,routine,CIV,Cote d'Ivoire,2038,0,0,<NA>,<NA>,0.87432478632478627389,both,<NA>
yf-preventive-default_nocovid,"YF:YF,routine,with:default_nocovid",YF,total,routine,CIV,Cote d'Ivoire,2039,0,0,<NA>,<NA>,0.88432478632478628278,both,<NA>
yf-preventive-default_nocovid,"YF:YF,routine,with:default_nocovid",YF,total,routine,CIV,Cote d'Ivoire,2040,0,0,<NA>,<NA>,0.89432478632478629166,both,<NA>
yf-preventive-default_nocovid,"YF:YF,routine,with:default_nocovid",YF,total,routine,CIV,Cote d'Ivoire,2041,0,0,<NA>,<NA>,0.9000000000000000222,both,<NA>
yf-preventive-default_nocovid,"YF:YF,routine,with:default_nocovid",YF,total,routine,CIV,Cote d'Ivoire,2042,0,0,<NA>,<NA>,0.9000000000000000222,both,<NA>
yf-preventive-default_nocovid,"YF:YF,routine,with:default_nocovid",YF,total,routine,CIV,Cote d'Ivoire,2043,0,0,<NA>,<NA>,0.9000000000000000222,both,<NA>
yf-preventive-default_nocovid,"YF:YF,routine,with:default_nocovid",YF,total,routine,CIV,Cote d'Ivoire,2044,0,0,<NA>,<NA>,0.9000000000000000222,both,<NA>
yf-preventive-default_nocovid,"YF:YF,routine,with:default_nocovid",YF,total,routine,CIV,Cote d'Ivoire,2045,0,0,<NA>,<NA>,0.9000000000000000222,both,<NA>
yf-preventive-default_nocovid,"YF:YF,routine,with:default_nocovid",YF,total,routine,CIV,Cote d'Ivoire,2046,0,0,<NA>,<NA>,0.9000000000000000222,both,<NA>
yf-preventive-default_nocovid,"YF:YF,routine,with:default_nocovid",YF,total,routine,CIV,Cote d'Ivoire,2047,0,0,<NA>,<NA>,0.9000000000000000222,both,<NA>
yf-preventive-default_nocovid,"YF:YF,routine,with:default_nocovid",YF,total,routine,CIV,Cote d'Ivoire,2048,0,0,<NA>,<NA>,0.9000000000000000222,both,<NA>
yf-preventive-default_nocovid,"YF:YF,routine,with:default_nocovid",YF,total,routine,CIV,Cote d'Ivoire,2049,0,0,<NA>,<NA>,0.9000000000000000222,both,<NA>
yf-preventive-default_nocovid,"YF:YF,routine,with:default_nocovid",YF,total,routine,CIV,Cote d'Ivoire,2050,0,0,<NA>,<NA>,0.9000000000000000222,both,<NA>
yf-preventive-default_nocovid,"YF:YF,routine,with:default_nocovid",YF,total,routine,CIV,Cote d'Ivoire,2051,0,0,<NA>,<NA>,0.9000000000000000222,both,<NA>
yf-preventive-default_nocovid,"YF:YF,routine,with:default_nocovid",YF,total,routine,CIV,Cote d'Ivoire,2052,0,0,<NA>,<NA>,0.9000000000000000222,both,<NA>
yf-preventive-default_nocovid,"YF:YF,routine,with:default_nocovid",YF,total,routine,CIV,Cote d'Ivoire,2053,0,0,<NA>,<NA>,0.9000000000000000222,both,<NA>
yf-preventive-default_nocovid,"YF:YF,routine,with:default_nocovid",YF,total,routine,CIV,Cote d'Ivoire,2054,0,0,<NA>,<NA>,0.9000000000000000222,both,<NA>
yf-preventive-default_nocovid,"YF:YF,routine,with:default_nocovid",YF,total,routine,CIV,Cote d'Ivoire,2055,0,0,<NA>,<NA>,0.9000000000000000222,both,<NA>
yf-preventive-default_nocovid,"YF:YF,routine,with:default_nocovid",YF,total,routine,CIV,Cote d'Ivoire,2056,0,0,<NA>,<NA>,0.9000000000000000222,both,<NA>
yf-preventive-default_nocovid,"YF:YF,routine,with:default_nocovid",YF,total,routine,CIV,Cote d'Ivoire,2057,0,0,<NA>,<NA>,0.9000000000000000222,both,<NA>
yf-preventive-default_nocovid,"YF:YF,routine,with:default_nocovid",YF,total,routine,CIV,Cote d'Ivoire,2058,0,0,<NA>,<NA>,0.9000000000000000222,both,<NA>
yf-preventive-default_nocovid,"YF:YF,routine,with:default_nocovid",YF,total,routine,CIV,Cote d'Ivoire,2059,0,0,<NA>,<NA>,0.9000000000000000222,both,<NA>
yf-preventive-default_nocovid,"YF:YF,routine,with:default_nocovid",YF,total,routine,CIV,Cote d'Ivoire,2060,0,0,<NA>,<NA>,0.9000000000000000222,both,<NA>
yf-preventive-default_nocovid,"YF:YF,routine,with:default_nocovid",YF,total,routine,CIV,Cote d'Ivoire,2061,0,0,<NA>,<NA>,0.9000000000000000222,both,<NA>
yf-preventive-default_nocovid,"YF:YF,routine,with:default_nocovid",YF,total,routine,CIV,Cote d'Ivoire,2062,0,0,<NA>,<NA>,0.9000000000000000222,both,<NA>
yf-preventive-default_nocovid,"YF:YF,routine,with:default_nocovid",YF,total,routine,CIV,Cote d'Ivoire,2063,0,0,<NA>,<NA>,0.9000000000000000222,both,<NA>
yf-preventive-default_nocovid,"YF:YF,routine,with:default_nocovid",YF,total,routine,CIV,Cote d'Ivoire,2064,0,0,<NA>,<NA>,0.9000000000000000222,both,<NA>
yf-preventive-default_nocovid,"YF:YF,routine,with:default_nocovid",YF,total,routine,CIV,Cote d'Ivoire,2065,0,0,<NA>,<NA>,0.9000000000000000222,both,<NA>
yf-preventive-default_nocovid,"YF:YF,routine,with:default_nocovid",YF,total,routine,CIV,Cote d'Ivoire,2066,0,0,<NA>,<NA>,0.9000000000000000222,both,<NA>
yf-preventive-default_nocovid,"YF:YF,routine,with:default_nocovid",YF,total,routine,CIV,Cote d'Ivoire,2067,0,0,<NA>,<NA>,0.9000000000000000222,both,<NA>
yf-preventive-default_nocovid,"YF:YF,routine,with:default_nocovid",YF,total,routine,CIV,Cote d'Ivoire,2068,0,0,<NA>,<NA>,0.9000000000000000222,both,<NA>
yf-preventive-default_nocovid,"YF:YF,routine,with:default_nocovid",YF,total,routine,CIV,Cote d'Ivoire,2069,0,0,<NA>,<NA>,0.9000000000000000222,both,<NA>
yf-preventive-default_nocovid,"YF:YF,routine,with:default_nocovid",YF,total,routine,CIV,Cote d'Ivoire,2070,0,0,<NA>,<NA>,0.9000000000000000222,both,<NA>
yf-preventive-default_nocovid,"YF:YF,routine,with:default_nocovid",YF,total,routine,CIV,Cote d'Ivoire,2071,0,0,<NA>,<NA>,0.9000000000000000222,both,<NA>
yf-preventive-default_nocovid,"YF:YF,routine,with:default_nocovid",YF,total,routine,CIV,Cote d'Ivoire,2072,0,0,<NA>,<NA>,0.9000000000000000222,both,<NA>
yf-preventive-default_nocovid,"YF:YF,routine,with:default_nocovid",YF,total,routine,CIV,Cote d'Ivoire,2073,0,0,<NA>,<NA>,0.9000000000000000222,both,<NA>
yf-preventive-default_nocovid,"YF:YF,routine,with:default_nocovid",YF,total,routine,CIV,Cote d'Ivoire,2074,0,0,<NA>,<NA>,0.9000000000000000222,both,<NA>
yf-preventive-default_nocovid,"YF:YF,routine,with:default_nocovid",YF,total,routine,CIV,Cote d'Ivoire,2075,0,0,<NA>,<NA>,0.9000000000000000222,both,<NA>
yf-preventive-default_nocovid,"YF:YF,routine,with:default_nocovid",YF,total,routine,CIV,Cote d'Ivoire,2076,0,0,<NA>,<NA>,0.9000000000000000222,both,<NA>
yf-preventive-default_nocovid,"YF:YF,routine,with:default_nocovid",YF,total,routine,CIV,Cote d'Ivoire,2077,0,0,<NA>,<NA>,0.9000000000000000222,both,<NA>
yf-preventive-default_nocovid,"YF:YF,routine,with:default_nocovid",YF,total,routine,CIV,Cote d'Ivoire,2078,0,0,<NA>,<NA>,0.9000000000000000222,both,<NA>
yf-preventive-default_nocovid,"YF:YF,routine,with:default_nocovid",YF,total,routine,CIV,Cote d'Ivoire,2079,0,0,<NA>,<NA>,0.9000000000000000222,both,<NA>
yf-preventive-default_nocovid,"YF:YF,routine,with:default_nocovid",YF,total,routine,CIV,Cote d'Ivoire,2080,0,0,<NA>,<NA>,0.9000000000000000222,both,<NA>
yf-preventive-default_nocovid,"YF:YF,routine,with:default_nocovid",YF,total,routine,CIV,Cote d'Ivoire,2081,0,0,<NA>,<NA>,0.9000000000000000222,both,<NA>
yf-preventive-default_nocovid,"YF:YF,routine,with:default_nocovid",YF,total,routine,CIV,Cote d'Ivoire,2082,0,0,<NA>,<NA>,0.9000000000000000222,both,<NA>
yf-preventive-default_nocovid,"YF:YF,routine,with:default_nocovid",YF,total,routine,CIV,Cote d'Ivoire,2083,0,0,<NA>,<NA>,0.9000000000000000222,both,<NA>
yf-preventive-default_nocovid,"YF:YF,routine,with:default_nocovid",YF,total,routine,CIV,Cote d'Ivoire,2084,0,0,<NA>,<NA>,0.9000000000000000222,both,<NA>
yf-preventive-default_nocovid,"YF:YF,routine,with:default_nocovid",YF,total,routine,CIV,Cote d'Ivoire,2085,0,0,<NA>,<NA>,0.9000000000000000222,both,<NA>
yf-preventive-default_nocovid,"YF:YF,routine,with:default_nocovid",YF,total,routine,CIV,Cote d'Ivoire,2086,0,0,<NA>,<NA>,0.9000000000000000222,both,<NA>
yf-preventive-default_nocovid,"YF:YF,routine,with:default_nocovid",YF,total,routine,CIV,Cote d'Ivoire,2087,0,0,<NA>,<NA>,0.9000000000000000222,both,<NA>
yf-preventive-default_nocovid,"YF:YF,routine,with:default_nocovid",YF,total,routine,CIV,Cote d'Ivoire,2088,0,0,<NA>,<NA>,0.9000000000000000222,both,<NA>
yf-preventive-default_nocovid,"YF:YF,routine,with:default_nocovid",YF,total,routine,CIV,Cote d'Ivoire,2089,0,0,<NA>,<NA>,0.9000000000000000222,both,<NA>
yf-preventive-default_nocovid,"YF:YF,routine,with:default_nocovid",YF,total,routine,CIV,Cote d'Ivoire,2090,0,0,<NA>,<NA>,0.9000000000000000222,both,<NA>
yf-preventive-default_nocovid,"YF:YF,routine,with:default_nocovid",YF,total,routine,CIV,Cote d'Ivoire,2091,0,0,<NA>,<NA>,0.9000000000000000222,both,<NA>
yf-preventive-default_nocovid,"YF:YF,routine,with:default_nocovid",YF,total,routine,CIV,Cote d'Ivoire,2092,0,0,<NA>,<NA>,0.9000000000000000222,both,<NA>
yf-preventive-default_nocovid,"YF:YF,routine,with:default_nocovid",YF,total,routine,CIV,Cote d'Ivoire,2093,0,0,<NA>,<NA>,0.9000000000000000222,both,<NA>
yf-preventive-default_nocovid,"YF:YF,routine,with:default_nocovid",YF,total,routine,CIV,Cote d'Ivoire,2094,0,0,<NA>,<NA>,0.9000000000000000222,both,<NA>
yf-preventive-default_nocovid,"YF:YF,routine,with:default_nocovid",YF,total,routine,CIV,Cote d'Ivoire,2095,0,0,<NA>,<NA>,0.9000000000000000222,both,<NA>
yf-preventive-default_nocovid,"YF:YF,routine,with:default_nocovid",YF,total,routine,CIV,Cote d'Ivoire,2096,0,0,<NA>,<NA>,0.9000000000000000222,both,<NA>
yf-preventive-default_nocovid,"YF:YF,routine,with:default_nocovid",YF,total,routine,CIV,Cote d'Ivoire,2097,0,0,<NA>,<NA>,0.9000000000000000222,both,<NA>
yf-preventive-default_nocovid,"YF:YF,routine,with:default_nocovid",YF,total,routine,CIV,Cote d'Ivoire,2098,0,0,<NA>,<NA>,0.9000000000000000222,both,<NA>
yf-preventive-default_nocovid,"YF:YF,routine,with:default_nocovid",YF,total,routine,CIV,Cote d'Ivoire,2099,0,0,<NA>,<NA>,0.9000000000000000222,both,<NA>
yf-preventive-default_nocovid,"YF:YF,routine,with:default_nocovid",YF,total,routine,CIV,Cote d'Ivoire,2100,0,0,<NA>,<NA>,0.9000000000000000222,both,<NA>
yf-preventive-default_nocovid,"YF:YF,routine,with:default_nocovid",YF,total,routine,CMR,Cameroon,1980,0,0,use default routine age for this projection,<NA>,0,both,<NA>
yf-preventive-default_nocovid,"YF:YF,routine,with:default_nocovid",YF,total,routine,CMR,Cameroon,1981,0,0,use default routine age for this projection,<NA>,0,both,<NA>
yf-preventive-default_nocovid,"YF:YF,routine,with:default_nocovid",YF,total,routine,CMR,Cameroon,1982,0,0,use default routine age for this projection,<NA>,0,both,<NA>
yf-preventive-default_nocovid,"YF:YF,routine,with:default_nocovid",YF,total,routine,CMR,Cameroon,1983,0,0,use default routine age for this projection,<NA>,0,both,<NA>
yf-preventive-default_nocovid,"YF:YF,routine,with:default_nocovid",YF,total,routine,CMR,Cameroon,1984,0,0,use default routine age for this projection,<NA>,0,both,<NA>
yf-preventive-default_nocovid,"YF:YF,routine,with:default_nocovid",YF,total,routine,CMR,Cameroon,1985,0,0,use default routine age for this projection,<NA>,0,both,<NA>
yf-preventive-default_nocovid,"YF:YF,routine,with:default_nocovid",YF,total,routine,CMR,Cameroon,1986,0,0,use default routine age for this projection,<NA>,0,both,<NA>
yf-preventive-default_nocovid,"YF:YF,routine,with:default_nocovid",YF,total,routine,CMR,Cameroon,1987,0,0,use default routine age for this projection,<NA>,0,both,<NA>
yf-preventive-default_nocovid,"YF:YF,routine,with:default_nocovid",YF,total,routine,CMR,Cameroon,1988,0,0,use default routine age for this projection,<NA>,0,both,<NA>
yf-preventive-default_nocovid,"YF:YF,routine,with:default_nocovid",YF,total,routine,CMR,Cameroon,1989,0,0,use default routine age for this projection,<NA>,0,both,<NA>
yf-preventive-default_nocovid,"YF:YF,routine,with:default_nocovid",YF,total,routine,CMR,Cameroon,1990,0,0,use default routine age for this projection,<NA>,0,both,<NA>
yf-preventive-default_nocovid,"YF:YF,routine,with:default_nocovid",YF,total,routine,CMR,Cameroon,1991,0,0,use default routine age for this projection,<NA>,0,both,<NA>
yf-preventive-default_nocovid,"YF:YF,routine,with:default_nocovid",YF,total,routine,CMR,Cameroon,1992,0,0,use default routine age for this projection,<NA>,0,both,<NA>
yf-preventive-default_nocovid,"YF:YF,routine,with:default_nocovid",YF,total,routine,CMR,Cameroon,1993,0,0,use default routine age for this projection,<NA>,0,both,<NA>
yf-preventive-default_nocovid,"YF:YF,routine,with:default_nocovid",YF,total,routine,CMR,Cameroon,1994,0,0,use default routine age for this projection,<NA>,0,both,<NA>
yf-preventive-default_nocovid,"YF:YF,routine,with:default_nocovid",YF,total,routine,CMR,Cameroon,1995,0,0,use default routine age for this projection,<NA>,0,both,<NA>
yf-preventive-default_nocovid,"YF:YF,routine,with:default_nocovid",YF,total,routine,CMR,Cameroon,1996,0,0,use default routine age for this projection,<NA>,0,both,<NA>
yf-preventive-default_nocovid,"YF:YF,routine,with:default_nocovid",YF,total,routine,CMR,Cameroon,1997,0,0,use default routine age for this projection,<NA>,0,both,<NA>
yf-preventive-default_nocovid,"YF:YF,routine,with:default_nocovid",YF,total,routine,CMR,Cameroon,1998,0,0,use default routine age for this projection,<NA>,0,both,<NA>
yf-preventive-default_nocovid,"YF:YF,routine,with:default_nocovid",YF,total,routine,CMR,Cameroon,1999,0,0,use default routine age for this projection,<NA>,0,both,<NA>
yf-preventive-default_nocovid,"YF:YF,routine,with:default_nocovid",YF,total,routine,CMR,Cameroon,2000,0,0,use default routine age for this projection,<NA>,0,both,<NA>
yf-preventive-default_nocovid,"YF:YF,routine,with:default_nocovid",YF,total,routine,CMR,Cameroon,2001,0,0,use default routine age for this projection,<NA>,0,both,<NA>
yf-preventive-default_nocovid,"YF:YF,routine,with:default_nocovid",YF,total,routine,CMR,Cameroon,2002,0,0,use default routine age for this projection,<NA>,0,both,<NA>
yf-preventive-default_nocovid,"YF:YF,routine,with:default_nocovid",YF,total,routine,CMR,Cameroon,2003,0,0,use default routine age for this projection,<NA>,0,both,<NA>
yf-preventive-default_nocovid,"YF:YF,routine,with:default_nocovid",YF,total,routine,CMR,Cameroon,2004,0,0,default routine age,<NA>,0.58999999999999996891,both,<NA>
yf-preventive-default_nocovid,"YF:YF,routine,with:default_nocovid",YF,total,routine,CMR,Cameroon,2005,0,0,default routine age,<NA>,0.68000000000000004885,both,<NA>
yf-preventive-default_nocovid,"YF:YF,routine,with:default_nocovid",YF,total,routine,CMR,Cameroon,2006,0,0,default routine age,<NA>,0.71999999999999997335,both,<NA>
yf-preventive-default_nocovid,"YF:YF,routine,with:default_nocovid",YF,total,routine,CMR,Cameroon,2007,0,0,default routine age,<NA>,0.73999999999999999112,both,<NA>
yf-preventive-default_nocovid,"YF:YF,routine,with:default_nocovid",YF,total,routine,CMR,Cameroon,2008,0,0,default routine age,<NA>,0.77000000000000001776,both,<NA>
yf-preventive-default_nocovid,"YF:YF,routine,with:default_nocovid",YF,total,routine,CMR,Cameroon,2009,0,0,default routine age,<NA>,0.71999999999999997335,both,<NA>
yf-preventive-default_nocovid,"YF:YF,routine,with:default_nocovid",YF,total,routine,CMR,Cameroon,2010,0,0,default routine age,<NA>,0.79000000000000003553,both,<NA>
yf-preventive-default_nocovid,"YF:YF,routine,with:default_nocovid",YF,total,routine,CMR,Cameroon,2011,0,0,default routine age,<NA>,0.75,both,<NA>
yf-preventive-default_nocovid,"YF:YF,routine,with:default_nocovid",YF,total,routine,CMR,Cameroon,2012,0,0,default routine age,<NA>,0.80000000000000004441,both,<NA>
yf-preventive-default_nocovid,"YF:YF,routine,with:default_nocovid",YF,total,routine,CMR,Cameroon,2013,0,0,default routine age,<NA>,0.82999999999999996003,both,<NA>
yf-preventive-default_nocovid,"YF:YF,routine,with:default_nocovid",YF,total,routine,CMR,Cameroon,2014,0,0,default routine age,<NA>,0.77000000000000001776,both,<NA>
yf-preventive-default_nocovid,"YF:YF,routine,with:default_nocovid",YF,total,routine,CMR,Cameroon,2015,0,0,default routine age,<NA>,0.69999999999999995559,both,<NA>
yf-preventive-default_nocovid,"YF:YF,routine,with:default_nocovid",YF,total,routine,CMR,Cameroon,2016,0,0,default routine age,<NA>,0.68000000000000004885,both,<NA>
yf-preventive-default_nocovid,"YF:YF,routine,with:default_nocovid",YF,total,routine,CMR,Cameroon,2017,0,0,default routine age,<NA>,0.61999999999999999556,both,<NA>
yf-preventive-default_nocovid,"YF:YF,routine,with:default_nocovid",YF,total,routine,CMR,Cameroon,2018,0,0,default routine age,<NA>,0.57999999999999996003,both,<NA>
yf-preventive-default_nocovid,"YF:YF,routine,with:default_nocovid",YF,total,routine,CMR,Cameroon,2019,0,0,default routine age,<NA>,0.56000000000000005329,both,<NA>
yf-preventive-default_nocovid,"YF:YF,routine,with:default_nocovid",YF,total,routine,CMR,Cameroon,2020,0,0,default routine age,<NA>,0.56999999999999995115,both,<NA>
yf-preventive-default_nocovid,"YF:YF,routine,with:default_nocovid",YF,total,routine,CMR,Cameroon,2021,0,0,default routine age,<NA>,0.58441150413901454819,both,<NA>
yf-preventive-default_nocovid,"YF:YF,routine,with:default_nocovid",YF,total,routine,CMR,Cameroon,2022,0,0,<NA>,<NA>,0.59834000490233418823,both,<NA>
yf-preventive-default_nocovid,"YF:YF,routine,with:default_nocovid",YF,total,routine,CMR,Cameroon,2023,0,0,<NA>,<NA>,0.61180169020890773357,both,<NA>
yf-preventive-default_nocovid,"YF:YF,routine,with:default_nocovid",YF,total,routine,CMR,Cameroon,2024,0,0,<NA>,<NA>,0.62481220543754223407,both,<NA>
yf-preventive-default_nocovid,"YF:YF,routine,with:default_nocovid",YF,total,routine,CMR,Cameroon,2025,0,0,<NA>,<NA>,0.63738667161020412522,both,<NA>
yf-preventive-default_nocovid,"YF:YF,routine,with:default_nocovid",YF,total,routine,CMR,Cameroon,2026,0,0,<NA>,<NA>,0.64953970296590513023,both,<NA>
yf-preventive-default_nocovid,"YF:YF,routine,with:default_nocovid",YF,total,routine,CMR,Cameroon,2027,0,0,<NA>,<NA>,0.66128542394559619577,both,<NA>
yf-preventive-default_nocovid,"YF:YF,routine,with:default_nocovid",YF,total,routine,CMR,Cameroon,2028,0,0,<NA>,<NA>,0.67263748560781155827,both,<NA>
yf-preventive-default_nocovid,"YF:YF,routine,with:default_nocovid",YF,total,routine,CMR,Cameroon,2029,0,0,<NA>,<NA>,0.68360908149414012502,both,<NA>
yf-preventive-default_nocovid,"YF:YF,routine,with:default_nocovid",YF,total,routine,CMR,Cameroon,2030,0,0,<NA>,<NA>,0.69421296296296297612,both,<NA>
yf-preventive-default_nocovid,"YF:YF,routine,with:default_nocovid",YF,total,routine,CMR,Cameroon,2031,0,0,<NA>,<NA>,0.704212962962962985,both,<NA>
yf-preventive-default_nocovid,"YF:YF,routine,with:default_nocovid",YF,total,routine,CMR,Cameroon,2032,0,0,<NA>,<NA>,0.71421296296296299388,both,<NA>
yf-preventive-default_nocovid,"YF:YF,routine,with:default_nocovid",YF,total,routine,CMR,Cameroon,2033,0,0,<NA>,<NA>,0.72421296296296300277,both,<NA>
yf-preventive-default_nocovid,"YF:YF,routine,with:default_nocovid",YF,total,routine,CMR,Cameroon,2034,0,0,<NA>,<NA>,0.73421296296296301165,both,<NA>
yf-preventive-default_nocovid,"YF:YF,routine,with:default_nocovid",YF,total,routine,CMR,Cameroon,2035,0,0,<NA>,<NA>,0.74421296296296302053,both,<NA>
yf-preventive-default_nocovid,"YF:YF,routine,with:default_nocovid",YF,total,routine,CMR,Cameroon,2036,0,0,<NA>,<NA>,0.75421296296296302941,both,<NA>
yf-preventive-default_nocovid,"YF:YF,routine,with:default_nocovid",YF,total,routine,CMR,Cameroon,2037,0,0,<NA>,<NA>,0.76421296296296303829,both,<NA>
yf-preventive-default_nocovid,"YF:YF,routine,with:default_nocovid",YF,total,routine,CMR,Cameroon,2038,0,0,<NA>,<NA>,0.77421296296296293615,both,<NA>
yf-preventive-default_nocovid,"YF:YF,routine,with:default_nocovid",YF,total,routine,CMR,Cameroon,2039,0,0,<NA>,<NA>,0.78421296296296294503,both,<NA>
yf-preventive-default_nocovid,"YF:YF,routine,with:default_nocovid",YF,total,routine,CMR,Cameroon,2040,0,0,<NA>,<NA>,0.79421296296296295392,both,<NA>
yf-preventive-default_nocovid,"YF:YF,routine,with:default_nocovid",YF,total,routine,CMR,Cameroon,2041,0,0,<NA>,<NA>,0.8042129629629629628,both,<NA>
yf-preventive-default_nocovid,"YF:YF,routine,with:default_nocovid",YF,total,routine,CMR,Cameroon,2042,0,0,<NA>,<NA>,0.81421296296296297168,both,<NA>
yf-preventive-default_nocovid,"YF:YF,routine,with:default_nocovid",YF,total,routine,CMR,Cameroon,2043,0,0,<NA>,<NA>,0.82421296296296298056,both,<NA>
yf-preventive-default_nocovid,"YF:YF,routine,with:default_nocovid",YF,total,routine,CMR,Cameroon,2044,0,0,<NA>,<NA>,0.83421296296296298944,both,<NA>
yf-preventive-default_nocovid,"YF:YF,routine,with:default_nocovid",YF,total,routine,CMR,Cameroon,2045,0,0,<NA>,<NA>,0.84421296296296299833,both,<NA>
yf-preventive-default_nocovid,"YF:YF,routine,with:default_nocovid",YF,total,routine,CMR,Cameroon,2046,0,0,<NA>,<NA>,0.85421296296296300721,both,<NA>
yf-preventive-default_nocovid,"YF:YF,routine,with:default_nocovid",YF,total,routine,CMR,Cameroon,2047,0,0,<NA>,<NA>,0.86421296296296301609,both,<NA>
yf-preventive-default_nocovid,"YF:YF,routine,with:default_nocovid",YF,total,routine,CMR,Cameroon,2048,0,0,<NA>,<NA>,0.87421296296296291395,both,<NA>
yf-preventive-default_nocovid,"YF:YF,routine,with:default_nocovid",YF,total,routine,CMR,Cameroon,2049,0,0,<NA>,<NA>,0.88421296296296292283,both,<NA>
yf-preventive-default_nocovid,"YF:YF,routine,with:default_nocovid",YF,total,routine,CMR,Cameroon,2050,0,0,<NA>,<NA>,0.89421296296296293171,both,<NA>
yf-preventive-default_nocovid,"YF:YF,routine,with:default_nocovid",YF,total,routine,CMR,Cameroon,2051,0,0,<NA>,<NA>,0.9000000000000000222,both,<NA>
yf-preventive-default_nocovid,"YF:YF,routine,with:default_nocovid",YF,total,routine,CMR,Cameroon,2052,0,0,<NA>,<NA>,0.9000000000000000222,both,<NA>
yf-preventive-default_nocovid,"YF:YF,routine,with:default_nocovid",YF,total,routine,CMR,Cameroon,2053,0,0,<NA>,<NA>,0.9000000000000000222,both,<NA>
yf-preventive-default_nocovid,"YF:YF,routine,with:default_nocovid",YF,total,routine,CMR,Cameroon,2054,0,0,<NA>,<NA>,0.9000000000000000222,both,<NA>
yf-preventive-default_nocovid,"YF:YF,routine,with:default_nocovid",YF,total,routine,CMR,Cameroon,2055,0,0,<NA>,<NA>,0.9000000000000000222,both,<NA>
yf-preventive-default_nocovid,"YF:YF,routine,with:default_nocovid",YF,total,routine,CMR,Cameroon,2056,0,0,<NA>,<NA>,0.9000000000000000222,both,<NA>
yf-preventive-default_nocovid,"YF:YF,routine,with:default_nocovid",YF,total,routine,CMR,Cameroon,2057,0,0,<NA>,<NA>,0.9000000000000000222,both,<NA>
yf-preventive-default_nocovid,"YF:YF,routine,with:default_nocovid",YF,total,routine,CMR,Cameroon,2058,0,0,<NA>,<NA>,0.9000000000000000222,both,<NA>
yf-preventive-default_nocovid,"YF:YF,routine,with:default_nocovid",YF,total,routine,CMR,Cameroon,2059,0,0,<NA>,<NA>,0.9000000000000000222,both,<NA>
yf-preventive-default_nocovid,"YF:YF,routine,with:default_nocovid",YF,total,routine,CMR,Cameroon,2060,0,0,<NA>,<NA>,0.9000000000000000222,both,<NA>
yf-preventive-default_nocovid,"YF:YF,routine,with:default_nocovid",YF,total,routine,CMR,Cameroon,2061,0,0,<NA>,<NA>,0.9000000000000000222,both,<NA>
yf-preventive-default_nocovid,"YF:YF,routine,with:default_nocovid",YF,total,routine,CMR,Cameroon,2062,0,0,<NA>,<NA>,0.9000000000000000222,both,<NA>
yf-preventive-default_nocovid,"YF:YF,routine,with:default_nocovid",YF,total,routine,CMR,Cameroon,2063,0,0,<NA>,<NA>,0.9000000000000000222,both,<NA>
yf-preventive-default_nocovid,"YF:YF,routine,with:default_nocovid",YF,total,routine,CMR,Cameroon,2064,0,0,<NA>,<NA>,0.9000000000000000222,both,<NA>
yf-preventive-default_nocovid,"YF:YF,routine,with:default_nocovid",YF,total,routine,CMR,Cameroon,2065,0,0,<NA>,<NA>,0.9000000000000000222,both,<NA>
yf-preventive-default_nocovid,"YF:YF,routine,with:default_nocovid",YF,total,routine,CMR,Cameroon,2066,0,0,<NA>,<NA>,0.9000000000000000222,both,<NA>
yf-preventive-default_nocovid,"YF:YF,routine,with:default_nocovid",YF,total,routine,CMR,Cameroon,2067,0,0,<NA>,<NA>,0.9000000000000000222,both,<NA>
yf-preventive-default_nocovid,"YF:YF,routine,with:default_nocovid",YF,total,routine,CMR,Cameroon,2068,0,0,<NA>,<NA>,0.9000000000000000222,both,<NA>
yf-preventive-default_nocovid,"YF:YF,routine,with:default_nocovid",YF,total,routine,CMR,Cameroon,2069,0,0,<NA>,<NA>,0.9000000000000000222,both,<NA>
yf-preventive-default_nocovid,"YF:YF,routine,with:default_nocovid",YF,total,routine,CMR,Cameroon,2070,0,0,<NA>,<NA>,0.9000000000000000222,both,<NA>
yf-preventive-default_nocovid,"YF:YF,routine,with:default_nocovid",YF,total,routine,CMR,Cameroon,2071,0,0,<NA>,<NA>,0.9000000000000000222,both,<NA>
yf-preventive-default_nocovid,"YF:YF,routine,with:default_nocovid",YF,total,routine,CMR,Cameroon,2072,0,0,<NA>,<NA>,0.9000000000000000222,both,<NA>
yf-preventive-default_nocovid,"YF:YF,routine,with:default_nocovid",YF,total,routine,CMR,Cameroon,2073,0,0,<NA>,<NA>,0.9000000000000000222,both,<NA>
yf-preventive-default_nocovid,"YF:YF,routine,with:default_nocovid",YF,total,routine,CMR,Cameroon,2074,0,0,<NA>,<NA>,0.9000000000000000222,both,<NA>
yf-preventive-default_nocovid,"YF:YF,routine,with:default_nocovid",YF,total,routine,CMR,Cameroon,2075,0,0,<NA>,<NA>,0.9000000000000000222,both,<NA>
yf-preventive-default_nocovid,"YF:YF,routine,with:default_nocovid",YF,total,routine,CMR,Cameroon,2076,0,0,<NA>,<NA>,0.9000000000000000222,both,<NA>
yf-preventive-default_nocovid,"YF:YF,routine,with:default_nocovid",YF,total,routine,CMR,Cameroon,2077,0,0,<NA>,<NA>,0.9000000000000000222,both,<NA>
yf-preventive-default_nocovid,"YF:YF,routine,with:default_nocovid",YF,total,routine,CMR,Cameroon,2078,0,0,<NA>,<NA>,0.9000000000000000222,both,<NA>
yf-preventive-default_nocovid,"YF:YF,routine,with:default_nocovid",YF,total,routine,CMR,Cameroon,2079,0,0,<NA>,<NA>,0.9000000000000000222,both,<NA>
yf-preventive-default_nocovid,"YF:YF,routine,with:default_nocovid",YF,total,routine,CMR,Cameroon,2080,0,0,<NA>,<NA>,0.9000000000000000222,both,<NA>
yf-preventive-default_nocovid,"YF:YF,routine,with:default_nocovid",YF,total,routine,CMR,Cameroon,2081,0,0,<NA>,<NA>,0.9000000000000000222,both,<NA>
yf-preventive-default_nocovid,"YF:YF,routine,with:default_nocovid",YF,total,routine,CMR,Cameroon,2082,0,0,<NA>,<NA>,0.9000000000000000222,both,<NA>
yf-preventive-default_nocovid,"YF:YF,routine,with:default_nocovid",YF,total,routine,CMR,Cameroon,2083,0,0,<NA>,<NA>,0.9000000000000000222,both,<NA>
yf-preventive-default_nocovid,"YF:YF,routine,with:default_nocovid",YF,total,routine,CMR,Cameroon,2084,0,0,<NA>,<NA>,0.9000000000000000222,both,<NA>
yf-preventive-default_nocovid,"YF:YF,routine,with:default_nocovid",YF,total,routine,CMR,Cameroon,2085,0,0,<NA>,<NA>,0.9000000000000000222,both,<NA>
yf-preventive-default_nocovid,"YF:YF,routine,with:default_nocovid",YF,total,routine,CMR,Cameroon,2086,0,0,<NA>,<NA>,0.9000000000000000222,both,<NA>
yf-preventive-default_nocovid,"YF:YF,routine,with:default_nocovid",YF,total,routine,CMR,Cameroon,2087,0,0,<NA>,<NA>,0.9000000000000000222,both,<NA>
yf-preventive-default_nocovid,"YF:YF,routine,with:default_nocovid",YF,total,routine,CMR,Cameroon,2088,0,0,<NA>,<NA>,0.9000000000000000222,both,<NA>
yf-preventive-default_nocovid,"YF:YF,routine,with:default_nocovid",YF,total,routine,CMR,Cameroon,2089,0,0,<NA>,<NA>,0.9000000000000000222,both,<NA>
yf-preventive-default_nocovid,"YF:YF,routine,with:default_nocovid",YF,total,routine,CMR,Cameroon,2090,0,0,<NA>,<NA>,0.9000000000000000222,both,<NA>
yf-preventive-default_nocovid,"YF:YF,routine,with:default_nocovid",YF,total,routine,CMR,Cameroon,2091,0,0,<NA>,<NA>,0.9000000000000000222,both,<NA>
yf-preventive-default_nocovid,"YF:YF,routine,with:default_nocovid",YF,total,routine,CMR,Cameroon,2092,0,0,<NA>,<NA>,0.9000000000000000222,both,<NA>
yf-preventive-default_nocovid,"YF:YF,routine,with:default_nocovid",YF,total,routine,CMR,Cameroon,2093,0,0,<NA>,<NA>,0.9000000000000000222,both,<NA>
yf-preventive-default_nocovid,"YF:YF,routine,with:default_nocovid",YF,total,routine,CMR,Cameroon,2094,0,0,<NA>,<NA>,0.9000000000000000222,both,<NA>
yf-preventive-default_nocovid,"YF:YF,routine,with:default_nocovid",YF,total,routine,CMR,Cameroon,2095,0,0,<NA>,<NA>,0.9000000000000000222,both,<NA>
yf-preventive-default_nocovid,"YF:YF,routine,with:default_nocovid",YF,total,routine,CMR,Cameroon,2096,0,0,<NA>,<NA>,0.9000000000000000222,both,<NA>
yf-preventive-default_nocovid,"YF:YF,routine,with:default_nocovid",YF,total,routine,CMR,Cameroon,2097,0,0,<NA>,<NA>,0.9000000000000000222,both,<NA>
yf-preventive-default_nocovid,"YF:YF,routine,with:default_nocovid",YF,total,routine,CMR,Cameroon,2098,0,0,<NA>,<NA>,0.9000000000000000222,both,<NA>
yf-preventive-default_nocovid,"YF:YF,routine,with:default_nocovid",YF,total,routine,CMR,Cameroon,2099,0,0,<NA>,<NA>,0.9000000000000000222,both,<NA>
yf-preventive-default_nocovid,"YF:YF,routine,with:default_nocovid",YF,total,routine,CMR,Cameroon,2100,0,0,<NA>,<NA>,0.9000000000000000222,both,<NA>
yf-preventive-default_nocovid,"YF:YF,routine,with:default_nocovid",YF,total,routine,COD,"Congo, the Democratic Republic of the",1980,0,0,use default routine age for this projection,<NA>,0,both,<NA>
yf-preventive-default_nocovid,"YF:YF,routine,with:default_nocovid",YF,total,routine,COD,"Congo, the Democratic Republic of the",1981,0,0,use default routine age for this projection,<NA>,0,both,<NA>
yf-preventive-default_nocovid,"YF:YF,routine,with:default_nocovid",YF,total,routine,COD,"Congo, the Democratic Republic of the",1982,0,0,use default routine age for this projection,<NA>,0,both,<NA>
yf-preventive-default_nocovid,"YF:YF,routine,with:default_nocovid",YF,total,routine,COD,"Congo, the Democratic Republic of the",1983,0,0,use default routine age for this projection,<NA>,0,both,<NA>
yf-preventive-default_nocovid,"YF:YF,routine,with:default_nocovid",YF,total,routine,COD,"Congo, the Democratic Republic of the",1984,0,0,use default routine age for this projection,<NA>,0,both,<NA>
yf-preventive-default_nocovid,"YF:YF,routine,with:default_nocovid",YF,total,routine,COD,"Congo, the Democratic Republic of the",1985,0,0,use default routine age for this projection,<NA>,0,both,<NA>
yf-preventive-default_nocovid,"YF:YF,routine,with:default_nocovid",YF,total,routine,COD,"Congo, the Democratic Republic of the",1986,0,0,use default routine age for this projection,<NA>,0,both,<NA>
yf-preventive-default_nocovid,"YF:YF,routine,with:default_nocovid",YF,total,routine,COD,"Congo, the Democratic Republic of the",1987,0,0,use default routine age for this projection,<NA>,0,both,<NA>
yf-preventive-default_nocovid,"YF:YF,routine,with:default_nocovid",YF,total,routine,COD,"Congo, the Democratic Republic of the",1988,0,0,use default routine age for this projection,<NA>,0,both,<NA>
yf-preventive-default_nocovid,"YF:YF,routine,with:default_nocovid",YF,total,routine,COD,"Congo, the Democratic Republic of the",1989,0,0,use default routine age for this projection,<NA>,0,both,<NA>
yf-preventive-default_nocovid,"YF:YF,routine,with:default_nocovid",YF,total,routine,COD,"Congo, the Democratic Republic of the",1990,0,0,use default routine age for this projection,<NA>,0,both,<NA>
yf-preventive-default_nocovid,"YF:YF,routine,with:default_nocovid",YF,total,routine,COD,"Congo, the Democratic Republic of the",1991,0,0,use default routine age for this projection,<NA>,0,both,<NA>
yf-preventive-default_nocovid,"YF:YF,routine,with:default_nocovid",YF,total,routine,COD,"Congo, the Democratic Republic of the",1992,0,0,use default routine age for this projection,<NA>,0,both,<NA>
yf-preventive-default_nocovid,"YF:YF,routine,with:default_nocovid",YF,total,routine,COD,"Congo, the Democratic Republic of the",1993,0,0,use default routine age for this projection,<NA>,0,both,<NA>
yf-preventive-default_nocovid,"YF:YF,routine,with:default_nocovid",YF,total,routine,COD,"Congo, the Democratic Republic of the",1994,0,0,use default routine age for this projection,<NA>,0,both,<NA>
yf-preventive-default_nocovid,"YF:YF,routine,with:default_nocovid",YF,total,routine,COD,"Congo, the Democratic Republic of the",1995,0,0,use default routine age for this projection,<NA>,0,both,<NA>
yf-preventive-default_nocovid,"YF:YF,routine,with:default_nocovid",YF,total,routine,COD,"Congo, the Democratic Republic of the",1996,0,0,use default routine age for this projection,<NA>,0,both,<NA>
yf-preventive-default_nocovid,"YF:YF,routine,with:default_nocovid",YF,total,routine,COD,"Congo, the Democratic Republic of the",1997,0,0,use default routine age for this projection,<NA>,0,both,<NA>
yf-preventive-default_nocovid,"YF:YF,routine,with:default_nocovid",YF,total,routine,COD,"Congo, the Democratic Republic of the",1998,0,0,use default routine age for this projection,<NA>,0,both,<NA>
yf-preventive-default_nocovid,"YF:YF,routine,with:default_nocovid",YF,total,routine,COD,"Congo, the Democratic Republic of the",1999,0,0,use default routine age for this projection,<NA>,0,both,<NA>
yf-preventive-default_nocovid,"YF:YF,routine,with:default_nocovid",YF,total,routine,COD,"Congo, the Democratic Republic of the",2000,0,0,use default routine age for this projection,<NA>,0,both,<NA>
yf-preventive-default_nocovid,"YF:YF,routine,with:default_nocovid",YF,total,routine,COD,"Congo, the Democratic Republic of the",2001,0,0,use default routine age for this projection,<NA>,0,both,<NA>
yf-preventive-default_nocovid,"YF:YF,routine,with:default_nocovid",YF,total,routine,COD,"Congo, the Democratic Republic of the",2002,0,0,use default routine age for this projection,<NA>,0,both,<NA>
yf-preventive-default_nocovid,"YF:YF,routine,with:default_nocovid",YF,total,routine,COD,"Congo, the Democratic Republic of the",2003,0,0,default routine age,<NA>,0.05000000000000000278,both,<NA>
yf-preventive-default_nocovid,"YF:YF,routine,with:default_nocovid",YF,total,routine,COD,"Congo, the Democratic Republic of the",2004,0,0,default routine age,<NA>,0.25,both,<NA>
yf-preventive-default_nocovid,"YF:YF,routine,with:default_nocovid",YF,total,routine,COD,"Congo, the Democratic Republic of the",2005,0,0,default routine age,<NA>,0.41999999999999998446,both,<NA>
yf-preventive-default_nocovid,"YF:YF,routine,with:default_nocovid",YF,total,routine,COD,"Congo, the Democratic Republic of the",2006,0,0,default routine age,<NA>,0.5,both,<NA>
yf-preventive-default_nocovid,"YF:YF,routine,with:default_nocovid",YF,total,routine,COD,"Congo, the Democratic Republic of the",2007,0,0,default routine age,<NA>,0.54000000000000003553,both,<NA>
yf-preventive-default_nocovid,"YF:YF,routine,with:default_nocovid",YF,total,routine,COD,"Congo, the Democratic Republic of the",2008,0,0,default routine age,<NA>,0.58999999999999996891,both,<NA>
yf-preventive-default_nocovid,"YF:YF,routine,with:default_nocovid",YF,total,routine,COD,"Congo, the Democratic Republic of the",2009,0,0,default routine age,<NA>,0.63000000000000000444,both,<NA>
yf-preventive-default_nocovid,"YF:YF,routine,with:default_nocovid",YF,total,routine,COD,"Congo, the Democratic Republic of the",2010,0,0,default routine age,<NA>,0.5999999999999999778,both,<NA>
yf-preventive-default_nocovid,"YF:YF,routine,with:default_nocovid",YF,total,routine,COD,"Congo, the Democratic Republic of the",2011,0,0,default routine age,<NA>,0.44000000000000000222,both,<NA>
yf-preventive-default_nocovid,"YF:YF,routine,with:default_nocovid",YF,total,routine,COD,"Congo, the Democratic Republic of the",2012,0,0,default routine age,<NA>,0.63000000000000000444,both,<NA>
yf-preventive-default_nocovid,"YF:YF,routine,with:default_nocovid",YF,total,routine,COD,"Congo, the Democratic Republic of the",2013,0,0,default routine age,<NA>,0.54000000000000003553,both,<NA>
yf-preventive-default_nocovid,"YF:YF,routine,with:default_nocovid",YF,total,routine,COD,"Congo, the Democratic Republic of the",2014,0,0,default routine age,<NA>,0.56000000000000005329,both,<NA>
yf-preventive-default_nocovid,"YF:YF,routine,with:default_nocovid",YF,total,routine,COD,"Congo, the Democratic Republic of the",2015,0,0,default routine age,<NA>,0.64000000000000001332,both,<NA>
yf-preventive-default_nocovid,"YF:YF,routine,with:default_nocovid",YF,total,routine,COD,"Congo, the Democratic Republic of the",2016,0,0,default routine age,<NA>,0.56000000000000005329,both,<NA>
yf-preventive-default_nocovid,"YF:YF,routine,with:default_nocovid",YF,total,routine,COD,"Congo, the Democratic Republic of the",2017,0,0,default routine age,<NA>,0.61999999999999999556,both,<NA>
yf-preventive-default_nocovid,"YF:YF,routine,with:default_nocovid",YF,total,routine,COD,"Congo, the Democratic Republic of the",2018,0,0,default routine age,<NA>,0.6500000000000000222,both,<NA>
yf-preventive-default_nocovid,"YF:YF,routine,with:default_nocovid",YF,total,routine,COD,"Congo, the Democratic Republic of the",2019,0,0,default routine age,<NA>,0.6500000000000000222,both,<NA>
yf-preventive-default_nocovid,"YF:YF,routine,with:default_nocovid",YF,total,routine,COD,"Congo, the Democratic Republic of the",2020,0,0,default routine age,<NA>,0.65000000000000013323,both,<NA>
yf-preventive-default_nocovid,"YF:YF,routine,with:default_nocovid",YF,total,routine,COD,"Congo, the Democratic Republic of the",2021,0,0,default routine age,<NA>,0.65000000000000013323,both,<NA>
yf-preventive-default_nocovid,"YF:YF,routine,with:default_nocovid",YF,total,routine,COD,"Congo, the Democratic Republic of the",2022,0,0,<NA>,<NA>,0.64610577609634756158,both,<NA>
yf-preventive-default_nocovid,"YF:YF,routine,with:default_nocovid",YF,total,routine,COD,"Congo, the Democratic Republic of the",2023,0,0,<NA>,<NA>,0.64216822367894710322,both,<NA>
yf-preventive-default_nocovid,"YF:YF,routine,with:default_nocovid",YF,total,routine,COD,"Congo, the Democratic Republic of the",2024,0,0,<NA>,<NA>,0.63818686065941598873,both,<NA>
yf-preventive-default_nocovid,"YF:YF,routine,with:default_nocovid",YF,total,routine,COD,"Congo, the Democratic Republic of the",2025,0,0,<NA>,<NA>,0.63416119958548544666,both,<NA>
yf-preventive-default_nocovid,"YF:YF,routine,with:default_nocovid",YF,total,routine,COD,"Congo, the Democratic Republic of the",2026,0,0,<NA>,<NA>,0.63009074758132044281,both,<NA>
yf-preventive-default_nocovid,"YF:YF,routine,with:default_nocovid",YF,total,routine,COD,"Congo, the Democratic Republic of the",2027,0,0,<NA>,<NA>,0.62597500628717450688,both,<NA>
yf-preventive-default_nocovid,"YF:YF,routine,with:default_nocovid",YF,total,routine,COD,"Congo, the Democratic Republic of the",2028,0,0,<NA>,<NA>,0.62181347179837453965,both,<NA>
yf-preventive-default_nocovid,"YF:YF,routine,with:default_nocovid",YF,total,routine,COD,"Congo, the Democratic Republic of the",2029,0,0,<NA>,<NA>,0.61760563460362560839,both,<NA>
yf-preventive-default_nocovid,"YF:YF,routine,with:default_nocovid",YF,total,routine,COD,"Congo, the Democratic Republic of the",2030,0,0,<NA>,<NA>,0.6133509795226295136,both,<NA>
yf-preventive-default_nocovid,"YF:YF,routine,with:default_nocovid",YF,total,routine,COD,"Congo, the Democratic Republic of the",2031,0,0,<NA>,<NA>,0.62335097952262952248,both,<NA>
yf-preventive-default_nocovid,"YF:YF,routine,with:default_nocovid",YF,total,routine,COD,"Congo, the Democratic Republic of the",2032,0,0,<NA>,<NA>,0.63335097952262953136,both,<NA>
yf-preventive-default_nocovid,"YF:YF,routine,with:default_nocovid",YF,total,routine,COD,"Congo, the Democratic Republic of the",2033,0,0,<NA>,<NA>,0.64335097952262954024,both,<NA>
yf-preventive-default_nocovid,"YF:YF,routine,with:default_nocovid",YF,total,routine,COD,"Congo, the Democratic Republic of the",2034,0,0,<NA>,<NA>,0.65335097952262954912,both,<NA>
yf-preventive-default_nocovid,"YF:YF,routine,with:default_nocovid",YF,total,routine,COD,"Congo, the Democratic Republic of the",2035,0,0,<NA>,<NA>,0.66335097952262955801,both,<NA>
yf-preventive-default_nocovid,"YF:YF,routine,with:default_nocovid",YF,total,routine,COD,"Congo, the Democratic Republic of the",2036,0,0,<NA>,<NA>,0.67335097952262956689,both,<NA>
yf-preventive-default_nocovid,"YF:YF,routine,with:default_nocovid",YF,total,routine,COD,"Congo, the Democratic Republic of the",2037,0,0,<NA>,<NA>,0.68335097952262957577,both,<NA>
yf-preventive-default_nocovid,"YF:YF,routine,with:default_nocovid",YF,total,routine,COD,"Congo, the Democratic Republic of the",2038,0,0,<NA>,<NA>,0.69335097952262947363,both,<NA>
yf-preventive-default_nocovid,"YF:YF,routine,with:default_nocovid",YF,total,routine,COD,"Congo, the Democratic Republic of the",2039,0,0,<NA>,<NA>,0.70335097952262948251,both,<NA>
yf-preventive-default_nocovid,"YF:YF,routine,with:default_nocovid",YF,total,routine,COD,"Congo, the Democratic Republic of the",2040,0,0,<NA>,<NA>,0.71335097952262949139,both,<NA>
yf-preventive-default_nocovid,"YF:YF,routine,with:default_nocovid",YF,total,routine,COD,"Congo, the Democratic Republic of the",2041,0,0,<NA>,<NA>,0.72335097952262950027,both,<NA>
yf-preventive-default_nocovid,"YF:YF,routine,with:default_nocovid",YF,total,routine,COD,"Congo, the Democratic Republic of the",2042,0,0,<NA>,<NA>,0.73335097952262950916,both,<NA>
yf-preventive-default_nocovid,"YF:YF,routine,with:default_nocovid",YF,total,routine,COD,"Congo, the Democratic Republic of the",2043,0,0,<NA>,<NA>,0.74335097952262951804,both,<NA>
yf-preventive-default_nocovid,"YF:YF,routine,with:default_nocovid",YF,total,routine,COD,"Congo, the Democratic Republic of the",2044,0,0,<NA>,<NA>,0.75335097952262952692,both,<NA>
yf-preventive-default_nocovid,"YF:YF,routine,with:default_nocovid",YF,total,routine,COD,"Congo, the Democratic Republic of the",2045,0,0,<NA>,<NA>,0.7633509795226295358,both,<NA>
yf-preventive-default_nocovid,"YF:YF,routine,with:default_nocovid",YF,total,routine,COD,"Congo, the Democratic Republic of the",2046,0,0,<NA>,<NA>,0.77335097952262954468,both,<NA>
yf-preventive-default_nocovid,"YF:YF,routine,with:default_nocovid",YF,total,routine,COD,"Congo, the Democratic Republic of the",2047,0,0,<NA>,<NA>,0.78335097952262955356,both,<NA>
yf-preventive-default_nocovid,"YF:YF,routine,with:default_nocovid",YF,total,routine,COD,"Congo, the Democratic Republic of the",2048,0,0,<NA>,<NA>,0.79335097952262945142,both,<NA>
yf-preventive-default_nocovid,"YF:YF,routine,with:default_nocovid",YF,total,routine,COD,"Congo, the Democratic Republic of the",2049,0,0,<NA>,<NA>,0.80335097952262946031,both,<NA>
yf-preventive-default_nocovid,"YF:YF,routine,with:default_nocovid",YF,total,routine,COD,"Congo, the Democratic Republic of the",2050,0,0,<NA>,<NA>,0.81335097952262946919,both,<NA>
yf-preventive-default_nocovid,"YF:YF,routine,with:default_nocovid",YF,total,routine,COD,"Congo, the Democratic Republic of the",2051,0,0,<NA>,<NA>,0.82335097952262947807,both,<NA>
yf-preventive-default_nocovid,"YF:YF,routine,with:default_nocovid",YF,total,routine,COD,"Congo, the Democratic Republic of the",2052,0,0,<NA>,<NA>,0.83335097952262948695,both,<NA>
yf-preventive-default_nocovid,"YF:YF,routine,with:default_nocovid",YF,total,routine,COD,"Congo, the Democratic Republic of the",2053,0,0,<NA>,<NA>,0.84335097952262949583,both,<NA>
yf-preventive-default_nocovid,"YF:YF,routine,with:default_nocovid",YF,total,routine,COD,"Congo, the Democratic Republic of the",2054,0,0,<NA>,<NA>,0.85335097952262950471,both,<NA>
yf-preventive-default_nocovid,"YF:YF,routine,with:default_nocovid",YF,total,routine,COD,"Congo, the Democratic Republic of the",2055,0,0,<NA>,<NA>,0.8633509795226295136,both,<NA>
yf-preventive-default_nocovid,"YF:YF,routine,with:default_nocovid",YF,total,routine,COD,"Congo, the Democratic Republic of the",2056,0,0,<NA>,<NA>,0.87335097952262952248,both,<NA>
yf-preventive-default_nocovid,"YF:YF,routine,with:default_nocovid",YF,total,routine,COD,"Congo, the Democratic Republic of the",2057,0,0,<NA>,<NA>,0.88335097952262953136,both,<NA>
yf-preventive-default_nocovid,"YF:YF,routine,with:default_nocovid",YF,total,routine,COD,"Congo, the Democratic Republic of the",2058,0,0,<NA>,<NA>,0.89335097952262954024,both,<NA>
yf-preventive-default_nocovid,"YF:YF,routine,with:default_nocovid",YF,total,routine,COD,"Congo, the Democratic Republic of the",2059,0,0,<NA>,<NA>,0.9000000000000000222,both,<NA>
yf-preventive-default_nocovid,"YF:YF,routine,with:default_nocovid",YF,total,routine,COD,"Congo, the Democratic Republic of the",2060,0,0,<NA>,<NA>,0.9000000000000000222,both,<NA>
yf-preventive-default_nocovid,"YF:YF,routine,with:default_nocovid",YF,total,routine,COD,"Congo, the Democratic Republic of the",2061,0,0,<NA>,<NA>,0.9000000000000000222,both,<NA>
yf-preventive-default_nocovid,"YF:YF,routine,with:default_nocovid",YF,total,routine,COD,"Congo, the Democratic Republic of the",2062,0,0,<NA>,<NA>,0.9000000000000000222,both,<NA>
yf-preventive-default_nocovid,"YF:YF,routine,with:default_nocovid",YF,total,routine,COD,"Congo, the Democratic Republic of the",2063,0,0,<NA>,<NA>,0.9000000000000000222,both,<NA>
yf-preventive-default_nocovid,"YF:YF,routine,with:default_nocovid",YF,total,routine,COD,"Congo, the Democratic Republic of the",2064,0,0,<NA>,<NA>,0.9000000000000000222,both,<NA>
yf-preventive-default_nocovid,"YF:YF,routine,with:default_nocovid",YF,total,routine,COD,"Congo, the Democratic Republic of the",2065,0,0,<NA>,<NA>,0.9000000000000000222,both,<NA>
yf-preventive-default_nocovid,"YF:YF,routine,with:default_nocovid",YF,total,routine,COD,"Congo, the Democratic Republic of the",2066,0,0,<NA>,<NA>,0.9000000000000000222,both,<NA>
yf-preventive-default_nocovid,"YF:YF,routine,with:default_nocovid",YF,total,routine,COD,"Congo, the Democratic Republic of the",2067,0,0,<NA>,<NA>,0.9000000000000000222,both,<NA>
yf-preventive-default_nocovid,"YF:YF,routine,with:default_nocovid",YF,total,routine,COD,"Congo, the Democratic Republic of the",2068,0,0,<NA>,<NA>,0.9000000000000000222,both,<NA>
yf-preventive-default_nocovid,"YF:YF,routine,with:default_nocovid",YF,total,routine,COD,"Congo, the Democratic Republic of the",2069,0,0,<NA>,<NA>,0.9000000000000000222,both,<NA>
yf-preventive-default_nocovid,"YF:YF,routine,with:default_nocovid",YF,total,routine,COD,"Congo, the Democratic Republic of the",2070,0,0,<NA>,<NA>,0.9000000000000000222,both,<NA>
yf-preventive-default_nocovid,"YF:YF,routine,with:default_nocovid",YF,total,routine,COD,"Congo, the Democratic Republic of the",2071,0,0,<NA>,<NA>,0.9000000000000000222,both,<NA>
yf-preventive-default_nocovid,"YF:YF,routine,with:default_nocovid",YF,total,routine,COD,"Congo, the Democratic Republic of the",2072,0,0,<NA>,<NA>,0.9000000000000000222,both,<NA>
yf-preventive-default_nocovid,"YF:YF,routine,with:default_nocovid",YF,total,routine,COD,"Congo, the Democratic Republic of the",2073,0,0,<NA>,<NA>,0.9000000000000000222,both,<NA>
yf-preventive-default_nocovid,"YF:YF,routine,with:default_nocovid",YF,total,routine,COD,"Congo, the Democratic Republic of the",2074,0,0,<NA>,<NA>,0.9000000000000000222,both,<NA>
yf-preventive-default_nocovid,"YF:YF,routine,with:default_nocovid",YF,total,routine,COD,"Congo, the Democratic Republic of the",2075,0,0,<NA>,<NA>,0.9000000000000000222,both,<NA>
yf-preventive-default_nocovid,"YF:YF,routine,with:default_nocovid",YF,total,routine,COD,"Congo, the Democratic Republic of the",2076,0,0,<NA>,<NA>,0.9000000000000000222,both,<NA>
yf-preventive-default_nocovid,"YF:YF,routine,with:default_nocovid",YF,total,routine,COD,"Congo, the Democratic Republic of the",2077,0,0,<NA>,<NA>,0.9000000000000000222,both,<NA>
yf-preventive-default_nocovid,"YF:YF,routine,with:default_nocovid",YF,total,routine,COD,"Congo, the Democratic Republic of the",2078,0,0,<NA>,<NA>,0.9000000000000000222,both,<NA>
yf-preventive-default_nocovid,"YF:YF,routine,with:default_nocovid",YF,total,routine,COD,"Congo, the Democratic Republic of the",2079,0,0,<NA>,<NA>,0.9000000000000000222,both,<NA>
yf-preventive-default_nocovid,"YF:YF,routine,with:default_nocovid",YF,total,routine,COD,"Congo, the Democratic Republic of the",2080,0,0,<NA>,<NA>,0.9000000000000000222,both,<NA>
yf-preventive-default_nocovid,"YF:YF,routine,with:default_nocovid",YF,total,routine,COD,"Congo, the Democratic Republic of the",2081,0,0,<NA>,<NA>,0.9000000000000000222,both,<NA>
yf-preventive-default_nocovid,"YF:YF,routine,with:default_nocovid",YF,total,routine,COD,"Congo, the Democratic Republic of the",2082,0,0,<NA>,<NA>,0.9000000000000000222,both,<NA>
yf-preventive-default_nocovid,"YF:YF,routine,with:default_nocovid",YF,total,routine,COD,"Congo, the Democratic Republic of the",2083,0,0,<NA>,<NA>,0.9000000000000000222,both,<NA>
yf-preventive-default_nocovid,"YF:YF,routine,with:default_nocovid",YF,total,routine,COD,"Congo, the Democratic Republic of the",2084,0,0,<NA>,<NA>,0.9000000000000000222,both,<NA>
yf-preventive-default_nocovid,"YF:YF,routine,with:default_nocovid",YF,total,routine,COD,"Congo, the Democratic Republic of the",2085,0,0,<NA>,<NA>,0.9000000000000000222,both,<NA>
yf-preventive-default_nocovid,"YF:YF,routine,with:default_nocovid",YF,total,routine,COD,"Congo, the Democratic Republic of the",2086,0,0,<NA>,<NA>,0.9000000000000000222,both,<NA>
yf-preventive-default_nocovid,"YF:YF,routine,with:default_nocovid",YF,total,routine,COD,"Congo, the Democratic Republic of the",2087,0,0,<NA>,<NA>,0.9000000000000000222,both,<NA>
yf-preventive-default_nocovid,"YF:YF,routine,with:default_nocovid",YF,total,routine,COD,"Congo, the Democratic Republic of the",2088,0,0,<NA>,<NA>,0.9000000000000000222,both,<NA>
yf-preventive-default_nocovid,"YF:YF,routine,with:default_nocovid",YF,total,routine,COD,"Congo, the Democratic Republic of the",2089,0,0,<NA>,<NA>,0.9000000000000000222,both,<NA>
yf-preventive-default_nocovid,"YF:YF,routine,with:default_nocovid",YF,total,routine,COD,"Congo, the Democratic Republic of the",2090,0,0,<NA>,<NA>,0.9000000000000000222,both,<NA>
yf-preventive-default_nocovid,"YF:YF,routine,with:default_nocovid",YF,total,routine,COD,"Congo, the Democratic Republic of the",2091,0,0,<NA>,<NA>,0.9000000000000000222,both,<NA>
yf-preventive-default_nocovid,"YF:YF,routine,with:default_nocovid",YF,total,routine,COD,"Congo, the Democratic Republic of the",2092,0,0,<NA>,<NA>,0.9000000000000000222,both,<NA>
yf-preventive-default_nocovid,"YF:YF,routine,with:default_nocovid",YF,total,routine,COD,"Congo, the Democratic Republic of the",2093,0,0,<NA>,<NA>,0.9000000000000000222,both,<NA>
yf-preventive-default_nocovid,"YF:YF,routine,with:default_nocovid",YF,total,routine,COD,"Congo, the Democratic Republic of the",2094,0,0,<NA>,<NA>,0.9000000000000000222,both,<NA>
yf-preventive-default_nocovid,"YF:YF,routine,with:default_nocovid",YF,total,routine,COD,"Congo, the Democratic Republic of the",2095,0,0,<NA>,<NA>,0.9000000000000000222,both,<NA>
yf-preventive-default_nocovid,"YF:YF,routine,with:default_nocovid",YF,total,routine,COD,"Congo, the Democratic Republic of the",2096,0,0,<NA>,<NA>,0.9000000000000000222,both,<NA>
yf-preventive-default_nocovid,"YF:YF,routine,with:default_nocovid",YF,total,routine,COD,"Congo, the Democratic Republic of the",2097,0,0,<NA>,<NA>,0.9000000000000000222,both,<NA>
yf-preventive-default_nocovid,"YF:YF,routine,with:default_nocovid",YF,total,routine,COD,"Congo, the Democratic Republic of the",2098,0,0,<NA>,<NA>,0.9000000000000000222,both,<NA>
yf-preventive-default_nocovid,"YF:YF,routine,with:default_nocovid",YF,total,routine,COD,"Congo, the Democratic Republic of the",2099,0,0,<NA>,<NA>,0.9000000000000000222,both,<NA>
yf-preventive-default_nocovid,"YF:YF,routine,with:default_nocovid",YF,total,routine,COD,"Congo, the Democratic Republic of the",2100,0,0,<NA>,<NA>,0.9000000000000000222,both,<NA>
yf-preventive-default_nocovid,"YF:YF,routine,with:default_nocovid",YF,total,routine,COG,Congo,1980,0,0,use default routine age for this projection,<NA>,0,both,<NA>
yf-preventive-default_nocovid,"YF:YF,routine,with:default_nocovid",YF,total,routine,COG,Congo,1981,0,0,use default routine age for this projection,<NA>,0,both,<NA>
yf-preventive-default_nocovid,"YF:YF,routine,with:default_nocovid",YF,total,routine,COG,Congo,1982,0,0,use default routine age for this projection,<NA>,0,both,<NA>
yf-preventive-default_nocovid,"YF:YF,routine,with:default_nocovid",YF,total,routine,COG,Congo,1983,0,0,use default routine age for this projection,<NA>,0,both,<NA>
yf-preventive-default_nocovid,"YF:YF,routine,with:default_nocovid",YF,total,routine,COG,Congo,1984,0,0,use default routine age for this projection,<NA>,0,both,<NA>
yf-preventive-default_nocovid,"YF:YF,routine,with:default_nocovid",YF,total,routine,COG,Congo,1985,0,0,use default routine age for this projection,<NA>,0,both,<NA>
yf-preventive-default_nocovid,"YF:YF,routine,with:default_nocovid",YF,total,routine,COG,Congo,1986,0,0,use default routine age for this projection,<NA>,0,both,<NA>
yf-preventive-default_nocovid,"YF:YF,routine,with:default_nocovid",YF,total,routine,COG,Congo,1987,0,0,use default routine age for this projection,<NA>,0,both,<NA>
yf-preventive-default_nocovid,"YF:YF,routine,with:default_nocovid",YF,total,routine,COG,Congo,1988,0,0,use default routine age for this projection,<NA>,0,both,<NA>
yf-preventive-default_nocovid,"YF:YF,routine,with:default_nocovid",YF,total,routine,COG,Congo,1989,0,0,use default routine age for this projection,<NA>,0,both,<NA>
yf-preventive-default_nocovid,"YF:YF,routine,with:default_nocovid",YF,total,routine,COG,Congo,1990,0,0,use default routine age for this projection,<NA>,0,both,<NA>
yf-preventive-default_nocovid,"YF:YF,routine,with:default_nocovid",YF,total,routine,COG,Congo,1991,0,0,use default routine age for this projection,<NA>,0,both,<NA>
yf-preventive-default_nocovid,"YF:YF,routine,with:default_nocovid",YF,total,routine,COG,Congo,1992,0,0,use default routine age for this projection,<NA>,0,both,<NA>
yf-preventive-default_nocovid,"YF:YF,routine,with:default_nocovid",YF,total,routine,COG,Congo,1993,0,0,use default routine age for this projection,<NA>,0,both,<NA>
yf-preventive-default_nocovid,"YF:YF,routine,with:default_nocovid",YF,total,routine,COG,Congo,1994,0,0,use default routine age for this projection,<NA>,0,both,<NA>
yf-preventive-default_nocovid,"YF:YF,routine,with:default_nocovid",YF,total,routine,COG,Congo,1995,0,0,use default routine age for this projection,<NA>,0,both,<NA>
yf-preventive-default_nocovid,"YF:YF,routine,with:default_nocovid",YF,total,routine,COG,Congo,1996,0,0,use default routine age for this projection,<NA>,0,both,<NA>
yf-preventive-default_nocovid,"YF:YF,routine,with:default_nocovid",YF,total,routine,COG,Congo,1997,0,0,use default routine age for this projection,<NA>,0,both,<NA>
yf-preventive-default_nocovid,"YF:YF,routine,with:default_nocovid",YF,total,routine,COG,Congo,1998,0,0,use default routine age for this projection,<NA>,0,both,<NA>
yf-preventive-default_nocovid,"YF:YF,routine,with:default_nocovid",YF,total,routine,COG,Congo,1999,0,0,use default routine age for this projection,<NA>,0,both,<NA>
yf-preventive-default_nocovid,"YF:YF,routine,with:default_nocovid",YF,total,routine,COG,Congo,2000,0,0,use default routine age for this projection,<NA>,0,both,<NA>
yf-preventive-default_nocovid,"YF:YF,routine,with:default_nocovid",YF,total,routine,COG,Congo,2001,0,0,use default routine age for this projection,<NA>,0,both,<NA>
yf-preventive-default_nocovid,"YF:YF,routine,with:default_nocovid",YF,total,routine,COG,Congo,2002,0,0,use default routine age for this projection,<NA>,0,both,<NA>
yf-preventive-default_nocovid,"YF:YF,routine,with:default_nocovid",YF,total,routine,COG,Congo,2003,0,0,use default routine age for this projection,<NA>,0,both,<NA>
yf-preventive-default_nocovid,"YF:YF,routine,with:default_nocovid",YF,total,routine,COG,Congo,2004,0,0,default routine age,<NA>,0.47999999999999998224,both,<NA>
yf-preventive-default_nocovid,"YF:YF,routine,with:default_nocovid",YF,total,routine,COG,Congo,2005,0,0,default routine age,<NA>,0.54000000000000003553,both,<NA>
yf-preventive-default_nocovid,"YF:YF,routine,with:default_nocovid",YF,total,routine,COG,Congo,2006,0,0,default routine age,<NA>,0.66000000000000003109,both,<NA>
yf-preventive-default_nocovid,"YF:YF,routine,with:default_nocovid",YF,total,routine,COG,Congo,2007,0,0,default routine age,<NA>,0.63000000000000000444,both,<NA>
yf-preventive-default_nocovid,"YF:YF,routine,with:default_nocovid",YF,total,routine,COG,Congo,2008,0,0,default routine age,<NA>,0.67000000000000003997,both,<NA>
yf-preventive-default_nocovid,"YF:YF,routine,with:default_nocovid",YF,total,routine,COG,Congo,2009,0,0,default routine age,<NA>,0.66000000000000003109,both,<NA>
yf-preventive-default_nocovid,"YF:YF,routine,with:default_nocovid",YF,total,routine,COG,Congo,2010,0,0,default routine age,<NA>,0.75,both,<NA>
yf-preventive-default_nocovid,"YF:YF,routine,with:default_nocovid",YF,total,routine,COG,Congo,2011,0,0,default routine age,<NA>,0.73999999999999999112,both,<NA>
yf-preventive-default_nocovid,"YF:YF,routine,with:default_nocovid",YF,total,routine,COG,Congo,2012,0,0,default routine age,<NA>,0.61999999999999999556,both,<NA>
yf-preventive-default_nocovid,"YF:YF,routine,with:default_nocovid",YF,total,routine,COG,Congo,2013,0,0,default routine age,<NA>,0.80000000000000004441,both,<NA>
yf-preventive-default_nocovid,"YF:YF,routine,with:default_nocovid",YF,total,routine,COG,Congo,2014,0,0,default routine age,<NA>,0.80000000000000004441,both,<NA>
yf-preventive-default_nocovid,"YF:YF,routine,with:default_nocovid",YF,total,routine,COG,Congo,2015,0,0,default routine age,<NA>,0.80000000000000004441,both,<NA>
yf-preventive-default_nocovid,"YF:YF,routine,with:default_nocovid",YF,total,routine,COG,Congo,2016,0,0,default routine age,<NA>,0.58999999999999996891,both,<NA>
yf-preventive-default_nocovid,"YF:YF,routine,with:default_nocovid",YF,total,routine,COG,Congo,2017,0,0,default routine age,<NA>,0.63000000000000000444,both,<NA>
yf-preventive-default_nocovid,"YF:YF,routine,with:default_nocovid",YF,total,routine,COG,Congo,2018,0,0,default routine age,<NA>,0.66000000000000003109,both,<NA>
yf-preventive-default_nocovid,"YF:YF,routine,with:default_nocovid",YF,total,routine,COG,Congo,2019,0,0,default routine age,<NA>,0.70999999999999996447,both,<NA>
yf-preventive-default_nocovid,"YF:YF,routine,with:default_nocovid",YF,total,routine,COG,Congo,2020,0,0,default routine age,<NA>,0.68999999999999994671,both,<NA>
yf-preventive-default_nocovid,"YF:YF,routine,with:default_nocovid",YF,total,routine,COG,Congo,2021,0,0,default routine age,<NA>,0.69999999999999995559,both,<NA>
yf-preventive-default_nocovid,"YF:YF,routine,with:default_nocovid",YF,total,routine,COG,Congo,2022,0,0,<NA>,<NA>,0.69729493215365256908,both,<NA>
yf-preventive-default_nocovid,"YF:YF,routine,with:default_nocovid",YF,total,routine,COG,Congo,2023,0,0,<NA>,<NA>,0.69456547300046078686,both,<NA>
yf-preventive-default_nocovid,"YF:YF,routine,with:default_nocovid",YF,total,routine,COG,Congo,2024,0,0,<NA>,<NA>,0.69181140260662488117,both,<NA>
yf-preventive-default_nocovid,"YF:YF,routine,with:default_nocovid",YF,total,routine,COG,Congo,2025,0,0,<NA>,<NA>,0.68903249905522578889,both,<NA>
yf-preventive-default_nocovid,"YF:YF,routine,with:default_nocovid",YF,total,routine,COG,Congo,2026,0,0,<NA>,<NA>,0.68622853842834352633,both,<NA>
yf-preventive-default_nocovid,"YF:YF,routine,with:default_nocovid",YF,total,routine,COG,Congo,2027,0,0,<NA>,<NA>,0.68339929478901373372,both,<NA>
yf-preventive-default_nocovid,"YF:YF,routine,with:default_nocovid",YF,total,routine,COG,Congo,2028,0,0,<NA>,<NA>,0.68054454016302323716,both,<NA>
yf-preventive-default_nocovid,"YF:YF,routine,with:default_nocovid",YF,total,routine,COG,Congo,2029,0,0,<NA>,<NA>,0.67766404452053963237,both,<NA>
yf-preventive-default_nocovid,"YF:YF,routine,with:default_nocovid",YF,total,routine,COG,Congo,2030,0,0,<NA>,<NA>,0.67475757575757577822,both,<NA>
yf-preventive-default_nocovid,"YF:YF,routine,with:default_nocovid",YF,total,routine,COG,Congo,2031,0,0,<NA>,<NA>,0.6847575757575757871,both,<NA>
yf-preventive-default_nocovid,"YF:YF,routine,with:default_nocovid",YF,total,routine,COG,Congo,2032,0,0,<NA>,<NA>,0.69475757575757579598,both,<NA>
yf-preventive-default_nocovid,"YF:YF,routine,with:default_nocovid",YF,total,routine,COG,Congo,2033,0,0,<NA>,<NA>,0.70475757575757580486,both,<NA>
yf-preventive-default_nocovid,"YF:YF,routine,with:default_nocovid",YF,total,routine,COG,Congo,2034,0,0,<NA>,<NA>,0.71475757575757581375,both,<NA>
yf-preventive-default_nocovid,"YF:YF,routine,with:default_nocovid",YF,total,routine,COG,Congo,2035,0,0,<NA>,<NA>,0.72475757575757582263,both,<NA>
yf-preventive-default_nocovid,"YF:YF,routine,with:default_nocovid",YF,total,routine,COG,Congo,2036,0,0,<NA>,<NA>,0.73475757575757572049,both,<NA>
yf-preventive-default_nocovid,"YF:YF,routine,with:default_nocovid",YF,total,routine,COG,Congo,2037,0,0,<NA>,<NA>,0.74475757575757572937,both,<NA>
yf-preventive-default_nocovid,"YF:YF,routine,with:default_nocovid",YF,total,routine,COG,Congo,2038,0,0,<NA>,<NA>,0.75475757575757573825,both,<NA>
yf-preventive-default_nocovid,"YF:YF,routine,with:default_nocovid",YF,total,routine,COG,Congo,2039,0,0,<NA>,<NA>,0.76475757575757574713,both,<NA>
yf-preventive-default_nocovid,"YF:YF,routine,with:default_nocovid",YF,total,routine,COG,Congo,2040,0,0,<NA>,<NA>,0.77475757575757575601,both,<NA>
yf-preventive-default_nocovid,"YF:YF,routine,with:default_nocovid",YF,total,routine,COG,Congo,2041,0,0,<NA>,<NA>,0.7847575757575757649,both,<NA>
yf-preventive-default_nocovid,"YF:YF,routine,with:default_nocovid",YF,total,routine,COG,Congo,2042,0,0,<NA>,<NA>,0.79475757575757577378,both,<NA>
yf-preventive-default_nocovid,"YF:YF,routine,with:default_nocovid",YF,total,routine,COG,Congo,2043,0,0,<NA>,<NA>,0.80475757575757578266,both,<NA>
yf-preventive-default_nocovid,"YF:YF,routine,with:default_nocovid",YF,total,routine,COG,Congo,2044,0,0,<NA>,<NA>,0.81475757575757579154,both,<NA>
yf-preventive-default_nocovid,"YF:YF,routine,with:default_nocovid",YF,total,routine,COG,Congo,2045,0,0,<NA>,<NA>,0.82475757575757580042,both,<NA>
yf-preventive-default_nocovid,"YF:YF,routine,with:default_nocovid",YF,total,routine,COG,Congo,2046,0,0,<NA>,<NA>,0.83475757575757580931,both,<NA>
yf-preventive-default_nocovid,"YF:YF,routine,with:default_nocovid",YF,total,routine,COG,Congo,2047,0,0,<NA>,<NA>,0.84475757575757581819,both,<NA>
yf-preventive-default_nocovid,"YF:YF,routine,with:default_nocovid",YF,total,routine,COG,Congo,2048,0,0,<NA>,<NA>,0.85475757575757582707,both,<NA>
yf-preventive-default_nocovid,"YF:YF,routine,with:default_nocovid",YF,total,routine,COG,Congo,2049,0,0,<NA>,<NA>,0.86475757575757583595,both,<NA>
yf-preventive-default_nocovid,"YF:YF,routine,with:default_nocovid",YF,total,routine,COG,Congo,2050,0,0,<NA>,<NA>,0.87475757575757584483,both,<NA>
yf-preventive-default_nocovid,"YF:YF,routine,with:default_nocovid",YF,total,routine,COG,Congo,2051,0,0,<NA>,<NA>,0.88475757575757574269,both,<NA>
yf-preventive-default_nocovid,"YF:YF,routine,with:default_nocovid",YF,total,routine,COG,Congo,2052,0,0,<NA>,<NA>,0.89475757575757575157,both,<NA>
yf-preventive-default_nocovid,"YF:YF,routine,with:default_nocovid",YF,total,routine,COG,Congo,2053,0,0,<NA>,<NA>,0.9000000000000000222,both,<NA>
yf-preventive-default_nocovid,"YF:YF,routine,with:default_nocovid",YF,total,routine,COG,Congo,2054,0,0,<NA>,<NA>,0.9000000000000000222,both,<NA>
yf-preventive-default_nocovid,"YF:YF,routine,with:default_nocovid",YF,total,routine,COG,Congo,2055,0,0,<NA>,<NA>,0.9000000000000000222,both,<NA>
yf-preventive-default_nocovid,"YF:YF,routine,with:default_nocovid",YF,total,routine,COG,Congo,2056,0,0,<NA>,<NA>,0.9000000000000000222,both,<NA>
yf-preventive-default_nocovid,"YF:YF,routine,with:default_nocovid",YF,total,routine,COG,Congo,2057,0,0,<NA>,<NA>,0.9000000000000000222,both,<NA>
yf-preventive-default_nocovid,"YF:YF,routine,with:default_nocovid",YF,total,routine,COG,Congo,2058,0,0,<NA>,<NA>,0.9000000000000000222,both,<NA>
yf-preventive-default_nocovid,"YF:YF,routine,with:default_nocovid",YF,total,routine,COG,Congo,2059,0,0,<NA>,<NA>,0.9000000000000000222,both,<NA>
yf-preventive-default_nocovid,"YF:YF,routine,with:default_nocovid",YF,total,routine,COG,Congo,2060,0,0,<NA>,<NA>,0.9000000000000000222,both,<NA>
yf-preventive-default_nocovid,"YF:YF,routine,with:default_nocovid",YF,total,routine,COG,Congo,2061,0,0,<NA>,<NA>,0.9000000000000000222,both,<NA>
yf-preventive-default_nocovid,"YF:YF,routine,with:default_nocovid",YF,total,routine,COG,Congo,2062,0,0,<NA>,<NA>,0.9000000000000000222,both,<NA>
yf-preventive-default_nocovid,"YF:YF,routine,with:default_nocovid",YF,total,routine,COG,Congo,2063,0,0,<NA>,<NA>,0.9000000000000000222,both,<NA>
yf-preventive-default_nocovid,"YF:YF,routine,with:default_nocovid",YF,total,routine,COG,Congo,2064,0,0,<NA>,<NA>,0.9000000000000000222,both,<NA>
yf-preventive-default_nocovid,"YF:YF,routine,with:default_nocovid",YF,total,routine,COG,Congo,2065,0,0,<NA>,<NA>,0.9000000000000000222,both,<NA>
yf-preventive-default_nocovid,"YF:YF,routine,with:default_nocovid",YF,total,routine,COG,Congo,2066,0,0,<NA>,<NA>,0.9000000000000000222,both,<NA>
yf-preventive-default_nocovid,"YF:YF,routine,with:default_nocovid",YF,total,routine,COG,Congo,2067,0,0,<NA>,<NA>,0.9000000000000000222,both,<NA>
yf-preventive-default_nocovid,"YF:YF,routine,with:default_nocovid",YF,total,routine,COG,Congo,2068,0,0,<NA>,<NA>,0.9000000000000000222,both,<NA>
yf-preventive-default_nocovid,"YF:YF,routine,with:default_nocovid",YF,total,routine,COG,Congo,2069,0,0,<NA>,<NA>,0.9000000000000000222,both,<NA>
yf-preventive-default_nocovid,"YF:YF,routine,with:default_nocovid",YF,total,routine,COG,Congo,2070,0,0,<NA>,<NA>,0.9000000000000000222,both,<NA>
yf-preventive-default_nocovid,"YF:YF,routine,with:default_nocovid",YF,total,routine,COG,Congo,2071,0,0,<NA>,<NA>,0.9000000000000000222,both,<NA>
yf-preventive-default_nocovid,"YF:YF,routine,with:default_nocovid",YF,total,routine,COG,Congo,2072,0,0,<NA>,<NA>,0.9000000000000000222,both,<NA>
yf-preventive-default_nocovid,"YF:YF,routine,with:default_nocovid",YF,total,routine,COG,Congo,2073,0,0,<NA>,<NA>,0.9000000000000000222,both,<NA>
yf-preventive-default_nocovid,"YF:YF,routine,with:default_nocovid",YF,total,routine,COG,Congo,2074,0,0,<NA>,<NA>,0.9000000000000000222,both,<NA>
yf-preventive-default_nocovid,"YF:YF,routine,with:default_nocovid",YF,total,routine,COG,Congo,2075,0,0,<NA>,<NA>,0.9000000000000000222,both,<NA>
yf-preventive-default_nocovid,"YF:YF,routine,with:default_nocovid",YF,total,routine,COG,Congo,2076,0,0,<NA>,<NA>,0.9000000000000000222,both,<NA>
yf-preventive-default_nocovid,"YF:YF,routine,with:default_nocovid",YF,total,routine,COG,Congo,2077,0,0,<NA>,<NA>,0.9000000000000000222,both,<NA>
yf-preventive-default_nocovid,"YF:YF,routine,with:default_nocovid",YF,total,routine,COG,Congo,2078,0,0,<NA>,<NA>,0.9000000000000000222,both,<NA>
yf-preventive-default_nocovid,"YF:YF,routine,with:default_nocovid",YF,total,routine,COG,Congo,2079,0,0,<NA>,<NA>,0.9000000000000000222,both,<NA>
yf-preventive-default_nocovid,"YF:YF,routine,with:default_nocovid",YF,total,routine,COG,Congo,2080,0,0,<NA>,<NA>,0.9000000000000000222,both,<NA>
yf-preventive-default_nocovid,"YF:YF,routine,with:default_nocovid",YF,total,routine,COG,Congo,2081,0,0,<NA>,<NA>,0.9000000000000000222,both,<NA>
yf-preventive-default_nocovid,"YF:YF,routine,with:default_nocovid",YF,total,routine,COG,Congo,2082,0,0,<NA>,<NA>,0.9000000000000000222,both,<NA>
yf-preventive-default_nocovid,"YF:YF,routine,with:default_nocovid",YF,total,routine,COG,Congo,2083,0,0,<NA>,<NA>,0.9000000000000000222,both,<NA>
yf-preventive-default_nocovid,"YF:YF,routine,with:default_nocovid",YF,total,routine,COG,Congo,2084,0,0,<NA>,<NA>,0.9000000000000000222,both,<NA>
yf-preventive-default_nocovid,"YF:YF,routine,with:default_nocovid",YF,total,routine,COG,Congo,2085,0,0,<NA>,<NA>,0.9000000000000000222,both,<NA>
yf-preventive-default_nocovid,"YF:YF,routine,with:default_nocovid",YF,total,routine,COG,Congo,2086,0,0,<NA>,<NA>,0.9000000000000000222,both,<NA>
yf-preventive-default_nocovid,"YF:YF,routine,with:default_nocovid",YF,total,routine,COG,Congo,2087,0,0,<NA>,<NA>,0.9000000000000000222,both,<NA>
yf-preventive-default_nocovid,"YF:YF,routine,with:default_nocovid",YF,total,routine,COG,Congo,2088,0,0,<NA>,<NA>,0.9000000000000000222,both,<NA>
yf-preventive-default_nocovid,"YF:YF,routine,with:default_nocovid",YF,total,routine,COG,Congo,2089,0,0,<NA>,<NA>,0.9000000000000000222,both,<NA>
yf-preventive-default_nocovid,"YF:YF,routine,with:default_nocovid",YF,total,routine,COG,Congo,2090,0,0,<NA>,<NA>,0.9000000000000000222,both,<NA>
yf-preventive-default_nocovid,"YF:YF,routine,with:default_nocovid",YF,total,routine,COG,Congo,2091,0,0,<NA>,<NA>,0.9000000000000000222,both,<NA>
yf-preventive-default_nocovid,"YF:YF,routine,with:default_nocovid",YF,total,routine,COG,Congo,2092,0,0,<NA>,<NA>,0.9000000000000000222,both,<NA>
yf-preventive-default_nocovid,"YF:YF,routine,with:default_nocovid",YF,total,routine,COG,Congo,2093,0,0,<NA>,<NA>,0.9000000000000000222,both,<NA>
yf-preventive-default_nocovid,"YF:YF,routine,with:default_nocovid",YF,total,routine,COG,Congo,2094,0,0,<NA>,<NA>,0.9000000000000000222,both,<NA>
yf-preventive-default_nocovid,"YF:YF,routine,with:default_nocovid",YF,total,routine,COG,Congo,2095,0,0,<NA>,<NA>,0.9000000000000000222,both,<NA>
yf-preventive-default_nocovid,"YF:YF,routine,with:default_nocovid",YF,total,routine,COG,Congo,2096,0,0,<NA>,<NA>,0.9000000000000000222,both,<NA>
yf-preventive-default_nocovid,"YF:YF,routine,with:default_nocovid",YF,total,routine,COG,Congo,2097,0,0,<NA>,<NA>,0.9000000000000000222,both,<NA>
yf-preventive-default_nocovid,"YF:YF,routine,with:default_nocovid",YF,total,routine,COG,Congo,2098,0,0,<NA>,<NA>,0.9000000000000000222,both,<NA>
yf-preventive-default_nocovid,"YF:YF,routine,with:default_nocovid",YF,total,routine,COG,Congo,2099,0,0,<NA>,<NA>,0.9000000000000000222,both,<NA>
yf-preventive-default_nocovid,"YF:YF,routine,with:default_nocovid",YF,total,routine,COG,Congo,2100,0,0,<NA>,<NA>,0.9000000000000000222,both,<NA>
yf-preventive-default_nocovid,"YF:YF,routine,with:default_nocovid",YF,total,routine,COL,Colombia,1980,0,0,use default routine age for this projection,<NA>,0,both,<NA>
yf-preventive-default_nocovid,"YF:YF,routine,with:default_nocovid",YF,total,routine,COL,Colombia,1981,0,0,use default routine age for this projection,<NA>,0,both,<NA>
yf-preventive-default_nocovid,"YF:YF,routine,with:default_nocovid",YF,total,routine,COL,Colombia,1982,0,0,use default routine age for this projection,<NA>,0,both,<NA>
yf-preventive-default_nocovid,"YF:YF,routine,with:default_nocovid",YF,total,routine,COL,Colombia,1983,0,0,use default routine age for this projection,<NA>,0,both,<NA>
yf-preventive-default_nocovid,"YF:YF,routine,with:default_nocovid",YF,total,routine,COL,Colombia,1984,0,0,use default routine age for this projection,<NA>,0,both,<NA>
yf-preventive-default_nocovid,"YF:YF,routine,with:default_nocovid",YF,total,routine,COL,Colombia,1985,0,0,use default routine age for this projection,<NA>,0,both,<NA>
yf-preventive-default_nocovid,"YF:YF,routine,with:default_nocovid",YF,total,routine,COL,Colombia,1986,0,0,use default routine age for this projection,<NA>,0,both,<NA>
yf-preventive-default_nocovid,"YF:YF,routine,with:default_nocovid",YF,total,routine,COL,Colombia,1987,0,0,use default routine age for this projection,<NA>,0,both,<NA>
yf-preventive-default_nocovid,"YF:YF,routine,with:default_nocovid",YF,total,routine,COL,Colombia,1988,0,0,use default routine age for this projection,<NA>,0,both,<NA>
yf-preventive-default_nocovid,"YF:YF,routine,with:default_nocovid",YF,total,routine,COL,Colombia,1989,0,0,use default routine age for this projection,<NA>,0,both,<NA>
yf-preventive-default_nocovid,"YF:YF,routine,with:default_nocovid",YF,total,routine,COL,Colombia,1990,0,0,use default routine age for this projection,<NA>,0,both,<NA>
yf-preventive-default_nocovid,"YF:YF,routine,with:default_nocovid",YF,total,routine,COL,Colombia,1991,0,0,use default routine age for this projection,<NA>,0,both,<NA>
yf-preventive-default_nocovid,"YF:YF,routine,with:default_nocovid",YF,total,routine,COL,Colombia,1992,0,0,use default routine age for this projection,<NA>,0,both,<NA>
yf-preventive-default_nocovid,"YF:YF,routine,with:default_nocovid",YF,total,routine,COL,Colombia,1993,0,0,use default routine age for this projection,<NA>,0,both,<NA>
yf-preventive-default_nocovid,"YF:YF,routine,with:default_nocovid",YF,total,routine,COL,Colombia,1994,0,0,use default routine age for this projection,<NA>,0,both,<NA>
yf-preventive-default_nocovid,"YF:YF,routine,with:default_nocovid",YF,total,routine,COL,Colombia,1995,0,0,use default routine age for this projection,<NA>,0,both,<NA>
yf-preventive-default_nocovid,"YF:YF,routine,with:default_nocovid",YF,total,routine,COL,Colombia,1996,0,0,use default routine age for this projection,<NA>,0,both,<NA>
yf-preventive-default_nocovid,"YF:YF,routine,with:default_nocovid",YF,total,routine,COL,Colombia,1997,0,0,use default routine age for this projection,<NA>,0,both,<NA>
yf-preventive-default_nocovid,"YF:YF,routine,with:default_nocovid",YF,total,routine,COL,Colombia,1998,0,0,use default routine age for this projection,<NA>,0,both,<NA>
yf-preventive-default_nocovid,"YF:YF,routine,with:default_nocovid",YF,total,routine,COL,Colombia,1999,0,0,use default routine age for this projection,<NA>,0,both,<NA>
yf-preventive-default_nocovid,"YF:YF,routine,with:default_nocovid",YF,total,routine,COL,Colombia,2000,0,0,use default routine age for this projection,<NA>,0,both,<NA>
yf-preventive-default_nocovid,"YF:YF,routine,with:default_nocovid",YF,total,routine,COL,Colombia,2001,0,0,use default routine age for this projection,<NA>,0,both,<NA>
yf-preventive-default_nocovid,"YF:YF,routine,with:default_nocovid",YF,total,routine,COL,Colombia,2002,0,0,use default routine age for this projection,<NA>,0,both,<NA>
yf-preventive-default_nocovid,"YF:YF,routine,with:default_nocovid",YF,total,routine,COL,Colombia,2003,0,0,use default routine age for this projection,<NA>,0,both,<NA>
yf-preventive-default_nocovid,"YF:YF,routine,with:default_nocovid",YF,total,routine,COL,Colombia,2004,0,0,use default routine age for this projection,<NA>,0,both,<NA>
yf-preventive-default_nocovid,"YF:YF,routine,with:default_nocovid",YF,total,routine,COL,Colombia,2005,0,0,use default routine age for this projection,<NA>,0,both,<NA>
yf-preventive-default_nocovid,"YF:YF,routine,with:default_nocovid",YF,total,routine,COL,Colombia,2006,0,0,default routine age,<NA>,0.88000000000000000444,both,<NA>
yf-preventive-default_nocovid,"YF:YF,routine,with:default_nocovid",YF,total,routine,COL,Colombia,2007,0,0,default routine age,<NA>,0.83999999999999996891,both,<NA>
yf-preventive-default_nocovid,"YF:YF,routine,with:default_nocovid",YF,total,routine,COL,Colombia,2008,0,0,default routine age,<NA>,0.81000000000000005329,both,<NA>
yf-preventive-default_nocovid,"YF:YF,routine,with:default_nocovid",YF,total,routine,COL,Colombia,2009,0,0,default routine age,<NA>,0.80000000000000004441,both,<NA>
yf-preventive-default_nocovid,"YF:YF,routine,with:default_nocovid",YF,total,routine,COL,Colombia,2010,0,0,default routine age,<NA>,0.79000000000000003553,both,<NA>
yf-preventive-default_nocovid,"YF:YF,routine,with:default_nocovid",YF,total,routine,COL,Colombia,2011,0,0,default routine age,<NA>,0.88000000000000000444,both,<NA>
yf-preventive-default_nocovid,"YF:YF,routine,with:default_nocovid",YF,total,routine,COL,Colombia,2012,0,0,default routine age,<NA>,0.92000000000000003997,both,<NA>
yf-preventive-default_nocovid,"YF:YF,routine,with:default_nocovid",YF,total,routine,COL,Colombia,2013,0,0,default routine age,<NA>,0.92000000000000003997,both,<NA>
yf-preventive-default_nocovid,"YF:YF,routine,with:default_nocovid",YF,total,routine,COL,Colombia,2014,0,0,default routine age,<NA>,0.92000000000000003997,both,<NA>
yf-preventive-default_nocovid,"YF:YF,routine,with:default_nocovid",YF,total,routine,COL,Colombia,2015,0,0,default routine age,<NA>,0.8499999999999999778,both,<NA>
yf-preventive-default_nocovid,"YF:YF,routine,with:default_nocovid",YF,total,routine,COL,Colombia,2016,0,0,default routine age,<NA>,0.77000000000000001776,both,<NA>
yf-preventive-default_nocovid,"YF:YF,routine,with:default_nocovid",YF,total,routine,COL,Colombia,2017,0,0,default routine age,<NA>,0.88000000000000000444,both,<NA>
yf-preventive-default_nocovid,"YF:YF,routine,with:default_nocovid",YF,total,routine,COL,Colombia,2018,0,0,default routine age,<NA>,0.86999999999999999556,both,<NA>
yf-preventive-default_nocovid,"YF:YF,routine,with:default_nocovid",YF,total,routine,COL,Colombia,2019,0,0,default routine age,<NA>,0.9000000000000000222,both,<NA>
yf-preventive-default_nocovid,"YF:YF,routine,with:default_nocovid",YF,total,routine,COL,Colombia,2020,0,0,default routine age,<NA>,0.90037563172848655846,both,<NA>
yf-preventive-default_nocovid,"YF:YF,routine,with:default_nocovid",YF,total,routine,COL,Colombia,2021,0,0,default routine age,<NA>,0.86999999999999999556,both,<NA>
yf-preventive-default_nocovid,"YF:YF,routine,with:default_nocovid",YF,total,routine,COL,Colombia,2022,0,0,<NA>,<NA>,0.87236192766060149939,both,<NA>
yf-preventive-default_nocovid,"YF:YF,routine,with:default_nocovid",YF,total,routine,COL,Colombia,2023,0,0,<NA>,<NA>,0.87468094222678827165,both,<NA>
yf-preventive-default_nocovid,"YF:YF,routine,with:default_nocovid",YF,total,routine,COL,Colombia,2024,0,0,<NA>,<NA>,0.87695782337259631234,both,<NA>
yf-preventive-default_nocovid,"YF:YF,routine,with:default_nocovid",YF,total,routine,COL,Colombia,2025,0,0,<NA>,<NA>,0.87919333660641851846,both,<NA>
yf-preventive-default_nocovid,"YF:YF,routine,with:default_nocovid",YF,total,routine,COL,Colombia,2026,0,0,<NA>,<NA>,0.88138823352837447622,both,<NA>
yf-preventive-default_nocovid,"YF:YF,routine,with:default_nocovid",YF,total,routine,COL,Colombia,2027,0,0,<NA>,<NA>,0.88354325208300621419,both,<NA>
yf-preventive-default_nocovid,"YF:YF,routine,with:default_nocovid",YF,total,routine,COL,Colombia,2028,0,0,<NA>,<NA>,0.8856591168073819631,both,<NA>
yf-preventive-default_nocovid,"YF:YF,routine,with:default_nocovid",YF,total,routine,COL,Colombia,2029,0,0,<NA>,<NA>,0.88773653907469152191,both,<NA>
yf-preventive-default_nocovid,"YF:YF,routine,with:default_nocovid",YF,total,routine,COL,Colombia,2030,0,0,<NA>,<NA>,0.88977621733341716315,both,<NA>
yf-preventive-default_nocovid,"YF:YF,routine,with:default_nocovid",YF,total,routine,COL,Colombia,2031,0,0,<NA>,<NA>,0.89977621733341717203,both,<NA>
yf-preventive-default_nocovid,"YF:YF,routine,with:default_nocovid",YF,total,routine,COL,Colombia,2032,0,0,<NA>,<NA>,0.90977621733341718091,both,<NA>
yf-preventive-default_nocovid,"YF:YF,routine,with:default_nocovid",YF,total,routine,COL,Colombia,2033,0,0,<NA>,<NA>,0.91977621733341718979,both,<NA>
yf-preventive-default_nocovid,"YF:YF,routine,with:default_nocovid",YF,total,routine,COL,Colombia,2034,0,0,<NA>,<NA>,0.92000000000000003997,both,<NA>
yf-preventive-default_nocovid,"YF:YF,routine,with:default_nocovid",YF,total,routine,COL,Colombia,2035,0,0,<NA>,<NA>,0.92000000000000003997,both,<NA>
yf-preventive-default_nocovid,"YF:YF,routine,with:default_nocovid",YF,total,routine,COL,Colombia,2036,0,0,<NA>,<NA>,0.92000000000000003997,both,<NA>
yf-preventive-default_nocovid,"YF:YF,routine,with:default_nocovid",YF,total,routine,COL,Colombia,2037,0,0,<NA>,<NA>,0.92000000000000003997,both,<NA>
yf-preventive-default_nocovid,"YF:YF,routine,with:default_nocovid",YF,total,routine,COL,Colombia,2038,0,0,<NA>,<NA>,0.92000000000000003997,both,<NA>
yf-preventive-default_nocovid,"YF:YF,routine,with:default_nocovid",YF,total,routine,COL,Colombia,2039,0,0,<NA>,<NA>,0.92000000000000003997,both,<NA>
yf-preventive-default_nocovid,"YF:YF,routine,with:default_nocovid",YF,total,routine,COL,Colombia,2040,0,0,<NA>,<NA>,0.92000000000000003997,both,<NA>
yf-preventive-default_nocovid,"YF:YF,routine,with:default_nocovid",YF,total,routine,COL,Colombia,2041,0,0,<NA>,<NA>,0.92000000000000003997,both,<NA>
yf-preventive-default_nocovid,"YF:YF,routine,with:default_nocovid",YF,total,routine,COL,Colombia,2042,0,0,<NA>,<NA>,0.92000000000000003997,both,<NA>
yf-preventive-default_nocovid,"YF:YF,routine,with:default_nocovid",YF,total,routine,COL,Colombia,2043,0,0,<NA>,<NA>,0.92000000000000003997,both,<NA>
yf-preventive-default_nocovid,"YF:YF,routine,with:default_nocovid",YF,total,routine,COL,Colombia,2044,0,0,<NA>,<NA>,0.92000000000000003997,both,<NA>
yf-preventive-default_nocovid,"YF:YF,routine,with:default_nocovid",YF,total,routine,COL,Colombia,2045,0,0,<NA>,<NA>,0.92000000000000003997,both,<NA>
yf-preventive-default_nocovid,"YF:YF,routine,with:default_nocovid",YF,total,routine,COL,Colombia,2046,0,0,<NA>,<NA>,0.92000000000000003997,both,<NA>
yf-preventive-default_nocovid,"YF:YF,routine,with:default_nocovid",YF,total,routine,COL,Colombia,2047,0,0,<NA>,<NA>,0.92000000000000003997,both,<NA>
yf-preventive-default_nocovid,"YF:YF,routine,with:default_nocovid",YF,total,routine,COL,Colombia,2048,0,0,<NA>,<NA>,0.92000000000000003997,both,<NA>
yf-preventive-default_nocovid,"YF:YF,routine,with:default_nocovid",YF,total,routine,COL,Colombia,2049,0,0,<NA>,<NA>,0.92000000000000003997,both,<NA>
yf-preventive-default_nocovid,"YF:YF,routine,with:default_nocovid",YF,total,routine,COL,Colombia,2050,0,0,<NA>,<NA>,0.92000000000000003997,both,<NA>
yf-preventive-default_nocovid,"YF:YF,routine,with:default_nocovid",YF,total,routine,COL,Colombia,2051,0,0,<NA>,<NA>,0.92000000000000003997,both,<NA>
yf-preventive-default_nocovid,"YF:YF,routine,with:default_nocovid",YF,total,routine,COL,Colombia,2052,0,0,<NA>,<NA>,0.92000000000000003997,both,<NA>
yf-preventive-default_nocovid,"YF:YF,routine,with:default_nocovid",YF,total,routine,COL,Colombia,2053,0,0,<NA>,<NA>,0.92000000000000003997,both,<NA>
yf-preventive-default_nocovid,"YF:YF,routine,with:default_nocovid",YF,total,routine,COL,Colombia,2054,0,0,<NA>,<NA>,0.92000000000000003997,both,<NA>
yf-preventive-default_nocovid,"YF:YF,routine,with:default_nocovid",YF,total,routine,COL,Colombia,2055,0,0,<NA>,<NA>,0.92000000000000003997,both,<NA>
yf-preventive-default_nocovid,"YF:YF,routine,with:default_nocovid",YF,total,routine,COL,Colombia,2056,0,0,<NA>,<NA>,0.92000000000000003997,both,<NA>
yf-preventive-default_nocovid,"YF:YF,routine,with:default_nocovid",YF,total,routine,COL,Colombia,2057,0,0,<NA>,<NA>,0.92000000000000003997,both,<NA>
yf-preventive-default_nocovid,"YF:YF,routine,with:default_nocovid",YF,total,routine,COL,Colombia,2058,0,0,<NA>,<NA>,0.92000000000000003997,both,<NA>
yf-preventive-default_nocovid,"YF:YF,routine,with:default_nocovid",YF,total,routine,COL,Colombia,2059,0,0,<NA>,<NA>,0.92000000000000003997,both,<NA>
yf-preventive-default_nocovid,"YF:YF,routine,with:default_nocovid",YF,total,routine,COL,Colombia,2060,0,0,<NA>,<NA>,0.92000000000000003997,both,<NA>
yf-preventive-default_nocovid,"YF:YF,routine,with:default_nocovid",YF,total,routine,COL,Colombia,2061,0,0,<NA>,<NA>,0.92000000000000003997,both,<NA>
yf-preventive-default_nocovid,"YF:YF,routine,with:default_nocovid",YF,total,routine,COL,Colombia,2062,0,0,<NA>,<NA>,0.92000000000000003997,both,<NA>
yf-preventive-default_nocovid,"YF:YF,routine,with:default_nocovid",YF,total,routine,COL,Colombia,2063,0,0,<NA>,<NA>,0.92000000000000003997,both,<NA>
yf-preventive-default_nocovid,"YF:YF,routine,with:default_nocovid",YF,total,routine,COL,Colombia,2064,0,0,<NA>,<NA>,0.92000000000000003997,both,<NA>
yf-preventive-default_nocovid,"YF:YF,routine,with:default_nocovid",YF,total,routine,COL,Colombia,2065,0,0,<NA>,<NA>,0.92000000000000003997,both,<NA>
yf-preventive-default_nocovid,"YF:YF,routine,with:default_nocovid",YF,total,routine,COL,Colombia,2066,0,0,<NA>,<NA>,0.92000000000000003997,both,<NA>
yf-preventive-default_nocovid,"YF:YF,routine,with:default_nocovid",YF,total,routine,COL,Colombia,2067,0,0,<NA>,<NA>,0.92000000000000003997,both,<NA>
yf-preventive-default_nocovid,"YF:YF,routine,with:default_nocovid",YF,total,routine,COL,Colombia,2068,0,0,<NA>,<NA>,0.92000000000000003997,both,<NA>
yf-preventive-default_nocovid,"YF:YF,routine,with:default_nocovid",YF,total,routine,COL,Colombia,2069,0,0,<NA>,<NA>,0.92000000000000003997,both,<NA>
yf-preventive-default_nocovid,"YF:YF,routine,with:default_nocovid",YF,total,routine,COL,Colombia,2070,0,0,<NA>,<NA>,0.92000000000000003997,both,<NA>
yf-preventive-default_nocovid,"YF:YF,routine,with:default_nocovid",YF,total,routine,COL,Colombia,2071,0,0,<NA>,<NA>,0.92000000000000003997,both,<NA>
yf-preventive-default_nocovid,"YF:YF,routine,with:default_nocovid",YF,total,routine,COL,Colombia,2072,0,0,<NA>,<NA>,0.92000000000000003997,both,<NA>
yf-preventive-default_nocovid,"YF:YF,routine,with:default_nocovid",YF,total,routine,COL,Colombia,2073,0,0,<NA>,<NA>,0.92000000000000003997,both,<NA>
yf-preventive-default_nocovid,"YF:YF,routine,with:default_nocovid",YF,total,routine,COL,Colombia,2074,0,0,<NA>,<NA>,0.92000000000000003997,both,<NA>
yf-preventive-default_nocovid,"YF:YF,routine,with:default_nocovid",YF,total,routine,COL,Colombia,2075,0,0,<NA>,<NA>,0.92000000000000003997,both,<NA>
yf-preventive-default_nocovid,"YF:YF,routine,with:default_nocovid",YF,total,routine,COL,Colombia,2076,0,0,<NA>,<NA>,0.92000000000000003997,both,<NA>
yf-preventive-default_nocovid,"YF:YF,routine,with:default_nocovid",YF,total,routine,COL,Colombia,2077,0,0,<NA>,<NA>,0.92000000000000003997,both,<NA>
yf-preventive-default_nocovid,"YF:YF,routine,with:default_nocovid",YF,total,routine,COL,Colombia,2078,0,0,<NA>,<NA>,0.92000000000000003997,both,<NA>
yf-preventive-default_nocovid,"YF:YF,routine,with:default_nocovid",YF,total,routine,COL,Colombia,2079,0,0,<NA>,<NA>,0.92000000000000003997,both,<NA>
yf-preventive-default_nocovid,"YF:YF,routine,with:default_nocovid",YF,total,routine,COL,Colombia,2080,0,0,<NA>,<NA>,0.92000000000000003997,both,<NA>
yf-preventive-default_nocovid,"YF:YF,routine,with:default_nocovid",YF,total,routine,COL,Colombia,2081,0,0,<NA>,<NA>,0.92000000000000003997,both,<NA>
yf-preventive-default_nocovid,"YF:YF,routine,with:default_nocovid",YF,total,routine,COL,Colombia,2082,0,0,<NA>,<NA>,0.92000000000000003997,both,<NA>
yf-preventive-default_nocovid,"YF:YF,routine,with:default_nocovid",YF,total,routine,COL,Colombia,2083,0,0,<NA>,<NA>,0.92000000000000003997,both,<NA>
yf-preventive-default_nocovid,"YF:YF,routine,with:default_nocovid",YF,total,routine,COL,Colombia,2084,0,0,<NA>,<NA>,0.92000000000000003997,both,<NA>
yf-preventive-default_nocovid,"YF:YF,routine,with:default_nocovid",YF,total,routine,COL,Colombia,2085,0,0,<NA>,<NA>,0.92000000000000003997,both,<NA>
yf-preventive-default_nocovid,"YF:YF,routine,with:default_nocovid",YF,total,routine,COL,Colombia,2086,0,0,<NA>,<NA>,0.92000000000000003997,both,<NA>
yf-preventive-default_nocovid,"YF:YF,routine,with:default_nocovid",YF,total,routine,COL,Colombia,2087,0,0,<NA>,<NA>,0.92000000000000003997,both,<NA>
yf-preventive-default_nocovid,"YF:YF,routine,with:default_nocovid",YF,total,routine,COL,Colombia,2088,0,0,<NA>,<NA>,0.92000000000000003997,both,<NA>
yf-preventive-default_nocovid,"YF:YF,routine,with:default_nocovid",YF,total,routine,COL,Colombia,2089,0,0,<NA>,<NA>,0.92000000000000003997,both,<NA>
yf-preventive-default_nocovid,"YF:YF,routine,with:default_nocovid",YF,total,routine,COL,Colombia,2090,0,0,<NA>,<NA>,0.92000000000000003997,both,<NA>
yf-preventive-default_nocovid,"YF:YF,routine,with:default_nocovid",YF,total,routine,COL,Colombia,2091,0,0,<NA>,<NA>,0.92000000000000003997,both,<NA>
yf-preventive-default_nocovid,"YF:YF,routine,with:default_nocovid",YF,total,routine,COL,Colombia,2092,0,0,<NA>,<NA>,0.92000000000000003997,both,<NA>
yf-preventive-default_nocovid,"YF:YF,routine,with:default_nocovid",YF,total,routine,COL,Colombia,2093,0,0,<NA>,<NA>,0.92000000000000003997,both,<NA>
yf-preventive-default_nocovid,"YF:YF,routine,with:default_nocovid",YF,total,routine,COL,Colombia,2094,0,0,<NA>,<NA>,0.92000000000000003997,both,<NA>
yf-preventive-default_nocovid,"YF:YF,routine,with:default_nocovid",YF,total,routine,COL,Colombia,2095,0,0,<NA>,<NA>,0.92000000000000003997,both,<NA>
yf-preventive-default_nocovid,"YF:YF,routine,with:default_nocovid",YF,total,routine,COL,Colombia,2096,0,0,<NA>,<NA>,0.92000000000000003997,both,<NA>
yf-preventive-default_nocovid,"YF:YF,routine,with:default_nocovid",YF,total,routine,COL,Colombia,2097,0,0,<NA>,<NA>,0.92000000000000003997,both,<NA>
yf-preventive-default_nocovid,"YF:YF,routine,with:default_nocovid",YF,total,routine,COL,Colombia,2098,0,0,<NA>,<NA>,0.92000000000000003997,both,<NA>
yf-preventive-default_nocovid,"YF:YF,routine,with:default_nocovid",YF,total,routine,COL,Colombia,2099,0,0,<NA>,<NA>,0.92000000000000003997,both,<NA>
yf-preventive-default_nocovid,"YF:YF,routine,with:default_nocovid",YF,total,routine,COL,Colombia,2100,0,0,<NA>,<NA>,0.92000000000000003997,both,<NA>
yf-preventive-default_nocovid,"YF:YF,routine,with:default_nocovid",YF,total,routine,ECU,Ecuador,1980,0,0,use default routine age for this projection,<NA>,0,both,<NA>
yf-preventive-default_nocovid,"YF:YF,routine,with:default_nocovid",YF,total,routine,ECU,Ecuador,1981,0,0,use default routine age for this projection,<NA>,0,both,<NA>
yf-preventive-default_nocovid,"YF:YF,routine,with:default_nocovid",YF,total,routine,ECU,Ecuador,1982,0,0,use default routine age for this projection,<NA>,0,both,<NA>
yf-preventive-default_nocovid,"YF:YF,routine,with:default_nocovid",YF,total,routine,ECU,Ecuador,1983,0,0,use default routine age for this projection,<NA>,0,both,<NA>
yf-preventive-default_nocovid,"YF:YF,routine,with:default_nocovid",YF,total,routine,ECU,Ecuador,1984,0,0,use default routine age for this projection,<NA>,0,both,<NA>
yf-preventive-default_nocovid,"YF:YF,routine,with:default_nocovid",YF,total,routine,ECU,Ecuador,1985,0,0,use default routine age for this projection,<NA>,0,both,<NA>
yf-preventive-default_nocovid,"YF:YF,routine,with:default_nocovid",YF,total,routine,ECU,Ecuador,1986,0,0,use default routine age for this projection,<NA>,0,both,<NA>
yf-preventive-default_nocovid,"YF:YF,routine,with:default_nocovid",YF,total,routine,ECU,Ecuador,1987,0,0,use default routine age for this projection,<NA>,0,both,<NA>
yf-preventive-default_nocovid,"YF:YF,routine,with:default_nocovid",YF,total,routine,ECU,Ecuador,1988,0,0,use default routine age for this projection,<NA>,0,both,<NA>
yf-preventive-default_nocovid,"YF:YF,routine,with:default_nocovid",YF,total,routine,ECU,Ecuador,1989,0,0,use default routine age for this projection,<NA>,0,both,<NA>
yf-preventive-default_nocovid,"YF:YF,routine,with:default_nocovid",YF,total,routine,ECU,Ecuador,1990,0,0,use default routine age for this projection,<NA>,0,both,<NA>
yf-preventive-default_nocovid,"YF:YF,routine,with:default_nocovid",YF,total,routine,ECU,Ecuador,1991,0,0,use default routine age for this projection,<NA>,0,both,<NA>
yf-preventive-default_nocovid,"YF:YF,routine,with:default_nocovid",YF,total,routine,ECU,Ecuador,1992,0,0,use default routine age for this projection,<NA>,0,both,<NA>
yf-preventive-default_nocovid,"YF:YF,routine,with:default_nocovid",YF,total,routine,ECU,Ecuador,1993,0,0,use default routine age for this projection,<NA>,0,both,<NA>
yf-preventive-default_nocovid,"YF:YF,routine,with:default_nocovid",YF,total,routine,ECU,Ecuador,1994,0,0,use default routine age for this projection,<NA>,0,both,<NA>
yf-preventive-default_nocovid,"YF:YF,routine,with:default_nocovid",YF,total,routine,ECU,Ecuador,1995,0,0,use default routine age for this projection,<NA>,0,both,<NA>
yf-preventive-default_nocovid,"YF:YF,routine,with:default_nocovid",YF,total,routine,ECU,Ecuador,1996,0,0,use default routine age for this projection,<NA>,0,both,<NA>
yf-preventive-default_nocovid,"YF:YF,routine,with:default_nocovid",YF,total,routine,ECU,Ecuador,1997,0,0,use default routine age for this projection,<NA>,0,both,<NA>
yf-preventive-default_nocovid,"YF:YF,routine,with:default_nocovid",YF,total,routine,ECU,Ecuador,1998,0,0,use default routine age for this projection,<NA>,0,both,<NA>
yf-preventive-default_nocovid,"YF:YF,routine,with:default_nocovid",YF,total,routine,ECU,Ecuador,1999,0,0,use default routine age for this projection,<NA>,0,both,<NA>
yf-preventive-default_nocovid,"YF:YF,routine,with:default_nocovid",YF,total,routine,ECU,Ecuador,2000,0,0,default routine age,<NA>,0.05000000000000000278,both,<NA>
yf-preventive-default_nocovid,"YF:YF,routine,with:default_nocovid",YF,total,routine,ECU,Ecuador,2001,0,0,default routine age,<NA>,0.05000000000000000278,both,<NA>
yf-preventive-default_nocovid,"YF:YF,routine,with:default_nocovid",YF,total,routine,ECU,Ecuador,2002,0,0,default routine age,<NA>,0.05000000000000000278,both,<NA>
yf-preventive-default_nocovid,"YF:YF,routine,with:default_nocovid",YF,total,routine,ECU,Ecuador,2003,0,0,default routine age,<NA>,0.05000000000000000278,both,<NA>
yf-preventive-default_nocovid,"YF:YF,routine,with:default_nocovid",YF,total,routine,ECU,Ecuador,2004,0,0,default routine age,<NA>,0.05000000000000000278,both,<NA>
yf-preventive-default_nocovid,"YF:YF,routine,with:default_nocovid",YF,total,routine,ECU,Ecuador,2005,0,0,default routine age,<NA>,0.05000000000000000278,both,<NA>
yf-preventive-default_nocovid,"YF:YF,routine,with:default_nocovid",YF,total,routine,ECU,Ecuador,2006,0,0,default routine age,<NA>,0.05000000000000000278,both,<NA>
yf-preventive-default_nocovid,"YF:YF,routine,with:default_nocovid",YF,total,routine,ECU,Ecuador,2007,0,0,default routine age,<NA>,0.05000000000000000278,both,<NA>
yf-preventive-default_nocovid,"YF:YF,routine,with:default_nocovid",YF,total,routine,ECU,Ecuador,2008,0,0,default routine age,<NA>,0.05000000000000000278,both,<NA>
yf-preventive-default_nocovid,"YF:YF,routine,with:default_nocovid",YF,total,routine,ECU,Ecuador,2009,0,0,default routine age,<NA>,0.05000000000000000278,both,<NA>
yf-preventive-default_nocovid,"YF:YF,routine,with:default_nocovid",YF,total,routine,ECU,Ecuador,2010,0,0,default routine age,<NA>,0.81000000000000005329,both,<NA>
yf-preventive-default_nocovid,"YF:YF,routine,with:default_nocovid",YF,total,routine,ECU,Ecuador,2011,0,0,default routine age,<NA>,0.73999999999999999112,both,<NA>
yf-preventive-default_nocovid,"YF:YF,routine,with:default_nocovid",YF,total,routine,ECU,Ecuador,2012,0,0,default routine age,<NA>,0.73999999999999999112,both,<NA>
yf-preventive-default_nocovid,"YF:YF,routine,with:default_nocovid",YF,total,routine,ECU,Ecuador,2013,0,0,default routine age,<NA>,0.72999999999999998224,both,<NA>
yf-preventive-default_nocovid,"YF:YF,routine,with:default_nocovid",YF,total,routine,ECU,Ecuador,2014,0,0,default routine age,<NA>,0.85999999999999998668,both,<NA>
yf-preventive-default_nocovid,"YF:YF,routine,with:default_nocovid",YF,total,routine,ECU,Ecuador,2015,0,0,default routine age,<NA>,0.78000000000000002665,both,<NA>
yf-preventive-default_nocovid,"YF:YF,routine,with:default_nocovid",YF,total,routine,ECU,Ecuador,2016,0,0,default routine age,<NA>,0.81000000000000005329,both,<NA>
yf-preventive-default_nocovid,"YF:YF,routine,with:default_nocovid",YF,total,routine,ECU,Ecuador,2017,0,0,default routine age,<NA>,0.83999999999999996891,both,<NA>
yf-preventive-default_nocovid,"YF:YF,routine,with:default_nocovid",YF,total,routine,ECU,Ecuador,2018,0,0,default routine age,<NA>,0.8499999999999999778,both,<NA>
yf-preventive-default_nocovid,"YF:YF,routine,with:default_nocovid",YF,total,routine,ECU,Ecuador,2019,0,0,default routine age,<NA>,0.83999999999999996891,both,<NA>
yf-preventive-default_nocovid,"YF:YF,routine,with:default_nocovid",YF,total,routine,ECU,Ecuador,2020,0,0,default routine age,<NA>,0.83999999999999996891,both,<NA>
yf-preventive-default_nocovid,"YF:YF,routine,with:default_nocovid",YF,total,routine,ECU,Ecuador,2021,0,0,default routine age,<NA>,0.83999999999999996891,both,<NA>
yf-preventive-default_nocovid,"YF:YF,routine,with:default_nocovid",YF,total,routine,ECU,Ecuador,2022,0,0,<NA>,<NA>,0.84266269984140884652,both,<NA>
yf-preventive-default_nocovid,"YF:YF,routine,with:default_nocovid",YF,total,routine,ECU,Ecuador,2023,0,0,<NA>,<NA>,0.84528108736753382324,both,<NA>
yf-preventive-default_nocovid,"YF:YF,routine,with:default_nocovid",YF,total,routine,ECU,Ecuador,2024,0,0,<NA>,<NA>,0.84785590001834276741,both,<NA>
yf-preventive-default_nocovid,"YF:YF,routine,with:default_nocovid",YF,total,routine,ECU,Ecuador,2025,0,0,<NA>,<NA>,0.85038786296142065968,both,<NA>
yf-preventive-default_nocovid,"YF:YF,routine,with:default_nocovid",YF,total,routine,ECU,Ecuador,2026,0,0,<NA>,<NA>,0.85287768929620488834,both,<NA>
yf-preventive-default_nocovid,"YF:YF,routine,with:default_nocovid",YF,total,routine,ECU,Ecuador,2027,0,0,<NA>,<NA>,0.85532608025482170788,both,<NA>
yf-preventive-default_nocovid,"YF:YF,routine,with:default_nocovid",YF,total,routine,ECU,Ecuador,2028,0,0,<NA>,<NA>,0.85773372539958114835,both,<NA>
yf-preventive-default_nocovid,"YF:YF,routine,with:default_nocovid",YF,total,routine,ECU,Ecuador,2029,0,0,<NA>,<NA>,0.86010130281718344403,both,<NA>
yf-preventive-default_nocovid,"YF:YF,routine,with:default_nocovid",YF,total,routine,ECU,Ecuador,2030,0,0,<NA>,<NA>,0.8624294793096959344,both,<NA>
yf-preventive-default_nocovid,"YF:YF,routine,with:default_nocovid",YF,total,routine,ECU,Ecuador,2031,0,0,<NA>,<NA>,0.87242947930969594328,both,<NA>
yf-preventive-default_nocovid,"YF:YF,routine,with:default_nocovid",YF,total,routine,ECU,Ecuador,2032,0,0,<NA>,<NA>,0.88242947930969595216,both,<NA>
yf-preventive-default_nocovid,"YF:YF,routine,with:default_nocovid",YF,total,routine,ECU,Ecuador,2033,0,0,<NA>,<NA>,0.89242947930969596104,both,<NA>
yf-preventive-default_nocovid,"YF:YF,routine,with:default_nocovid",YF,total,routine,ECU,Ecuador,2034,0,0,<NA>,<NA>,0.9000000000000000222,both,<NA>
yf-preventive-default_nocovid,"YF:YF,routine,with:default_nocovid",YF,total,routine,ECU,Ecuador,2035,0,0,<NA>,<NA>,0.9000000000000000222,both,<NA>
yf-preventive-default_nocovid,"YF:YF,routine,with:default_nocovid",YF,total,routine,ECU,Ecuador,2036,0,0,<NA>,<NA>,0.9000000000000000222,both,<NA>
yf-preventive-default_nocovid,"YF:YF,routine,with:default_nocovid",YF,total,routine,ECU,Ecuador,2037,0,0,<NA>,<NA>,0.9000000000000000222,both,<NA>
yf-preventive-default_nocovid,"YF:YF,routine,with:default_nocovid",YF,total,routine,ECU,Ecuador,2038,0,0,<NA>,<NA>,0.9000000000000000222,both,<NA>
yf-preventive-default_nocovid,"YF:YF,routine,with:default_nocovid",YF,total,routine,ECU,Ecuador,2039,0,0,<NA>,<NA>,0.9000000000000000222,both,<NA>
yf-preventive-default_nocovid,"YF:YF,routine,with:default_nocovid",YF,total,routine,ECU,Ecuador,2040,0,0,<NA>,<NA>,0.9000000000000000222,both,<NA>
yf-preventive-default_nocovid,"YF:YF,routine,with:default_nocovid",YF,total,routine,ECU,Ecuador,2041,0,0,<NA>,<NA>,0.9000000000000000222,both,<NA>
yf-preventive-default_nocovid,"YF:YF,routine,with:default_nocovid",YF,total,routine,ECU,Ecuador,2042,0,0,<NA>,<NA>,0.9000000000000000222,both,<NA>
yf-preventive-default_nocovid,"YF:YF,routine,with:default_nocovid",YF,total,routine,ECU,Ecuador,2043,0,0,<NA>,<NA>,0.9000000000000000222,both,<NA>
yf-preventive-default_nocovid,"YF:YF,routine,with:default_nocovid",YF,total,routine,ECU,Ecuador,2044,0,0,<NA>,<NA>,0.9000000000000000222,both,<NA>
yf-preventive-default_nocovid,"YF:YF,routine,with:default_nocovid",YF,total,routine,ECU,Ecuador,2045,0,0,<NA>,<NA>,0.9000000000000000222,both,<NA>
yf-preventive-default_nocovid,"YF:YF,routine,with:default_nocovid",YF,total,routine,ECU,Ecuador,2046,0,0,<NA>,<NA>,0.9000000000000000222,both,<NA>
yf-preventive-default_nocovid,"YF:YF,routine,with:default_nocovid",YF,total,routine,ECU,Ecuador,2047,0,0,<NA>,<NA>,0.9000000000000000222,both,<NA>
yf-preventive-default_nocovid,"YF:YF,routine,with:default_nocovid",YF,total,routine,ECU,Ecuador,2048,0,0,<NA>,<NA>,0.9000000000000000222,both,<NA>
yf-preventive-default_nocovid,"YF:YF,routine,with:default_nocovid",YF,total,routine,ECU,Ecuador,2049,0,0,<NA>,<NA>,0.9000000000000000222,both,<NA>
yf-preventive-default_nocovid,"YF:YF,routine,with:default_nocovid",YF,total,routine,ECU,Ecuador,2050,0,0,<NA>,<NA>,0.9000000000000000222,both,<NA>
yf-preventive-default_nocovid,"YF:YF,routine,with:default_nocovid",YF,total,routine,ECU,Ecuador,2051,0,0,<NA>,<NA>,0.9000000000000000222,both,<NA>
yf-preventive-default_nocovid,"YF:YF,routine,with:default_nocovid",YF,total,routine,ECU,Ecuador,2052,0,0,<NA>,<NA>,0.9000000000000000222,both,<NA>
yf-preventive-default_nocovid,"YF:YF,routine,with:default_nocovid",YF,total,routine,ECU,Ecuador,2053,0,0,<NA>,<NA>,0.9000000000000000222,both,<NA>
yf-preventive-default_nocovid,"YF:YF,routine,with:default_nocovid",YF,total,routine,ECU,Ecuador,2054,0,0,<NA>,<NA>,0.9000000000000000222,both,<NA>
yf-preventive-default_nocovid,"YF:YF,routine,with:default_nocovid",YF,total,routine,ECU,Ecuador,2055,0,0,<NA>,<NA>,0.9000000000000000222,both,<NA>
yf-preventive-default_nocovid,"YF:YF,routine,with:default_nocovid",YF,total,routine,ECU,Ecuador,2056,0,0,<NA>,<NA>,0.9000000000000000222,both,<NA>
yf-preventive-default_nocovid,"YF:YF,routine,with:default_nocovid",YF,total,routine,ECU,Ecuador,2057,0,0,<NA>,<NA>,0.9000000000000000222,both,<NA>
yf-preventive-default_nocovid,"YF:YF,routine,with:default_nocovid",YF,total,routine,ECU,Ecuador,2058,0,0,<NA>,<NA>,0.9000000000000000222,both,<NA>
yf-preventive-default_nocovid,"YF:YF,routine,with:default_nocovid",YF,total,routine,ECU,Ecuador,2059,0,0,<NA>,<NA>,0.9000000000000000222,both,<NA>
yf-preventive-default_nocovid,"YF:YF,routine,with:default_nocovid",YF,total,routine,ECU,Ecuador,2060,0,0,<NA>,<NA>,0.9000000000000000222,both,<NA>
yf-preventive-default_nocovid,"YF:YF,routine,with:default_nocovid",YF,total,routine,ECU,Ecuador,2061,0,0,<NA>,<NA>,0.9000000000000000222,both,<NA>
yf-preventive-default_nocovid,"YF:YF,routine,with:default_nocovid",YF,total,routine,ECU,Ecuador,2062,0,0,<NA>,<NA>,0.9000000000000000222,both,<NA>
yf-preventive-default_nocovid,"YF:YF,routine,with:default_nocovid",YF,total,routine,ECU,Ecuador,2063,0,0,<NA>,<NA>,0.9000000000000000222,both,<NA>
yf-preventive-default_nocovid,"YF:YF,routine,with:default_nocovid",YF,total,routine,ECU,Ecuador,2064,0,0,<NA>,<NA>,0.9000000000000000222,both,<NA>
yf-preventive-default_nocovid,"YF:YF,routine,with:default_nocovid",YF,total,routine,ECU,Ecuador,2065,0,0,<NA>,<NA>,0.9000000000000000222,both,<NA>
yf-preventive-default_nocovid,"YF:YF,routine,with:default_nocovid",YF,total,routine,ECU,Ecuador,2066,0,0,<NA>,<NA>,0.9000000000000000222,both,<NA>
yf-preventive-default_nocovid,"YF:YF,routine,with:default_nocovid",YF,total,routine,ECU,Ecuador,2067,0,0,<NA>,<NA>,0.9000000000000000222,both,<NA>
yf-preventive-default_nocovid,"YF:YF,routine,with:default_nocovid",YF,total,routine,ECU,Ecuador,2068,0,0,<NA>,<NA>,0.9000000000000000222,both,<NA>
yf-preventive-default_nocovid,"YF:YF,routine,with:default_nocovid",YF,total,routine,ECU,Ecuador,2069,0,0,<NA>,<NA>,0.9000000000000000222,both,<NA>
yf-preventive-default_nocovid,"YF:YF,routine,with:default_nocovid",YF,total,routine,ECU,Ecuador,2070,0,0,<NA>,<NA>,0.9000000000000000222,both,<NA>
yf-preventive-default_nocovid,"YF:YF,routine,with:default_nocovid",YF,total,routine,ECU,Ecuador,2071,0,0,<NA>,<NA>,0.9000000000000000222,both,<NA>
yf-preventive-default_nocovid,"YF:YF,routine,with:default_nocovid",YF,total,routine,ECU,Ecuador,2072,0,0,<NA>,<NA>,0.9000000000000000222,both,<NA>
yf-preventive-default_nocovid,"YF:YF,routine,with:default_nocovid",YF,total,routine,ECU,Ecuador,2073,0,0,<NA>,<NA>,0.9000000000000000222,both,<NA>
yf-preventive-default_nocovid,"YF:YF,routine,with:default_nocovid",YF,total,routine,ECU,Ecuador,2074,0,0,<NA>,<NA>,0.9000000000000000222,both,<NA>
yf-preventive-default_nocovid,"YF:YF,routine,with:default_nocovid",YF,total,routine,ECU,Ecuador,2075,0,0,<NA>,<NA>,0.9000000000000000222,both,<NA>
yf-preventive-default_nocovid,"YF:YF,routine,with:default_nocovid",YF,total,routine,ECU,Ecuador,2076,0,0,<NA>,<NA>,0.9000000000000000222,both,<NA>
yf-preventive-default_nocovid,"YF:YF,routine,with:default_nocovid",YF,total,routine,ECU,Ecuador,2077,0,0,<NA>,<NA>,0.9000000000000000222,both,<NA>
yf-preventive-default_nocovid,"YF:YF,routine,with:default_nocovid",YF,total,routine,ECU,Ecuador,2078,0,0,<NA>,<NA>,0.9000000000000000222,both,<NA>
yf-preventive-default_nocovid,"YF:YF,routine,with:default_nocovid",YF,total,routine,ECU,Ecuador,2079,0,0,<NA>,<NA>,0.9000000000000000222,both,<NA>
yf-preventive-default_nocovid,"YF:YF,routine,with:default_nocovid",YF,total,routine,ECU,Ecuador,2080,0,0,<NA>,<NA>,0.9000000000000000222,both,<NA>
yf-preventive-default_nocovid,"YF:YF,routine,with:default_nocovid",YF,total,routine,ECU,Ecuador,2081,0,0,<NA>,<NA>,0.9000000000000000222,both,<NA>
yf-preventive-default_nocovid,"YF:YF,routine,with:default_nocovid",YF,total,routine,ECU,Ecuador,2082,0,0,<NA>,<NA>,0.9000000000000000222,both,<NA>
yf-preventive-default_nocovid,"YF:YF,routine,with:default_nocovid",YF,total,routine,ECU,Ecuador,2083,0,0,<NA>,<NA>,0.9000000000000000222,both,<NA>
yf-preventive-default_nocovid,"YF:YF,routine,with:default_nocovid",YF,total,routine,ECU,Ecuador,2084,0,0,<NA>,<NA>,0.9000000000000000222,both,<NA>
yf-preventive-default_nocovid,"YF:YF,routine,with:default_nocovid",YF,total,routine,ECU,Ecuador,2085,0,0,<NA>,<NA>,0.9000000000000000222,both,<NA>
yf-preventive-default_nocovid,"YF:YF,routine,with:default_nocovid",YF,total,routine,ECU,Ecuador,2086,0,0,<NA>,<NA>,0.9000000000000000222,both,<NA>
yf-preventive-default_nocovid,"YF:YF,routine,with:default_nocovid",YF,total,routine,ECU,Ecuador,2087,0,0,<NA>,<NA>,0.9000000000000000222,both,<NA>
yf-preventive-default_nocovid,"YF:YF,routine,with:default_nocovid",YF,total,routine,ECU,Ecuador,2088,0,0,<NA>,<NA>,0.9000000000000000222,both,<NA>
yf-preventive-default_nocovid,"YF:YF,routine,with:default_nocovid",YF,total,routine,ECU,Ecuador,2089,0,0,<NA>,<NA>,0.9000000000000000222,both,<NA>
yf-preventive-default_nocovid,"YF:YF,routine,with:default_nocovid",YF,total,routine,ECU,Ecuador,2090,0,0,<NA>,<NA>,0.9000000000000000222,both,<NA>
yf-preventive-default_nocovid,"YF:YF,routine,with:default_nocovid",YF,total,routine,ECU,Ecuador,2091,0,0,<NA>,<NA>,0.9000000000000000222,both,<NA>
yf-preventive-default_nocovid,"YF:YF,routine,with:default_nocovid",YF,total,routine,ECU,Ecuador,2092,0,0,<NA>,<NA>,0.9000000000000000222,both,<NA>
yf-preventive-default_nocovid,"YF:YF,routine,with:default_nocovid",YF,total,routine,ECU,Ecuador,2093,0,0,<NA>,<NA>,0.9000000000000000222,both,<NA>
yf-preventive-default_nocovid,"YF:YF,routine,with:default_nocovid",YF,total,routine,ECU,Ecuador,2094,0,0,<NA>,<NA>,0.9000000000000000222,both,<NA>
yf-preventive-default_nocovid,"YF:YF,routine,with:default_nocovid",YF,total,routine,ECU,Ecuador,2095,0,0,<NA>,<NA>,0.9000000000000000222,both,<NA>
yf-preventive-default_nocovid,"YF:YF,routine,with:default_nocovid",YF,total,routine,ECU,Ecuador,2096,0,0,<NA>,<NA>,0.9000000000000000222,both,<NA>
yf-preventive-default_nocovid,"YF:YF,routine,with:default_nocovid",YF,total,routine,ECU,Ecuador,2097,0,0,<NA>,<NA>,0.9000000000000000222,both,<NA>
yf-preventive-default_nocovid,"YF:YF,routine,with:default_nocovid",YF,total,routine,ECU,Ecuador,2098,0,0,<NA>,<NA>,0.9000000000000000222,both,<NA>
yf-preventive-default_nocovid,"YF:YF,routine,with:default_nocovid",YF,total,routine,ECU,Ecuador,2099,0,0,<NA>,<NA>,0.9000000000000000222,both,<NA>
yf-preventive-default_nocovid,"YF:YF,routine,with:default_nocovid",YF,total,routine,ECU,Ecuador,2100,0,0,<NA>,<NA>,0.9000000000000000222,both,<NA>
yf-preventive-default_nocovid,"YF:YF,routine,with:default_nocovid",YF,total,routine,ERI,Eritrea,2022,0,0,<NA>,<NA>,0,both,<NA>
yf-preventive-default_nocovid,"YF:YF,routine,with:default_nocovid",YF,total,routine,ERI,Eritrea,2023,0,0,<NA>,<NA>,0.93744694806150075106,both,<NA>
yf-preventive-default_nocovid,"YF:YF,routine,with:default_nocovid",YF,total,routine,ERI,Eritrea,2024,0,0,<NA>,<NA>,0.93259770720088719376,both,<NA>
yf-preventive-default_nocovid,"YF:YF,routine,with:default_nocovid",YF,total,routine,ERI,Eritrea,2025,0,0,<NA>,<NA>,0.92737254324466888988,both,<NA>
yf-preventive-default_nocovid,"YF:YF,routine,with:default_nocovid",YF,total,routine,ERI,Eritrea,2026,0,0,<NA>,<NA>,0.92174231386358840279,both,<NA>
yf-preventive-default_nocovid,"YF:YF,routine,with:default_nocovid",YF,total,routine,ERI,Eritrea,2027,0,0,<NA>,<NA>,0.91567561755526338807,both,<NA>
yf-preventive-default_nocovid,"YF:YF,routine,with:default_nocovid",YF,total,routine,ERI,Eritrea,2028,0,0,<NA>,<NA>,0.90913861850845345547,both,<NA>
yf-preventive-default_nocovid,"YF:YF,routine,with:default_nocovid",YF,total,routine,ERI,Eritrea,2029,0,0,<NA>,<NA>,0.90209485789044552284,both,<NA>
yf-preventive-default_nocovid,"YF:YF,routine,with:default_nocovid",YF,total,routine,ERI,Eritrea,2030,0,0,<NA>,<NA>,0.89450505050505046967,both,<NA>
yf-preventive-default_nocovid,"YF:YF,routine,with:default_nocovid",YF,total,routine,ERI,Eritrea,2031,0,0,<NA>,<NA>,0.90450505050505047855,both,<NA>
yf-preventive-default_nocovid,"YF:YF,routine,with:default_nocovid",YF,total,routine,ERI,Eritrea,2032,0,0,<NA>,<NA>,0.91450505050505048743,both,<NA>
yf-preventive-default_nocovid,"YF:YF,routine,with:default_nocovid",YF,total,routine,ERI,Eritrea,2033,0,0,<NA>,<NA>,0.92450505050505049631,both,<NA>
yf-preventive-default_nocovid,"YF:YF,routine,with:default_nocovid",YF,total,routine,ERI,Eritrea,2034,0,0,<NA>,<NA>,0.93450505050505050519,both,<NA>
yf-preventive-default_nocovid,"YF:YF,routine,with:default_nocovid",YF,total,routine,ERI,Eritrea,2035,0,0,<NA>,<NA>,0.93744694806150075106,both,<NA>
yf-preventive-default_nocovid,"YF:YF,routine,with:default_nocovid",YF,total,routine,ERI,Eritrea,2036,0,0,<NA>,<NA>,0.93744694806150075106,both,<NA>
yf-preventive-default_nocovid,"YF:YF,routine,with:default_nocovid",YF,total,routine,ERI,Eritrea,2037,0,0,<NA>,<NA>,0.93744694806150075106,both,<NA>
yf-preventive-default_nocovid,"YF:YF,routine,with:default_nocovid",YF,total,routine,ERI,Eritrea,2038,0,0,<NA>,<NA>,0.93744694806150075106,both,<NA>
yf-preventive-default_nocovid,"YF:YF,routine,with:default_nocovid",YF,total,routine,ERI,Eritrea,2039,0,0,<NA>,<NA>,0.93744694806150075106,both,<NA>
yf-preventive-default_nocovid,"YF:YF,routine,with:default_nocovid",YF,total,routine,ERI,Eritrea,2040,0,0,<NA>,<NA>,0.93744694806150075106,both,<NA>
yf-preventive-default_nocovid,"YF:YF,routine,with:default_nocovid",YF,total,routine,ERI,Eritrea,2041,0,0,<NA>,<NA>,0.93744694806150075106,both,<NA>
yf-preventive-default_nocovid,"YF:YF,routine,with:default_nocovid",YF,total,routine,ERI,Eritrea,2042,0,0,<NA>,<NA>,0.93744694806150075106,both,<NA>
yf-preventive-default_nocovid,"YF:YF,routine,with:default_nocovid",YF,total,routine,ERI,Eritrea,2043,0,0,<NA>,<NA>,0.93744694806150075106,both,<NA>
yf-preventive-default_nocovid,"YF:YF,routine,with:default_nocovid",YF,total,routine,ERI,Eritrea,2044,0,0,<NA>,<NA>,0.93744694806150075106,both,<NA>
yf-preventive-default_nocovid,"YF:YF,routine,with:default_nocovid",YF,total,routine,ERI,Eritrea,2045,0,0,<NA>,<NA>,0.93744694806150075106,both,<NA>
yf-preventive-default_nocovid,"YF:YF,routine,with:default_nocovid",YF,total,routine,ERI,Eritrea,2046,0,0,<NA>,<NA>,0.93744694806150075106,both,<NA>
yf-preventive-default_nocovid,"YF:YF,routine,with:default_nocovid",YF,total,routine,ERI,Eritrea,2047,0,0,<NA>,<NA>,0.93744694806150075106,both,<NA>
yf-preventive-default_nocovid,"YF:YF,routine,with:default_nocovid",YF,total,routine,ERI,Eritrea,2048,0,0,<NA>,<NA>,0.93744694806150075106,both,<NA>
yf-preventive-default_nocovid,"YF:YF,routine,with:default_nocovid",YF,total,routine,ERI,Eritrea,2049,0,0,<NA>,<NA>,0.93744694806150075106,both,<NA>
yf-preventive-default_nocovid,"YF:YF,routine,with:default_nocovid",YF,total,routine,ERI,Eritrea,2050,0,0,<NA>,<NA>,0.93744694806150075106,both,<NA>
yf-preventive-default_nocovid,"YF:YF,routine,with:default_nocovid",YF,total,routine,ERI,Eritrea,2051,0,0,<NA>,<NA>,0.93744694806150075106,both,<NA>
yf-preventive-default_nocovid,"YF:YF,routine,with:default_nocovid",YF,total,routine,ERI,Eritrea,2052,0,0,<NA>,<NA>,0.93744694806150075106,both,<NA>
yf-preventive-default_nocovid,"YF:YF,routine,with:default_nocovid",YF,total,routine,ERI,Eritrea,2053,0,0,<NA>,<NA>,0.93744694806150075106,both,<NA>
yf-preventive-default_nocovid,"YF:YF,routine,with:default_nocovid",YF,total,routine,ERI,Eritrea,2054,0,0,<NA>,<NA>,0.93744694806150075106,both,<NA>
yf-preventive-default_nocovid,"YF:YF,routine,with:default_nocovid",YF,total,routine,ERI,Eritrea,2055,0,0,<NA>,<NA>,0.93744694806150075106,both,<NA>
yf-preventive-default_nocovid,"YF:YF,routine,with:default_nocovid",YF,total,routine,ERI,Eritrea,2056,0,0,<NA>,<NA>,0.93744694806150075106,both,<NA>
yf-preventive-default_nocovid,"YF:YF,routine,with:default_nocovid",YF,total,routine,ERI,Eritrea,2057,0,0,<NA>,<NA>,0.93744694806150075106,both,<NA>
yf-preventive-default_nocovid,"YF:YF,routine,with:default_nocovid",YF,total,routine,ERI,Eritrea,2058,0,0,<NA>,<NA>,0.93744694806150075106,both,<NA>
yf-preventive-default_nocovid,"YF:YF,routine,with:default_nocovid",YF,total,routine,ERI,Eritrea,2059,0,0,<NA>,<NA>,0.93744694806150075106,both,<NA>
yf-preventive-default_nocovid,"YF:YF,routine,with:default_nocovid",YF,total,routine,ERI,Eritrea,2060,0,0,<NA>,<NA>,0.93744694806150075106,both,<NA>
yf-preventive-default_nocovid,"YF:YF,routine,with:default_nocovid",YF,total,routine,ERI,Eritrea,2061,0,0,<NA>,<NA>,0.93744694806150075106,both,<NA>
yf-preventive-default_nocovid,"YF:YF,routine,with:default_nocovid",YF,total,routine,ERI,Eritrea,2062,0,0,<NA>,<NA>,0.93744694806150075106,both,<NA>
yf-preventive-default_nocovid,"YF:YF,routine,with:default_nocovid",YF,total,routine,ERI,Eritrea,2063,0,0,<NA>,<NA>,0.93744694806150075106,both,<NA>
yf-preventive-default_nocovid,"YF:YF,routine,with:default_nocovid",YF,total,routine,ERI,Eritrea,2064,0,0,<NA>,<NA>,0.93744694806150075106,both,<NA>
yf-preventive-default_nocovid,"YF:YF,routine,with:default_nocovid",YF,total,routine,ERI,Eritrea,2065,0,0,<NA>,<NA>,0.93744694806150075106,both,<NA>
yf-preventive-default_nocovid,"YF:YF,routine,with:default_nocovid",YF,total,routine,ERI,Eritrea,2066,0,0,<NA>,<NA>,0.93744694806150075106,both,<NA>
yf-preventive-default_nocovid,"YF:YF,routine,with:default_nocovid",YF,total,routine,ERI,Eritrea,2067,0,0,<NA>,<NA>,0.93744694806150075106,both,<NA>
yf-preventive-default_nocovid,"YF:YF,routine,with:default_nocovid",YF,total,routine,ERI,Eritrea,2068,0,0,<NA>,<NA>,0.93744694806150075106,both,<NA>
yf-preventive-default_nocovid,"YF:YF,routine,with:default_nocovid",YF,total,routine,ERI,Eritrea,2069,0,0,<NA>,<NA>,0.93744694806150075106,both,<NA>
yf-preventive-default_nocovid,"YF:YF,routine,with:default_nocovid",YF,total,routine,ERI,Eritrea,2070,0,0,<NA>,<NA>,0.93744694806150075106,both,<NA>
yf-preventive-default_nocovid,"YF:YF,routine,with:default_nocovid",YF,total,routine,ERI,Eritrea,2071,0,0,<NA>,<NA>,0.93744694806150075106,both,<NA>
yf-preventive-default_nocovid,"YF:YF,routine,with:default_nocovid",YF,total,routine,ERI,Eritrea,2072,0,0,<NA>,<NA>,0.93744694806150075106,both,<NA>
yf-preventive-default_nocovid,"YF:YF,routine,with:default_nocovid",YF,total,routine,ERI,Eritrea,2073,0,0,<NA>,<NA>,0.93744694806150075106,both,<NA>
yf-preventive-default_nocovid,"YF:YF,routine,with:default_nocovid",YF,total,routine,ERI,Eritrea,2074,0,0,<NA>,<NA>,0.93744694806150075106,both,<NA>
yf-preventive-default_nocovid,"YF:YF,routine,with:default_nocovid",YF,total,routine,ERI,Eritrea,2075,0,0,<NA>,<NA>,0.93744694806150075106,both,<NA>
yf-preventive-default_nocovid,"YF:YF,routine,with:default_nocovid",YF,total,routine,ERI,Eritrea,2076,0,0,<NA>,<NA>,0.93744694806150075106,both,<NA>
yf-preventive-default_nocovid,"YF:YF,routine,with:default_nocovid",YF,total,routine,ERI,Eritrea,2077,0,0,<NA>,<NA>,0.93744694806150075106,both,<NA>
yf-preventive-default_nocovid,"YF:YF,routine,with:default_nocovid",YF,total,routine,ERI,Eritrea,2078,0,0,<NA>,<NA>,0.93744694806150075106,both,<NA>
yf-preventive-default_nocovid,"YF:YF,routine,with:default_nocovid",YF,total,routine,ERI,Eritrea,2079,0,0,<NA>,<NA>,0.93744694806150075106,both,<NA>
yf-preventive-default_nocovid,"YF:YF,routine,with:default_nocovid",YF,total,routine,ERI,Eritrea,2080,0,0,<NA>,<NA>,0.93744694806150075106,both,<NA>
yf-preventive-default_nocovid,"YF:YF,routine,with:default_nocovid",YF,total,routine,ERI,Eritrea,2081,0,0,<NA>,<NA>,0.93744694806150075106,both,<NA>
yf-preventive-default_nocovid,"YF:YF,routine,with:default_nocovid",YF,total,routine,ERI,Eritrea,2082,0,0,<NA>,<NA>,0.93744694806150075106,both,<NA>
yf-preventive-default_nocovid,"YF:YF,routine,with:default_nocovid",YF,total,routine,ERI,Eritrea,2083,0,0,<NA>,<NA>,0.93744694806150075106,both,<NA>
yf-preventive-default_nocovid,"YF:YF,routine,with:default_nocovid",YF,total,routine,ERI,Eritrea,2084,0,0,<NA>,<NA>,0.93744694806150075106,both,<NA>
yf-preventive-default_nocovid,"YF:YF,routine,with:default_nocovid",YF,total,routine,ERI,Eritrea,2085,0,0,<NA>,<NA>,0.93744694806150075106,both,<NA>
yf-preventive-default_nocovid,"YF:YF,routine,with:default_nocovid",YF,total,routine,ERI,Eritrea,2086,0,0,<NA>,<NA>,0.93744694806150075106,both,<NA>
yf-preventive-default_nocovid,"YF:YF,routine,with:default_nocovid",YF,total,routine,ERI,Eritrea,2087,0,0,<NA>,<NA>,0.93744694806150075106,both,<NA>
yf-preventive-default_nocovid,"YF:YF,routine,with:default_nocovid",YF,total,routine,ERI,Eritrea,2088,0,0,<NA>,<NA>,0.93744694806150075106,both,<NA>
yf-preventive-default_nocovid,"YF:YF,routine,with:default_nocovid",YF,total,routine,ERI,Eritrea,2089,0,0,<NA>,<NA>,0.93744694806150075106,both,<NA>
yf-preventive-default_nocovid,"YF:YF,routine,with:default_nocovid",YF,total,routine,ERI,Eritrea,2090,0,0,<NA>,<NA>,0.93744694806150075106,both,<NA>
yf-preventive-default_nocovid,"YF:YF,routine,with:default_nocovid",YF,total,routine,ERI,Eritrea,2091,0,0,<NA>,<NA>,0.93744694806150075106,both,<NA>
yf-preventive-default_nocovid,"YF:YF,routine,with:default_nocovid",YF,total,routine,ERI,Eritrea,2092,0,0,<NA>,<NA>,0.93744694806150075106,both,<NA>
yf-preventive-default_nocovid,"YF:YF,routine,with:default_nocovid",YF,total,routine,ERI,Eritrea,2093,0,0,<NA>,<NA>,0.93744694806150075106,both,<NA>
yf-preventive-default_nocovid,"YF:YF,routine,with:default_nocovid",YF,total,routine,ERI,Eritrea,2094,0,0,<NA>,<NA>,0.93744694806150075106,both,<NA>
yf-preventive-default_nocovid,"YF:YF,routine,with:default_nocovid",YF,total,routine,ERI,Eritrea,2095,0,0,<NA>,<NA>,0.93744694806150075106,both,<NA>
yf-preventive-default_nocovid,"YF:YF,routine,with:default_nocovid",YF,total,routine,ERI,Eritrea,2096,0,0,<NA>,<NA>,0.93744694806150075106,both,<NA>
yf-preventive-default_nocovid,"YF:YF,routine,with:default_nocovid",YF,total,routine,ERI,Eritrea,2097,0,0,<NA>,<NA>,0.93744694806150075106,both,<NA>
yf-preventive-default_nocovid,"YF:YF,routine,with:default_nocovid",YF,total,routine,ERI,Eritrea,2098,0,0,<NA>,<NA>,0.93744694806150075106,both,<NA>
yf-preventive-default_nocovid,"YF:YF,routine,with:default_nocovid",YF,total,routine,ERI,Eritrea,2099,0,0,<NA>,<NA>,0.93744694806150075106,both,<NA>
yf-preventive-default_nocovid,"YF:YF,routine,with:default_nocovid",YF,total,routine,ERI,Eritrea,2100,0,0,<NA>,<NA>,0.93744694806150075106,both,<NA>
yf-preventive-default_nocovid,"YF:YF,routine,with:default_nocovid",YF,total,routine,ETH,Ethiopia,2022,0,0,<NA>,<NA>,0,both,<NA>
yf-preventive-default_nocovid,"YF:YF,routine,with:default_nocovid",YF,total,routine,ETH,Ethiopia,2023,0,0,<NA>,<NA>,0,both,<NA>
yf-preventive-default_nocovid,"YF:YF,routine,with:default_nocovid",YF,total,routine,ETH,Ethiopia,2024,0,0,<NA>,<NA>,0,both,<NA>
yf-preventive-default_nocovid,"YF:YF,routine,with:default_nocovid",YF,total,routine,ETH,Ethiopia,2025,0,0,<NA>,<NA>,0,both,<NA>
yf-preventive-default_nocovid,"YF:YF,routine,with:default_nocovid",YF,total,routine,ETH,Ethiopia,2026,0,0,<NA>,<NA>,0.70419620748212152783,both,<NA>
yf-preventive-default_nocovid,"YF:YF,routine,with:default_nocovid",YF,total,routine,ETH,Ethiopia,2027,0,0,<NA>,<NA>,0.70321767840578153219,both,<NA>
yf-preventive-default_nocovid,"YF:YF,routine,with:default_nocovid",YF,total,routine,ETH,Ethiopia,2028,0,0,<NA>,<NA>,0.70223591232174431553,both,<NA>
yf-preventive-default_nocovid,"YF:YF,routine,with:default_nocovid",YF,total,routine,ETH,Ethiopia,2029,0,0,<NA>,<NA>,0.70125089852187760808,both,<NA>
yf-preventive-default_nocovid,"YF:YF,routine,with:default_nocovid",YF,total,routine,ETH,Ethiopia,2030,0,0,<NA>,<NA>,0.70026262626262625322,both,<NA>
yf-preventive-default_nocovid,"YF:YF,routine,with:default_nocovid",YF,total,routine,ETH,Ethiopia,2031,0,0,<NA>,<NA>,0.7102626262626262621,both,<NA>
yf-preventive-default_nocovid,"YF:YF,routine,with:default_nocovid",YF,total,routine,ETH,Ethiopia,2032,0,0,<NA>,<NA>,0.72026262626262627098,both,<NA>
yf-preventive-default_nocovid,"YF:YF,routine,with:default_nocovid",YF,total,routine,ETH,Ethiopia,2033,0,0,<NA>,<NA>,0.73026262626262627986,both,<NA>
yf-preventive-default_nocovid,"YF:YF,routine,with:default_nocovid",YF,total,routine,ETH,Ethiopia,2034,0,0,<NA>,<NA>,0.74026262626262628874,both,<NA>
yf-preventive-default_nocovid,"YF:YF,routine,with:default_nocovid",YF,total,routine,ETH,Ethiopia,2035,0,0,<NA>,<NA>,0.75026262626262629762,both,<NA>
yf-preventive-default_nocovid,"YF:YF,routine,with:default_nocovid",YF,total,routine,ETH,Ethiopia,2036,0,0,<NA>,<NA>,0.76026262626262619548,both,<NA>
yf-preventive-default_nocovid,"YF:YF,routine,with:default_nocovid",YF,total,routine,ETH,Ethiopia,2037,0,0,<NA>,<NA>,0.77026262626262620437,both,<NA>
yf-preventive-default_nocovid,"YF:YF,routine,with:default_nocovid",YF,total,routine,ETH,Ethiopia,2038,0,0,<NA>,<NA>,0.78026262626262621325,both,<NA>
yf-preventive-default_nocovid,"YF:YF,routine,with:default_nocovid",YF,total,routine,ETH,Ethiopia,2039,0,0,<NA>,<NA>,0.79026262626262622213,both,<NA>
yf-preventive-default_nocovid,"YF:YF,routine,with:default_nocovid",YF,total,routine,ETH,Ethiopia,2040,0,0,<NA>,<NA>,0.80026262626262623101,both,<NA>
yf-preventive-default_nocovid,"YF:YF,routine,with:default_nocovid",YF,total,routine,ETH,Ethiopia,2041,0,0,<NA>,<NA>,0.81026262626262623989,both,<NA>
yf-preventive-default_nocovid,"YF:YF,routine,with:default_nocovid",YF,total,routine,ETH,Ethiopia,2042,0,0,<NA>,<NA>,0.82026262626262624877,both,<NA>
yf-preventive-default_nocovid,"YF:YF,routine,with:default_nocovid",YF,total,routine,ETH,Ethiopia,2043,0,0,<NA>,<NA>,0.83026262626262625766,both,<NA>
yf-preventive-default_nocovid,"YF:YF,routine,with:default_nocovid",YF,total,routine,ETH,Ethiopia,2044,0,0,<NA>,<NA>,0.84026262626262626654,both,<NA>
yf-preventive-default_nocovid,"YF:YF,routine,with:default_nocovid",YF,total,routine,ETH,Ethiopia,2045,0,0,<NA>,<NA>,0.85026262626262627542,both,<NA>
yf-preventive-default_nocovid,"YF:YF,routine,with:default_nocovid",YF,total,routine,ETH,Ethiopia,2046,0,0,<NA>,<NA>,0.8602626262626262843,both,<NA>
yf-preventive-default_nocovid,"YF:YF,routine,with:default_nocovid",YF,total,routine,ETH,Ethiopia,2047,0,0,<NA>,<NA>,0.87026262626262629318,both,<NA>
yf-preventive-default_nocovid,"YF:YF,routine,with:default_nocovid",YF,total,routine,ETH,Ethiopia,2048,0,0,<NA>,<NA>,0.88026262626262630206,both,<NA>
yf-preventive-default_nocovid,"YF:YF,routine,with:default_nocovid",YF,total,routine,ETH,Ethiopia,2049,0,0,<NA>,<NA>,0.89026262626262631095,both,<NA>
yf-preventive-default_nocovid,"YF:YF,routine,with:default_nocovid",YF,total,routine,ETH,Ethiopia,2050,0,0,<NA>,<NA>,0.9000000000000000222,both,<NA>
yf-preventive-default_nocovid,"YF:YF,routine,with:default_nocovid",YF,total,routine,ETH,Ethiopia,2051,0,0,<NA>,<NA>,0.9000000000000000222,both,<NA>
yf-preventive-default_nocovid,"YF:YF,routine,with:default_nocovid",YF,total,routine,ETH,Ethiopia,2052,0,0,<NA>,<NA>,0.9000000000000000222,both,<NA>
yf-preventive-default_nocovid,"YF:YF,routine,with:default_nocovid",YF,total,routine,ETH,Ethiopia,2053,0,0,<NA>,<NA>,0.9000000000000000222,both,<NA>
yf-preventive-default_nocovid,"YF:YF,routine,with:default_nocovid",YF,total,routine,ETH,Ethiopia,2054,0,0,<NA>,<NA>,0.9000000000000000222,both,<NA>
yf-preventive-default_nocovid,"YF:YF,routine,with:default_nocovid",YF,total,routine,ETH,Ethiopia,2055,0,0,<NA>,<NA>,0.9000000000000000222,both,<NA>
yf-preventive-default_nocovid,"YF:YF,routine,with:default_nocovid",YF,total,routine,ETH,Ethiopia,2056,0,0,<NA>,<NA>,0.9000000000000000222,both,<NA>
yf-preventive-default_nocovid,"YF:YF,routine,with:default_nocovid",YF,total,routine,ETH,Ethiopia,2057,0,0,<NA>,<NA>,0.9000000000000000222,both,<NA>
yf-preventive-default_nocovid,"YF:YF,routine,with:default_nocovid",YF,total,routine,ETH,Ethiopia,2058,0,0,<NA>,<NA>,0.9000000000000000222,both,<NA>
yf-preventive-default_nocovid,"YF:YF,routine,with:default_nocovid",YF,total,routine,ETH,Ethiopia,2059,0,0,<NA>,<NA>,0.9000000000000000222,both,<NA>
yf-preventive-default_nocovid,"YF:YF,routine,with:default_nocovid",YF,total,routine,ETH,Ethiopia,2060,0,0,<NA>,<NA>,0.9000000000000000222,both,<NA>
yf-preventive-default_nocovid,"YF:YF,routine,with:default_nocovid",YF,total,routine,ETH,Ethiopia,2061,0,0,<NA>,<NA>,0.9000000000000000222,both,<NA>
yf-preventive-default_nocovid,"YF:YF,routine,with:default_nocovid",YF,total,routine,ETH,Ethiopia,2062,0,0,<NA>,<NA>,0.9000000000000000222,both,<NA>
yf-preventive-default_nocovid,"YF:YF,routine,with:default_nocovid",YF,total,routine,ETH,Ethiopia,2063,0,0,<NA>,<NA>,0.9000000000000000222,both,<NA>
yf-preventive-default_nocovid,"YF:YF,routine,with:default_nocovid",YF,total,routine,ETH,Ethiopia,2064,0,0,<NA>,<NA>,0.9000000000000000222,both,<NA>
yf-preventive-default_nocovid,"YF:YF,routine,with:default_nocovid",YF,total,routine,ETH,Ethiopia,2065,0,0,<NA>,<NA>,0.9000000000000000222,both,<NA>
yf-preventive-default_nocovid,"YF:YF,routine,with:default_nocovid",YF,total,routine,ETH,Ethiopia,2066,0,0,<NA>,<NA>,0.9000000000000000222,both,<NA>
yf-preventive-default_nocovid,"YF:YF,routine,with:default_nocovid",YF,total,routine,ETH,Ethiopia,2067,0,0,<NA>,<NA>,0.9000000000000000222,both,<NA>
yf-preventive-default_nocovid,"YF:YF,routine,with:default_nocovid",YF,total,routine,ETH,Ethiopia,2068,0,0,<NA>,<NA>,0.9000000000000000222,both,<NA>
yf-preventive-default_nocovid,"YF:YF,routine,with:default_nocovid",YF,total,routine,ETH,Ethiopia,2069,0,0,<NA>,<NA>,0.9000000000000000222,both,<NA>
yf-preventive-default_nocovid,"YF:YF,routine,with:default_nocovid",YF,total,routine,ETH,Ethiopia,2070,0,0,<NA>,<NA>,0.9000000000000000222,both,<NA>
yf-preventive-default_nocovid,"YF:YF,routine,with:default_nocovid",YF,total,routine,ETH,Ethiopia,2071,0,0,<NA>,<NA>,0.9000000000000000222,both,<NA>
yf-preventive-default_nocovid,"YF:YF,routine,with:default_nocovid",YF,total,routine,ETH,Ethiopia,2072,0,0,<NA>,<NA>,0.9000000000000000222,both,<NA>
yf-preventive-default_nocovid,"YF:YF,routine,with:default_nocovid",YF,total,routine,ETH,Ethiopia,2073,0,0,<NA>,<NA>,0.9000000000000000222,both,<NA>
yf-preventive-default_nocovid,"YF:YF,routine,with:default_nocovid",YF,total,routine,ETH,Ethiopia,2074,0,0,<NA>,<NA>,0.9000000000000000222,both,<NA>
yf-preventive-default_nocovid,"YF:YF,routine,with:default_nocovid",YF,total,routine,ETH,Ethiopia,2075,0,0,<NA>,<NA>,0.9000000000000000222,both,<NA>
yf-preventive-default_nocovid,"YF:YF,routine,with:default_nocovid",YF,total,routine,ETH,Ethiopia,2076,0,0,<NA>,<NA>,0.9000000000000000222,both,<NA>
yf-preventive-default_nocovid,"YF:YF,routine,with:default_nocovid",YF,total,routine,ETH,Ethiopia,2077,0,0,<NA>,<NA>,0.9000000000000000222,both,<NA>
yf-preventive-default_nocovid,"YF:YF,routine,with:default_nocovid",YF,total,routine,ETH,Ethiopia,2078,0,0,<NA>,<NA>,0.9000000000000000222,both,<NA>
yf-preventive-default_nocovid,"YF:YF,routine,with:default_nocovid",YF,total,routine,ETH,Ethiopia,2079,0,0,<NA>,<NA>,0.9000000000000000222,both,<NA>
yf-preventive-default_nocovid,"YF:YF,routine,with:default_nocovid",YF,total,routine,ETH,Ethiopia,2080,0,0,<NA>,<NA>,0.9000000000000000222,both,<NA>
yf-preventive-default_nocovid,"YF:YF,routine,with:default_nocovid",YF,total,routine,ETH,Ethiopia,2081,0,0,<NA>,<NA>,0.9000000000000000222,both,<NA>
yf-preventive-default_nocovid,"YF:YF,routine,with:default_nocovid",YF,total,routine,ETH,Ethiopia,2082,0,0,<NA>,<NA>,0.9000000000000000222,both,<NA>
yf-preventive-default_nocovid,"YF:YF,routine,with:default_nocovid",YF,total,routine,ETH,Ethiopia,2083,0,0,<NA>,<NA>,0.9000000000000000222,both,<NA>
yf-preventive-default_nocovid,"YF:YF,routine,with:default_nocovid",YF,total,routine,ETH,Ethiopia,2084,0,0,<NA>,<NA>,0.9000000000000000222,both,<NA>
yf-preventive-default_nocovid,"YF:YF,routine,with:default_nocovid",YF,total,routine,ETH,Ethiopia,2085,0,0,<NA>,<NA>,0.9000000000000000222,both,<NA>
yf-preventive-default_nocovid,"YF:YF,routine,with:default_nocovid",YF,total,routine,ETH,Ethiopia,2086,0,0,<NA>,<NA>,0.9000000000000000222,both,<NA>
yf-preventive-default_nocovid,"YF:YF,routine,with:default_nocovid",YF,total,routine,ETH,Ethiopia,2087,0,0,<NA>,<NA>,0.9000000000000000222,both,<NA>
yf-preventive-default_nocovid,"YF:YF,routine,with:default_nocovid",YF,total,routine,ETH,Ethiopia,2088,0,0,<NA>,<NA>,0.9000000000000000222,both,<NA>
yf-preventive-default_nocovid,"YF:YF,routine,with:default_nocovid",YF,total,routine,ETH,Ethiopia,2089,0,0,<NA>,<NA>,0.9000000000000000222,both,<NA>
yf-preventive-default_nocovid,"YF:YF,routine,with:default_nocovid",YF,total,routine,ETH,Ethiopia,2090,0,0,<NA>,<NA>,0.9000000000000000222,both,<NA>
yf-preventive-default_nocovid,"YF:YF,routine,with:default_nocovid",YF,total,routine,ETH,Ethiopia,2091,0,0,<NA>,<NA>,0.9000000000000000222,both,<NA>
yf-preventive-default_nocovid,"YF:YF,routine,with:default_nocovid",YF,total,routine,ETH,Ethiopia,2092,0,0,<NA>,<NA>,0.9000000000000000222,both,<NA>
yf-preventive-default_nocovid,"YF:YF,routine,with:default_nocovid",YF,total,routine,ETH,Ethiopia,2093,0,0,<NA>,<NA>,0.9000000000000000222,both,<NA>
yf-preventive-default_nocovid,"YF:YF,routine,with:default_nocovid",YF,total,routine,ETH,Ethiopia,2094,0,0,<NA>,<NA>,0.9000000000000000222,both,<NA>
yf-preventive-default_nocovid,"YF:YF,routine,with:default_nocovid",YF,total,routine,ETH,Ethiopia,2095,0,0,<NA>,<NA>,0.9000000000000000222,both,<NA>
yf-preventive-default_nocovid,"YF:YF,routine,with:default_nocovid",YF,total,routine,ETH,Ethiopia,2096,0,0,<NA>,<NA>,0.9000000000000000222,both,<NA>
yf-preventive-default_nocovid,"YF:YF,routine,with:default_nocovid",YF,total,routine,ETH,Ethiopia,2097,0,0,<NA>,<NA>,0.9000000000000000222,both,<NA>
yf-preventive-default_nocovid,"YF:YF,routine,with:default_nocovid",YF,total,routine,ETH,Ethiopia,2098,0,0,<NA>,<NA>,0.9000000000000000222,both,<NA>
yf-preventive-default_nocovid,"YF:YF,routine,with:default_nocovid",YF,total,routine,ETH,Ethiopia,2099,0,0,<NA>,<NA>,0.9000000000000000222,both,<NA>
yf-preventive-default_nocovid,"YF:YF,routine,with:default_nocovid",YF,total,routine,ETH,Ethiopia,2100,0,0,<NA>,<NA>,0.9000000000000000222,both,<NA>
yf-preventive-default_nocovid,"YF:YF,routine,with:default_nocovid",YF,total,routine,GHA,Ghana,1980,0,0,use default routine age for this projection,<NA>,0,both,<NA>
yf-preventive-default_nocovid,"YF:YF,routine,with:default_nocovid",YF,total,routine,GHA,Ghana,1981,0,0,use default routine age for this projection,<NA>,0,both,<NA>
yf-preventive-default_nocovid,"YF:YF,routine,with:default_nocovid",YF,total,routine,GHA,Ghana,1982,0,0,use default routine age for this projection,<NA>,0,both,<NA>
yf-preventive-default_nocovid,"YF:YF,routine,with:default_nocovid",YF,total,routine,GHA,Ghana,1983,0,0,use default routine age for this projection,<NA>,0,both,<NA>
yf-preventive-default_nocovid,"YF:YF,routine,with:default_nocovid",YF,total,routine,GHA,Ghana,1984,0,0,use default routine age for this projection,<NA>,0,both,<NA>
yf-preventive-default_nocovid,"YF:YF,routine,with:default_nocovid",YF,total,routine,GHA,Ghana,1985,0,0,use default routine age for this projection,<NA>,0,both,<NA>
yf-preventive-default_nocovid,"YF:YF,routine,with:default_nocovid",YF,total,routine,GHA,Ghana,1986,0,0,use default routine age for this projection,<NA>,0,both,<NA>
yf-preventive-default_nocovid,"YF:YF,routine,with:default_nocovid",YF,total,routine,GHA,Ghana,1987,0,0,use default routine age for this projection,<NA>,0,both,<NA>
yf-preventive-default_nocovid,"YF:YF,routine,with:default_nocovid",YF,total,routine,GHA,Ghana,1988,0,0,use default routine age for this projection,<NA>,0,both,<NA>
yf-preventive-default_nocovid,"YF:YF,routine,with:default_nocovid",YF,total,routine,GHA,Ghana,1989,0,0,use default routine age for this projection,<NA>,0,both,<NA>
yf-preventive-default_nocovid,"YF:YF,routine,with:default_nocovid",YF,total,routine,GHA,Ghana,1990,0,0,use default routine age for this projection,<NA>,0,both,<NA>
yf-preventive-default_nocovid,"YF:YF,routine,with:default_nocovid",YF,total,routine,GHA,Ghana,1991,0,0,use default routine age for this projection,<NA>,0,both,<NA>
yf-preventive-default_nocovid,"YF:YF,routine,with:default_nocovid",YF,total,routine,GHA,Ghana,1992,0,0,use default routine age for this projection,<NA>,0,both,<NA>
yf-preventive-default_nocovid,"YF:YF,routine,with:default_nocovid",YF,total,routine,GHA,Ghana,1993,0,0,use default routine age for this projection,<NA>,0,both,<NA>
yf-preventive-default_nocovid,"YF:YF,routine,with:default_nocovid",YF,total,routine,GHA,Ghana,1994,0,0,use default routine age for this projection,<NA>,0,both,<NA>
yf-preventive-default_nocovid,"YF:YF,routine,with:default_nocovid",YF,total,routine,GHA,Ghana,1995,0,0,use default routine age for this projection,<NA>,0,both,<NA>
yf-preventive-default_nocovid,"YF:YF,routine,with:default_nocovid",YF,total,routine,GHA,Ghana,1996,0,0,use default routine age for this projection,<NA>,0,both,<NA>
yf-preventive-default_nocovid,"YF:YF,routine,with:default_nocovid",YF,total,routine,GHA,Ghana,1997,0,0,default routine age,<NA>,0.4000000000000000222,both,<NA>
yf-preventive-default_nocovid,"YF:YF,routine,with:default_nocovid",YF,total,routine,GHA,Ghana,1998,0,0,default routine age,<NA>,0.5,both,<NA>
yf-preventive-default_nocovid,"YF:YF,routine,with:default_nocovid",YF,total,routine,GHA,Ghana,1999,0,0,default routine age,<NA>,0.5999999999999999778,both,<NA>
yf-preventive-default_nocovid,"YF:YF,routine,with:default_nocovid",YF,total,routine,GHA,Ghana,2000,0,0,default routine age,<NA>,0.73999999999999999112,both,<NA>
yf-preventive-default_nocovid,"YF:YF,routine,with:default_nocovid",YF,total,routine,GHA,Ghana,2001,0,0,default routine age,<NA>,0.86999999999999999556,both,<NA>
yf-preventive-default_nocovid,"YF:YF,routine,with:default_nocovid",YF,total,routine,GHA,Ghana,2002,0,0,default routine age,<NA>,0.81999999999999995115,both,<NA>
yf-preventive-default_nocovid,"YF:YF,routine,with:default_nocovid",YF,total,routine,GHA,Ghana,2003,0,0,default routine age,<NA>,0.77000000000000001776,both,<NA>
yf-preventive-default_nocovid,"YF:YF,routine,with:default_nocovid",YF,total,routine,GHA,Ghana,2004,0,0,default routine age,<NA>,0.81000000000000005329,both,<NA>
yf-preventive-default_nocovid,"YF:YF,routine,with:default_nocovid",YF,total,routine,GHA,Ghana,2005,0,0,default routine age,<NA>,0.81999999999999995115,both,<NA>
yf-preventive-default_nocovid,"YF:YF,routine,with:default_nocovid",YF,total,routine,GHA,Ghana,2006,0,0,default routine age,<NA>,0.83999999999999996891,both,<NA>
yf-preventive-default_nocovid,"YF:YF,routine,with:default_nocovid",YF,total,routine,GHA,Ghana,2007,0,0,default routine age,<NA>,0.93999999999999994671,both,<NA>
yf-preventive-default_nocovid,"YF:YF,routine,with:default_nocovid",YF,total,routine,GHA,Ghana,2008,0,0,default routine age,<NA>,0.85999999999999998668,both,<NA>
yf-preventive-default_nocovid,"YF:YF,routine,with:default_nocovid",YF,total,routine,GHA,Ghana,2009,0,0,default routine age,<NA>,0.93000000000000004885,both,<NA>
yf-preventive-default_nocovid,"YF:YF,routine,with:default_nocovid",YF,total,routine,GHA,Ghana,2010,0,0,default routine age,<NA>,0.93000000000000004885,both,<NA>
yf-preventive-default_nocovid,"YF:YF,routine,with:default_nocovid",YF,total,routine,GHA,Ghana,2011,0,0,default routine age,<NA>,0.91000000000000003109,both,<NA>
yf-preventive-default_nocovid,"YF:YF,routine,with:default_nocovid",YF,total,routine,GHA,Ghana,2012,0,0,default routine age,<NA>,0.88000000000000000444,both,<NA>
yf-preventive-default_nocovid,"YF:YF,routine,with:default_nocovid",YF,total,routine,GHA,Ghana,2013,0,0,default routine age,<NA>,0.86999999999999999556,both,<NA>
yf-preventive-default_nocovid,"YF:YF,routine,with:default_nocovid",YF,total,routine,GHA,Ghana,2014,0,0,default routine age,<NA>,0.92000000000000003997,both,<NA>
yf-preventive-default_nocovid,"YF:YF,routine,with:default_nocovid",YF,total,routine,GHA,Ghana,2015,0,0,default routine age,<NA>,0.88000000000000000444,both,<NA>
yf-preventive-default_nocovid,"YF:YF,routine,with:default_nocovid",YF,total,routine,GHA,Ghana,2016,0,0,default routine age,<NA>,0.88000000000000000444,both,<NA>
yf-preventive-default_nocovid,"YF:YF,routine,with:default_nocovid",YF,total,routine,GHA,Ghana,2017,0,0,default routine age,<NA>,0.85999999999999998668,both,<NA>
yf-preventive-default_nocovid,"YF:YF,routine,with:default_nocovid",YF,total,routine,GHA,Ghana,2018,0,0,default routine age,<NA>,0.91000000000000003109,both,<NA>
yf-preventive-default_nocovid,"YF:YF,routine,with:default_nocovid",YF,total,routine,GHA,Ghana,2019,0,0,default routine age,<NA>,0.92000000000000003997,both,<NA>
yf-preventive-default_nocovid,"YF:YF,routine,with:default_nocovid",YF,total,routine,GHA,Ghana,2020,0,0,default routine age,<NA>,0.92000000000000003997,both,<NA>
yf-preventive-default_nocovid,"YF:YF,routine,with:default_nocovid",YF,total,routine,GHA,Ghana,2021,0,0,default routine age,<NA>,0.93999999999999994671,both,<NA>
yf-preventive-default_nocovid,"YF:YF,routine,with:default_nocovid",YF,total,routine,GHA,Ghana,2022,0,0,<NA>,<NA>,0.93760530949264531131,both,<NA>
yf-preventive-default_nocovid,"YF:YF,routine,with:default_nocovid",YF,total,routine,GHA,Ghana,2023,0,0,<NA>,<NA>,0.93511504327485694965,both,<NA>
yf-preventive-default_nocovid,"YF:YF,routine,with:default_nocovid",YF,total,routine,GHA,Ghana,2024,0,0,<NA>,<NA>,0.93252538677586005456,both,<NA>
yf-preventive-default_nocovid,"YF:YF,routine,with:default_nocovid",YF,total,routine,GHA,Ghana,2025,0,0,<NA>,<NA>,0.92983237317960543145,both,<NA>
yf-preventive-default_nocovid,"YF:YF,routine,with:default_nocovid",YF,total,routine,GHA,Ghana,2026,0,0,<NA>,<NA>,0.92703187734843206513,both,<NA>
yf-preventive-default_nocovid,"YF:YF,routine,with:default_nocovid",YF,total,routine,GHA,Ghana,2027,0,0,<NA>,<NA>,0.924119609504212014,both,<NA>
yf-preventive-default_nocovid,"YF:YF,routine,with:default_nocovid",YF,total,routine,GHA,Ghana,2028,0,0,<NA>,<NA>,0.92109110865730148276,both,<NA>
yf-preventive-default_nocovid,"YF:YF,routine,with:default_nocovid",YF,total,routine,GHA,Ghana,2029,0,0,<NA>,<NA>,0.9179417357732307936,both,<NA>
yf-preventive-default_nocovid,"YF:YF,routine,with:default_nocovid",YF,total,routine,GHA,Ghana,2030,0,0,<NA>,<NA>,0.91466666666666673891,both,<NA>
yf-preventive-default_nocovid,"YF:YF,routine,with:default_nocovid",YF,total,routine,GHA,Ghana,2031,0,0,<NA>,<NA>,0.92466666666666674779,both,<NA>
yf-preventive-default_nocovid,"YF:YF,routine,with:default_nocovid",YF,total,routine,GHA,Ghana,2032,0,0,<NA>,<NA>,0.93466666666666675667,both,<NA>
yf-preventive-default_nocovid,"YF:YF,routine,with:default_nocovid",YF,total,routine,GHA,Ghana,2033,0,0,<NA>,<NA>,0.93999999999999994671,both,<NA>
yf-preventive-default_nocovid,"YF:YF,routine,with:default_nocovid",YF,total,routine,GHA,Ghana,2034,0,0,<NA>,<NA>,0.93999999999999994671,both,<NA>
yf-preventive-default_nocovid,"YF:YF,routine,with:default_nocovid",YF,total,routine,GHA,Ghana,2035,0,0,<NA>,<NA>,0.93999999999999994671,both,<NA>
yf-preventive-default_nocovid,"YF:YF,routine,with:default_nocovid",YF,total,routine,GHA,Ghana,2036,0,0,<NA>,<NA>,0.93999999999999994671,both,<NA>
yf-preventive-default_nocovid,"YF:YF,routine,with:default_nocovid",YF,total,routine,GHA,Ghana,2037,0,0,<NA>,<NA>,0.93999999999999994671,both,<NA>
yf-preventive-default_nocovid,"YF:YF,routine,with:default_nocovid",YF,total,routine,GHA,Ghana,2038,0,0,<NA>,<NA>,0.93999999999999994671,both,<NA>
yf-preventive-default_nocovid,"YF:YF,routine,with:default_nocovid",YF,total,routine,GHA,Ghana,2039,0,0,<NA>,<NA>,0.93999999999999994671,both,<NA>
yf-preventive-default_nocovid,"YF:YF,routine,with:default_nocovid",YF,total,routine,GHA,Ghana,2040,0,0,<NA>,<NA>,0.93999999999999994671,both,<NA>
yf-preventive-default_nocovid,"YF:YF,routine,with:default_nocovid",YF,total,routine,GHA,Ghana,2041,0,0,<NA>,<NA>,0.93999999999999994671,both,<NA>
yf-preventive-default_nocovid,"YF:YF,routine,with:default_nocovid",YF,total,routine,GHA,Ghana,2042,0,0,<NA>,<NA>,0.93999999999999994671,both,<NA>
yf-preventive-default_nocovid,"YF:YF,routine,with:default_nocovid",YF,total,routine,GHA,Ghana,2043,0,0,<NA>,<NA>,0.93999999999999994671,both,<NA>
yf-preventive-default_nocovid,"YF:YF,routine,with:default_nocovid",YF,total,routine,GHA,Ghana,2044,0,0,<NA>,<NA>,0.93999999999999994671,both,<NA>
yf-preventive-default_nocovid,"YF:YF,routine,with:default_nocovid",YF,total,routine,GHA,Ghana,2045,0,0,<NA>,<NA>,0.93999999999999994671,both,<NA>
yf-preventive-default_nocovid,"YF:YF,routine,with:default_nocovid",YF,total,routine,GHA,Ghana,2046,0,0,<NA>,<NA>,0.93999999999999994671,both,<NA>
yf-preventive-default_nocovid,"YF:YF,routine,with:default_nocovid",YF,total,routine,GHA,Ghana,2047,0,0,<NA>,<NA>,0.93999999999999994671,both,<NA>
yf-preventive-default_nocovid,"YF:YF,routine,with:default_nocovid",YF,total,routine,GHA,Ghana,2048,0,0,<NA>,<NA>,0.93999999999999994671,both,<NA>
yf-preventive-default_nocovid,"YF:YF,routine,with:default_nocovid",YF,total,routine,GHA,Ghana,2049,0,0,<NA>,<NA>,0.93999999999999994671,both,<NA>
yf-preventive-default_nocovid,"YF:YF,routine,with:default_nocovid",YF,total,routine,GHA,Ghana,2050,0,0,<NA>,<NA>,0.93999999999999994671,both,<NA>
yf-preventive-default_nocovid,"YF:YF,routine,with:default_nocovid",YF,total,routine,GHA,Ghana,2051,0,0,<NA>,<NA>,0.93999999999999994671,both,<NA>
yf-preventive-default_nocovid,"YF:YF,routine,with:default_nocovid",YF,total,routine,GHA,Ghana,2052,0,0,<NA>,<NA>,0.93999999999999994671,both,<NA>
yf-preventive-default_nocovid,"YF:YF,routine,with:default_nocovid",YF,total,routine,GHA,Ghana,2053,0,0,<NA>,<NA>,0.93999999999999994671,both,<NA>
yf-preventive-default_nocovid,"YF:YF,routine,with:default_nocovid",YF,total,routine,GHA,Ghana,2054,0,0,<NA>,<NA>,0.93999999999999994671,both,<NA>
yf-preventive-default_nocovid,"YF:YF,routine,with:default_nocovid",YF,total,routine,GHA,Ghana,2055,0,0,<NA>,<NA>,0.93999999999999994671,both,<NA>
yf-preventive-default_nocovid,"YF:YF,routine,with:default_nocovid",YF,total,routine,GHA,Ghana,2056,0,0,<NA>,<NA>,0.93999999999999994671,both,<NA>
yf-preventive-default_nocovid,"YF:YF,routine,with:default_nocovid",YF,total,routine,GHA,Ghana,2057,0,0,<NA>,<NA>,0.93999999999999994671,both,<NA>
yf-preventive-default_nocovid,"YF:YF,routine,with:default_nocovid",YF,total,routine,GHA,Ghana,2058,0,0,<NA>,<NA>,0.93999999999999994671,both,<NA>
yf-preventive-default_nocovid,"YF:YF,routine,with:default_nocovid",YF,total,routine,GHA,Ghana,2059,0,0,<NA>,<NA>,0.93999999999999994671,both,<NA>
yf-preventive-default_nocovid,"YF:YF,routine,with:default_nocovid",YF,total,routine,GHA,Ghana,2060,0,0,<NA>,<NA>,0.93999999999999994671,both,<NA>
yf-preventive-default_nocovid,"YF:YF,routine,with:default_nocovid",YF,total,routine,GHA,Ghana,2061,0,0,<NA>,<NA>,0.93999999999999994671,both,<NA>
yf-preventive-default_nocovid,"YF:YF,routine,with:default_nocovid",YF,total,routine,GHA,Ghana,2062,0,0,<NA>,<NA>,0.93999999999999994671,both,<NA>
yf-preventive-default_nocovid,"YF:YF,routine,with:default_nocovid",YF,total,routine,GHA,Ghana,2063,0,0,<NA>,<NA>,0.93999999999999994671,both,<NA>
yf-preventive-default_nocovid,"YF:YF,routine,with:default_nocovid",YF,total,routine,GHA,Ghana,2064,0,0,<NA>,<NA>,0.93999999999999994671,both,<NA>
yf-preventive-default_nocovid,"YF:YF,routine,with:default_nocovid",YF,total,routine,GHA,Ghana,2065,0,0,<NA>,<NA>,0.93999999999999994671,both,<NA>
yf-preventive-default_nocovid,"YF:YF,routine,with:default_nocovid",YF,total,routine,GHA,Ghana,2066,0,0,<NA>,<NA>,0.93999999999999994671,both,<NA>
yf-preventive-default_nocovid,"YF:YF,routine,with:default_nocovid",YF,total,routine,GHA,Ghana,2067,0,0,<NA>,<NA>,0.93999999999999994671,both,<NA>
yf-preventive-default_nocovid,"YF:YF,routine,with:default_nocovid",YF,total,routine,GHA,Ghana,2068,0,0,<NA>,<NA>,0.93999999999999994671,both,<NA>
yf-preventive-default_nocovid,"YF:YF,routine,with:default_nocovid",YF,total,routine,GHA,Ghana,2069,0,0,<NA>,<NA>,0.93999999999999994671,both,<NA>
yf-preventive-default_nocovid,"YF:YF,routine,with:default_nocovid",YF,total,routine,GHA,Ghana,2070,0,0,<NA>,<NA>,0.93999999999999994671,both,<NA>
yf-preventive-default_nocovid,"YF:YF,routine,with:default_nocovid",YF,total,routine,GHA,Ghana,2071,0,0,<NA>,<NA>,0.93999999999999994671,both,<NA>
yf-preventive-default_nocovid,"YF:YF,routine,with:default_nocovid",YF,total,routine,GHA,Ghana,2072,0,0,<NA>,<NA>,0.93999999999999994671,both,<NA>
yf-preventive-default_nocovid,"YF:YF,routine,with:default_nocovid",YF,total,routine,GHA,Ghana,2073,0,0,<NA>,<NA>,0.93999999999999994671,both,<NA>
yf-preventive-default_nocovid,"YF:YF,routine,with:default_nocovid",YF,total,routine,GHA,Ghana,2074,0,0,<NA>,<NA>,0.93999999999999994671,both,<NA>
yf-preventive-default_nocovid,"YF:YF,routine,with:default_nocovid",YF,total,routine,GHA,Ghana,2075,0,0,<NA>,<NA>,0.93999999999999994671,both,<NA>
yf-preventive-default_nocovid,"YF:YF,routine,with:default_nocovid",YF,total,routine,GHA,Ghana,2076,0,0,<NA>,<NA>,0.93999999999999994671,both,<NA>
yf-preventive-default_nocovid,"YF:YF,routine,with:default_nocovid",YF,total,routine,GHA,Ghana,2077,0,0,<NA>,<NA>,0.93999999999999994671,both,<NA>
yf-preventive-default_nocovid,"YF:YF,routine,with:default_nocovid",YF,total,routine,GHA,Ghana,2078,0,0,<NA>,<NA>,0.93999999999999994671,both,<NA>
yf-preventive-default_nocovid,"YF:YF,routine,with:default_nocovid",YF,total,routine,GHA,Ghana,2079,0,0,<NA>,<NA>,0.93999999999999994671,both,<NA>
yf-preventive-default_nocovid,"YF:YF,routine,with:default_nocovid",YF,total,routine,GHA,Ghana,2080,0,0,<NA>,<NA>,0.93999999999999994671,both,<NA>
yf-preventive-default_nocovid,"YF:YF,routine,with:default_nocovid",YF,total,routine,GHA,Ghana,2081,0,0,<NA>,<NA>,0.93999999999999994671,both,<NA>
yf-preventive-default_nocovid,"YF:YF,routine,with:default_nocovid",YF,total,routine,GHA,Ghana,2082,0,0,<NA>,<NA>,0.93999999999999994671,both,<NA>
yf-preventive-default_nocovid,"YF:YF,routine,with:default_nocovid",YF,total,routine,GHA,Ghana,2083,0,0,<NA>,<NA>,0.93999999999999994671,both,<NA>
yf-preventive-default_nocovid,"YF:YF,routine,with:default_nocovid",YF,total,routine,GHA,Ghana,2084,0,0,<NA>,<NA>,0.93999999999999994671,both,<NA>
yf-preventive-default_nocovid,"YF:YF,routine,with:default_nocovid",YF,total,routine,GHA,Ghana,2085,0,0,<NA>,<NA>,0.93999999999999994671,both,<NA>
yf-preventive-default_nocovid,"YF:YF,routine,with:default_nocovid",YF,total,routine,GHA,Ghana,2086,0,0,<NA>,<NA>,0.93999999999999994671,both,<NA>
yf-preventive-default_nocovid,"YF:YF,routine,with:default_nocovid",YF,total,routine,GHA,Ghana,2087,0,0,<NA>,<NA>,0.93999999999999994671,both,<NA>
yf-preventive-default_nocovid,"YF:YF,routine,with:default_nocovid",YF,total,routine,GHA,Ghana,2088,0,0,<NA>,<NA>,0.93999999999999994671,both,<NA>
yf-preventive-default_nocovid,"YF:YF,routine,with:default_nocovid",YF,total,routine,GHA,Ghana,2089,0,0,<NA>,<NA>,0.93999999999999994671,both,<NA>
yf-preventive-default_nocovid,"YF:YF,routine,with:default_nocovid",YF,total,routine,GHA,Ghana,2090,0,0,<NA>,<NA>,0.93999999999999994671,both,<NA>
yf-preventive-default_nocovid,"YF:YF,routine,with:default_nocovid",YF,total,routine,GHA,Ghana,2091,0,0,<NA>,<NA>,0.93999999999999994671,both,<NA>
yf-preventive-default_nocovid,"YF:YF,routine,with:default_nocovid",YF,total,routine,GHA,Ghana,2092,0,0,<NA>,<NA>,0.93999999999999994671,both,<NA>
yf-preventive-default_nocovid,"YF:YF,routine,with:default_nocovid",YF,total,routine,GHA,Ghana,2093,0,0,<NA>,<NA>,0.93999999999999994671,both,<NA>
yf-preventive-default_nocovid,"YF:YF,routine,with:default_nocovid",YF,total,routine,GHA,Ghana,2094,0,0,<NA>,<NA>,0.93999999999999994671,both,<NA>
yf-preventive-default_nocovid,"YF:YF,routine,with:default_nocovid",YF,total,routine,GHA,Ghana,2095,0,0,<NA>,<NA>,0.93999999999999994671,both,<NA>
yf-preventive-default_nocovid,"YF:YF,routine,with:default_nocovid",YF,total,routine,GHA,Ghana,2096,0,0,<NA>,<NA>,0.93999999999999994671,both,<NA>
yf-preventive-default_nocovid,"YF:YF,routine,with:default_nocovid",YF,total,routine,GHA,Ghana,2097,0,0,<NA>,<NA>,0.93999999999999994671,both,<NA>
yf-preventive-default_nocovid,"YF:YF,routine,with:default_nocovid",YF,total,routine,GHA,Ghana,2098,0,0,<NA>,<NA>,0.93999999999999994671,both,<NA>
yf-preventive-default_nocovid,"YF:YF,routine,with:default_nocovid",YF,total,routine,GHA,Ghana,2099,0,0,<NA>,<NA>,0.93999999999999994671,both,<NA>
yf-preventive-default_nocovid,"YF:YF,routine,with:default_nocovid",YF,total,routine,GHA,Ghana,2100,0,0,<NA>,<NA>,0.93999999999999994671,both,<NA>
yf-preventive-default_nocovid,"YF:YF,routine,with:default_nocovid",YF,total,routine,GIN,Guinea,1980,0,0,use default routine age for this projection,<NA>,0,both,<NA>
yf-preventive-default_nocovid,"YF:YF,routine,with:default_nocovid",YF,total,routine,GIN,Guinea,1981,0,0,use default routine age for this projection,<NA>,0,both,<NA>
yf-preventive-default_nocovid,"YF:YF,routine,with:default_nocovid",YF,total,routine,GIN,Guinea,1982,0,0,use default routine age for this projection,<NA>,0,both,<NA>
yf-preventive-default_nocovid,"YF:YF,routine,with:default_nocovid",YF,total,routine,GIN,Guinea,1983,0,0,use default routine age for this projection,<NA>,0,both,<NA>
yf-preventive-default_nocovid,"YF:YF,routine,with:default_nocovid",YF,total,routine,GIN,Guinea,1984,0,0,use default routine age for this projection,<NA>,0,both,<NA>
yf-preventive-default_nocovid,"YF:YF,routine,with:default_nocovid",YF,total,routine,GIN,Guinea,1985,0,0,use default routine age for this projection,<NA>,0,both,<NA>
yf-preventive-default_nocovid,"YF:YF,routine,with:default_nocovid",YF,total,routine,GIN,Guinea,1986,0,0,use default routine age for this projection,<NA>,0,both,<NA>
yf-preventive-default_nocovid,"YF:YF,routine,with:default_nocovid",YF,total,routine,GIN,Guinea,1987,0,0,use default routine age for this projection,<NA>,0,both,<NA>
yf-preventive-default_nocovid,"YF:YF,routine,with:default_nocovid",YF,total,routine,GIN,Guinea,1988,0,0,use default routine age for this projection,<NA>,0,both,<NA>
yf-preventive-default_nocovid,"YF:YF,routine,with:default_nocovid",YF,total,routine,GIN,Guinea,1989,0,0,use default routine age for this projection,<NA>,0,both,<NA>
yf-preventive-default_nocovid,"YF:YF,routine,with:default_nocovid",YF,total,routine,GIN,Guinea,1990,0,0,use default routine age for this projection,<NA>,0,both,<NA>
yf-preventive-default_nocovid,"YF:YF,routine,with:default_nocovid",YF,total,routine,GIN,Guinea,1991,0,0,use default routine age for this projection,<NA>,0,both,<NA>
yf-preventive-default_nocovid,"YF:YF,routine,with:default_nocovid",YF,total,routine,GIN,Guinea,1992,0,0,use default routine age for this projection,<NA>,0,both,<NA>
yf-preventive-default_nocovid,"YF:YF,routine,with:default_nocovid",YF,total,routine,GIN,Guinea,1993,0,0,use default routine age for this projection,<NA>,0,both,<NA>
yf-preventive-default_nocovid,"YF:YF,routine,with:default_nocovid",YF,total,routine,GIN,Guinea,1994,0,0,use default routine age for this projection,<NA>,0,both,<NA>
yf-preventive-default_nocovid,"YF:YF,routine,with:default_nocovid",YF,total,routine,GIN,Guinea,1995,0,0,use default routine age for this projection,<NA>,0,both,<NA>
yf-preventive-default_nocovid,"YF:YF,routine,with:default_nocovid",YF,total,routine,GIN,Guinea,1996,0,0,use default routine age for this projection,<NA>,0,both,<NA>
yf-preventive-default_nocovid,"YF:YF,routine,with:default_nocovid",YF,total,routine,GIN,Guinea,1997,0,0,use default routine age for this projection,<NA>,0,both,<NA>
yf-preventive-default_nocovid,"YF:YF,routine,with:default_nocovid",YF,total,routine,GIN,Guinea,1998,0,0,use default routine age for this projection,<NA>,0,both,<NA>
yf-preventive-default_nocovid,"YF:YF,routine,with:default_nocovid",YF,total,routine,GIN,Guinea,1999,0,0,use default routine age for this projection,<NA>,0,both,<NA>
yf-preventive-default_nocovid,"YF:YF,routine,with:default_nocovid",YF,total,routine,GIN,Guinea,2000,0,0,use default routine age for this projection,<NA>,0,both,<NA>
yf-preventive-default_nocovid,"YF:YF,routine,with:default_nocovid",YF,total,routine,GIN,Guinea,2001,0,0,use default routine age for this projection,<NA>,0,both,<NA>
yf-preventive-default_nocovid,"YF:YF,routine,with:default_nocovid",YF,total,routine,GIN,Guinea,2002,0,0,default routine age,<NA>,0.17000000000000001221,both,<NA>
yf-preventive-default_nocovid,"YF:YF,routine,with:default_nocovid",YF,total,routine,GIN,Guinea,2003,0,0,default routine age,<NA>,0.28000000000000002665,both,<NA>
yf-preventive-default_nocovid,"YF:YF,routine,with:default_nocovid",YF,total,routine,GIN,Guinea,2004,0,0,default routine age,<NA>,0.39000000000000001332,both,<NA>
yf-preventive-default_nocovid,"YF:YF,routine,with:default_nocovid",YF,total,routine,GIN,Guinea,2005,0,0,default routine age,<NA>,0.39000000000000001332,both,<NA>
yf-preventive-default_nocovid,"YF:YF,routine,with:default_nocovid",YF,total,routine,GIN,Guinea,2006,0,0,default routine age,<NA>,0.38000000000000000444,both,<NA>
yf-preventive-default_nocovid,"YF:YF,routine,with:default_nocovid",YF,total,routine,GIN,Guinea,2007,0,0,default routine age,<NA>,0.4500000000000000111,both,<NA>
yf-preventive-default_nocovid,"YF:YF,routine,with:default_nocovid",YF,total,routine,GIN,Guinea,2008,0,0,default routine age,<NA>,0.46999999999999997335,both,<NA>
yf-preventive-default_nocovid,"YF:YF,routine,with:default_nocovid",YF,total,routine,GIN,Guinea,2009,0,0,default routine age,<NA>,0.52000000000000001776,both,<NA>
yf-preventive-default_nocovid,"YF:YF,routine,with:default_nocovid",YF,total,routine,GIN,Guinea,2010,0,0,default routine age,<NA>,0.56000000000000005329,both,<NA>
yf-preventive-default_nocovid,"YF:YF,routine,with:default_nocovid",YF,total,routine,GIN,Guinea,2011,0,0,default routine age,<NA>,0.61999999999999999556,both,<NA>
yf-preventive-default_nocovid,"YF:YF,routine,with:default_nocovid",YF,total,routine,GIN,Guinea,2012,0,0,default routine age,<NA>,0.56000000000000005329,both,<NA>
yf-preventive-default_nocovid,"YF:YF,routine,with:default_nocovid",YF,total,routine,GIN,Guinea,2013,0,0,default routine age,<NA>,0.51000000000000000888,both,<NA>
yf-preventive-default_nocovid,"YF:YF,routine,with:default_nocovid",YF,total,routine,GIN,Guinea,2014,0,0,default routine age,<NA>,0.4500000000000000111,both,<NA>
yf-preventive-default_nocovid,"YF:YF,routine,with:default_nocovid",YF,total,routine,GIN,Guinea,2015,0,0,default routine age,<NA>,0.44000000000000000222,both,<NA>
yf-preventive-default_nocovid,"YF:YF,routine,with:default_nocovid",YF,total,routine,GIN,Guinea,2016,0,0,default routine age,<NA>,0.4000000000000000222,both,<NA>
yf-preventive-default_nocovid,"YF:YF,routine,with:default_nocovid",YF,total,routine,GIN,Guinea,2017,0,0,default routine age,<NA>,0.4000000000000000222,both,<NA>
yf-preventive-default_nocovid,"YF:YF,routine,with:default_nocovid",YF,total,routine,GIN,Guinea,2018,0,0,default routine age,<NA>,0.4000000000000000222,both,<NA>
yf-preventive-default_nocovid,"YF:YF,routine,with:default_nocovid",YF,total,routine,GIN,Guinea,2019,0,0,default routine age,<NA>,0.4000000000000000222,both,<NA>
yf-preventive-default_nocovid,"YF:YF,routine,with:default_nocovid",YF,total,routine,GIN,Guinea,2020,0,0,default routine age,<NA>,0.4000000000000000222,both,<NA>
yf-preventive-default_nocovid,"YF:YF,routine,with:default_nocovid",YF,total,routine,GIN,Guinea,2021,0,0,default routine age,<NA>,0.42171632138882797491,both,<NA>
yf-preventive-default_nocovid,"YF:YF,routine,with:default_nocovid",YF,total,routine,GIN,Guinea,2022,0,0,<NA>,<NA>,0.44264664508655116038,both,<NA>
yf-preventive-default_nocovid,"YF:YF,routine,with:default_nocovid",YF,total,routine,GIN,Guinea,2023,0,0,<NA>,<NA>,0.46281941939062121172,both,<NA>
yf-preventive-default_nocovid,"YF:YF,routine,with:default_nocovid",YF,total,routine,GIN,Guinea,2024,0,0,<NA>,<NA>,0.48226206294453866086,both,<NA>
yf-preventive-default_nocovid,"YF:YF,routine,with:default_nocovid",YF,total,routine,GIN,Guinea,2025,0,0,<NA>,<NA>,0.5010010020050139623,both,<NA>
yf-preventive-default_nocovid,"YF:YF,routine,with:default_nocovid",YF,total,routine,GIN,Guinea,2026,0,0,<NA>,<NA>,0.51906170636028448051,both,<NA>
yf-preventive-default_nocovid,"YF:YF,routine,with:default_nocovid",YF,total,routine,GIN,Guinea,2027,0,0,<NA>,<NA>,0.53646872394840872111,both,<NA>
yf-preventive-default_nocovid,"YF:YF,routine,with:default_nocovid",YF,total,routine,GIN,Guinea,2028,0,0,<NA>,<NA>,0.55324571422259194442,both,<NA>
yf-preventive-default_nocovid,"YF:YF,routine,with:default_nocovid",YF,total,routine,GIN,Guinea,2029,0,0,<NA>,<NA>,0.56941548030888944343,both,<NA>
yf-preventive-default_nocovid,"YF:YF,routine,with:default_nocovid",YF,total,routine,GIN,Guinea,2030,0,0,<NA>,<NA>,0.58499999999999996447,both,<NA>
yf-preventive-default_nocovid,"YF:YF,routine,with:default_nocovid",YF,total,routine,GIN,Guinea,2031,0,0,<NA>,<NA>,0.59499999999999997335,both,<NA>
yf-preventive-default_nocovid,"YF:YF,routine,with:default_nocovid",YF,total,routine,GIN,Guinea,2032,0,0,<NA>,<NA>,0.60499999999999998224,both,<NA>
yf-preventive-default_nocovid,"YF:YF,routine,with:default_nocovid",YF,total,routine,GIN,Guinea,2033,0,0,<NA>,<NA>,0.61499999999999999112,both,<NA>
yf-preventive-default_nocovid,"YF:YF,routine,with:default_nocovid",YF,total,routine,GIN,Guinea,2034,0,0,<NA>,<NA>,0.625,both,<NA>
yf-preventive-default_nocovid,"YF:YF,routine,with:default_nocovid",YF,total,routine,GIN,Guinea,2035,0,0,<NA>,<NA>,0.63500000000000000888,both,<NA>
yf-preventive-default_nocovid,"YF:YF,routine,with:default_nocovid",YF,total,routine,GIN,Guinea,2036,0,0,<NA>,<NA>,0.64500000000000001776,both,<NA>
yf-preventive-default_nocovid,"YF:YF,routine,with:default_nocovid",YF,total,routine,GIN,Guinea,2037,0,0,<NA>,<NA>,0.65500000000000002665,both,<NA>
yf-preventive-default_nocovid,"YF:YF,routine,with:default_nocovid",YF,total,routine,GIN,Guinea,2038,0,0,<NA>,<NA>,0.6649999999999999245,both,<NA>
yf-preventive-default_nocovid,"YF:YF,routine,with:default_nocovid",YF,total,routine,GIN,Guinea,2039,0,0,<NA>,<NA>,0.67499999999999993339,both,<NA>
yf-preventive-default_nocovid,"YF:YF,routine,with:default_nocovid",YF,total,routine,GIN,Guinea,2040,0,0,<NA>,<NA>,0.68499999999999994227,both,<NA>
yf-preventive-default_nocovid,"YF:YF,routine,with:default_nocovid",YF,total,routine,GIN,Guinea,2041,0,0,<NA>,<NA>,0.69499999999999995115,both,<NA>
yf-preventive-default_nocovid,"YF:YF,routine,with:default_nocovid",YF,total,routine,GIN,Guinea,2042,0,0,<NA>,<NA>,0.70499999999999996003,both,<NA>
yf-preventive-default_nocovid,"YF:YF,routine,with:default_nocovid",YF,total,routine,GIN,Guinea,2043,0,0,<NA>,<NA>,0.71499999999999996891,both,<NA>
yf-preventive-default_nocovid,"YF:YF,routine,with:default_nocovid",YF,total,routine,GIN,Guinea,2044,0,0,<NA>,<NA>,0.7249999999999999778,both,<NA>
yf-preventive-default_nocovid,"YF:YF,routine,with:default_nocovid",YF,total,routine,GIN,Guinea,2045,0,0,<NA>,<NA>,0.73499999999999998668,both,<NA>
yf-preventive-default_nocovid,"YF:YF,routine,with:default_nocovid",YF,total,routine,GIN,Guinea,2046,0,0,<NA>,<NA>,0.74499999999999999556,both,<NA>
yf-preventive-default_nocovid,"YF:YF,routine,with:default_nocovid",YF,total,routine,GIN,Guinea,2047,0,0,<NA>,<NA>,0.75500000000000000444,both,<NA>
yf-preventive-default_nocovid,"YF:YF,routine,with:default_nocovid",YF,total,routine,GIN,Guinea,2048,0,0,<NA>,<NA>,0.7649999999999999023,both,<NA>
yf-preventive-default_nocovid,"YF:YF,routine,with:default_nocovid",YF,total,routine,GIN,Guinea,2049,0,0,<NA>,<NA>,0.77499999999999991118,both,<NA>
yf-preventive-default_nocovid,"YF:YF,routine,with:default_nocovid",YF,total,routine,GIN,Guinea,2050,0,0,<NA>,<NA>,0.78499999999999992006,both,<NA>
yf-preventive-default_nocovid,"YF:YF,routine,with:default_nocovid",YF,total,routine,GIN,Guinea,2051,0,0,<NA>,<NA>,0.79499999999999992895,both,<NA>
yf-preventive-default_nocovid,"YF:YF,routine,with:default_nocovid",YF,total,routine,GIN,Guinea,2052,0,0,<NA>,<NA>,0.80499999999999993783,both,<NA>
yf-preventive-default_nocovid,"YF:YF,routine,with:default_nocovid",YF,total,routine,GIN,Guinea,2053,0,0,<NA>,<NA>,0.81499999999999994671,both,<NA>
yf-preventive-default_nocovid,"YF:YF,routine,with:default_nocovid",YF,total,routine,GIN,Guinea,2054,0,0,<NA>,<NA>,0.82499999999999995559,both,<NA>
yf-preventive-default_nocovid,"YF:YF,routine,with:default_nocovid",YF,total,routine,GIN,Guinea,2055,0,0,<NA>,<NA>,0.83499999999999996447,both,<NA>
yf-preventive-default_nocovid,"YF:YF,routine,with:default_nocovid",YF,total,routine,GIN,Guinea,2056,0,0,<NA>,<NA>,0.84499999999999997335,both,<NA>
yf-preventive-default_nocovid,"YF:YF,routine,with:default_nocovid",YF,total,routine,GIN,Guinea,2057,0,0,<NA>,<NA>,0.85499999999999998224,both,<NA>
yf-preventive-default_nocovid,"YF:YF,routine,with:default_nocovid",YF,total,routine,GIN,Guinea,2058,0,0,<NA>,<NA>,0.86499999999999999112,both,<NA>
yf-preventive-default_nocovid,"YF:YF,routine,with:default_nocovid",YF,total,routine,GIN,Guinea,2059,0,0,<NA>,<NA>,0.875,both,<NA>
yf-preventive-default_nocovid,"YF:YF,routine,with:default_nocovid",YF,total,routine,GIN,Guinea,2060,0,0,<NA>,<NA>,0.88500000000000000888,both,<NA>
yf-preventive-default_nocovid,"YF:YF,routine,with:default_nocovid",YF,total,routine,GIN,Guinea,2061,0,0,<NA>,<NA>,0.89500000000000001776,both,<NA>
yf-preventive-default_nocovid,"YF:YF,routine,with:default_nocovid",YF,total,routine,GIN,Guinea,2062,0,0,<NA>,<NA>,0.9000000000000000222,both,<NA>
yf-preventive-default_nocovid,"YF:YF,routine,with:default_nocovid",YF,total,routine,GIN,Guinea,2063,0,0,<NA>,<NA>,0.9000000000000000222,both,<NA>
yf-preventive-default_nocovid,"YF:YF,routine,with:default_nocovid",YF,total,routine,GIN,Guinea,2064,0,0,<NA>,<NA>,0.9000000000000000222,both,<NA>
yf-preventive-default_nocovid,"YF:YF,routine,with:default_nocovid",YF,total,routine,GIN,Guinea,2065,0,0,<NA>,<NA>,0.9000000000000000222,both,<NA>
yf-preventive-default_nocovid,"YF:YF,routine,with:default_nocovid",YF,total,routine,GIN,Guinea,2066,0,0,<NA>,<NA>,0.9000000000000000222,both,<NA>
yf-preventive-default_nocovid,"YF:YF,routine,with:default_nocovid",YF,total,routine,GIN,Guinea,2067,0,0,<NA>,<NA>,0.9000000000000000222,both,<NA>
yf-preventive-default_nocovid,"YF:YF,routine,with:default_nocovid",YF,total,routine,GIN,Guinea,2068,0,0,<NA>,<NA>,0.9000000000000000222,both,<NA>
yf-preventive-default_nocovid,"YF:YF,routine,with:default_nocovid",YF,total,routine,GIN,Guinea,2069,0,0,<NA>,<NA>,0.9000000000000000222,both,<NA>
yf-preventive-default_nocovid,"YF:YF,routine,with:default_nocovid",YF,total,routine,GIN,Guinea,2070,0,0,<NA>,<NA>,0.9000000000000000222,both,<NA>
yf-preventive-default_nocovid,"YF:YF,routine,with:default_nocovid",YF,total,routine,GIN,Guinea,2071,0,0,<NA>,<NA>,0.9000000000000000222,both,<NA>
yf-preventive-default_nocovid,"YF:YF,routine,with:default_nocovid",YF,total,routine,GIN,Guinea,2072,0,0,<NA>,<NA>,0.9000000000000000222,both,<NA>
yf-preventive-default_nocovid,"YF:YF,routine,with:default_nocovid",YF,total,routine,GIN,Guinea,2073,0,0,<NA>,<NA>,0.9000000000000000222,both,<NA>
yf-preventive-default_nocovid,"YF:YF,routine,with:default_nocovid",YF,total,routine,GIN,Guinea,2074,0,0,<NA>,<NA>,0.9000000000000000222,both,<NA>
yf-preventive-default_nocovid,"YF:YF,routine,with:default_nocovid",YF,total,routine,GIN,Guinea,2075,0,0,<NA>,<NA>,0.9000000000000000222,both,<NA>
yf-preventive-default_nocovid,"YF:YF,routine,with:default_nocovid",YF,total,routine,GIN,Guinea,2076,0,0,<NA>,<NA>,0.9000000000000000222,both,<NA>
yf-preventive-default_nocovid,"YF:YF,routine,with:default_nocovid",YF,total,routine,GIN,Guinea,2077,0,0,<NA>,<NA>,0.9000000000000000222,both,<NA>
yf-preventive-default_nocovid,"YF:YF,routine,with:default_nocovid",YF,total,routine,GIN,Guinea,2078,0,0,<NA>,<NA>,0.9000000000000000222,both,<NA>
yf-preventive-default_nocovid,"YF:YF,routine,with:default_nocovid",YF,total,routine,GIN,Guinea,2079,0,0,<NA>,<NA>,0.9000000000000000222,both,<NA>
yf-preventive-default_nocovid,"YF:YF,routine,with:default_nocovid",YF,total,routine,GIN,Guinea,2080,0,0,<NA>,<NA>,0.9000000000000000222,both,<NA>
yf-preventive-default_nocovid,"YF:YF,routine,with:default_nocovid",YF,total,routine,GIN,Guinea,2081,0,0,<NA>,<NA>,0.9000000000000000222,both,<NA>
yf-preventive-default_nocovid,"YF:YF,routine,with:default_nocovid",YF,total,routine,GIN,Guinea,2082,0,0,<NA>,<NA>,0.9000000000000000222,both,<NA>
yf-preventive-default_nocovid,"YF:YF,routine,with:default_nocovid",YF,total,routine,GIN,Guinea,2083,0,0,<NA>,<NA>,0.9000000000000000222,both,<NA>
yf-preventive-default_nocovid,"YF:YF,routine,with:default_nocovid",YF,total,routine,GIN,Guinea,2084,0,0,<NA>,<NA>,0.9000000000000000222,both,<NA>
yf-preventive-default_nocovid,"YF:YF,routine,with:default_nocovid",YF,total,routine,GIN,Guinea,2085,0,0,<NA>,<NA>,0.9000000000000000222,both,<NA>
yf-preventive-default_nocovid,"YF:YF,routine,with:default_nocovid",YF,total,routine,GIN,Guinea,2086,0,0,<NA>,<NA>,0.9000000000000000222,both,<NA>
yf-preventive-default_nocovid,"YF:YF,routine,with:default_nocovid",YF,total,routine,GIN,Guinea,2087,0,0,<NA>,<NA>,0.9000000000000000222,both,<NA>
yf-preventive-default_nocovid,"YF:YF,routine,with:default_nocovid",YF,total,routine,GIN,Guinea,2088,0,0,<NA>,<NA>,0.9000000000000000222,both,<NA>
yf-preventive-default_nocovid,"YF:YF,routine,with:default_nocovid",YF,total,routine,GIN,Guinea,2089,0,0,<NA>,<NA>,0.9000000000000000222,both,<NA>
yf-preventive-default_nocovid,"YF:YF,routine,with:default_nocovid",YF,total,routine,GIN,Guinea,2090,0,0,<NA>,<NA>,0.9000000000000000222,both,<NA>
yf-preventive-default_nocovid,"YF:YF,routine,with:default_nocovid",YF,total,routine,GIN,Guinea,2091,0,0,<NA>,<NA>,0.9000000000000000222,both,<NA>
yf-preventive-default_nocovid,"YF:YF,routine,with:default_nocovid",YF,total,routine,GIN,Guinea,2092,0,0,<NA>,<NA>,0.9000000000000000222,both,<NA>
yf-preventive-default_nocovid,"YF:YF,routine,with:default_nocovid",YF,total,routine,GIN,Guinea,2093,0,0,<NA>,<NA>,0.9000000000000000222,both,<NA>
yf-preventive-default_nocovid,"YF:YF,routine,with:default_nocovid",YF,total,routine,GIN,Guinea,2094,0,0,<NA>,<NA>,0.9000000000000000222,both,<NA>
yf-preventive-default_nocovid,"YF:YF,routine,with:default_nocovid",YF,total,routine,GIN,Guinea,2095,0,0,<NA>,<NA>,0.9000000000000000222,both,<NA>
yf-preventive-default_nocovid,"YF:YF,routine,with:default_nocovid",YF,total,routine,GIN,Guinea,2096,0,0,<NA>,<NA>,0.9000000000000000222,both,<NA>
yf-preventive-default_nocovid,"YF:YF,routine,with:default_nocovid",YF,total,routine,GIN,Guinea,2097,0,0,<NA>,<NA>,0.9000000000000000222,both,<NA>
yf-preventive-default_nocovid,"YF:YF,routine,with:default_nocovid",YF,total,routine,GIN,Guinea,2098,0,0,<NA>,<NA>,0.9000000000000000222,both,<NA>
yf-preventive-default_nocovid,"YF:YF,routine,with:default_nocovid",YF,total,routine,GIN,Guinea,2099,0,0,<NA>,<NA>,0.9000000000000000222,both,<NA>
yf-preventive-default_nocovid,"YF:YF,routine,with:default_nocovid",YF,total,routine,GIN,Guinea,2100,0,0,<NA>,<NA>,0.9000000000000000222,both,<NA>
yf-preventive-default_nocovid,"YF:YF,routine,with:default_nocovid",YF,total,routine,GMB,Gambia,1980,0,0,use default routine age for this projection,<NA>,0,both,<NA>
yf-preventive-default_nocovid,"YF:YF,routine,with:default_nocovid",YF,total,routine,GMB,Gambia,1981,0,0,use default routine age for this projection,<NA>,0,both,<NA>
yf-preventive-default_nocovid,"YF:YF,routine,with:default_nocovid",YF,total,routine,GMB,Gambia,1982,0,0,use default routine age for this projection,<NA>,0,both,<NA>
yf-preventive-default_nocovid,"YF:YF,routine,with:default_nocovid",YF,total,routine,GMB,Gambia,1983,0,0,use default routine age for this projection,<NA>,0,both,<NA>
yf-preventive-default_nocovid,"YF:YF,routine,with:default_nocovid",YF,total,routine,GMB,Gambia,1984,0,0,use default routine age for this projection,<NA>,0,both,<NA>
yf-preventive-default_nocovid,"YF:YF,routine,with:default_nocovid",YF,total,routine,GMB,Gambia,1985,0,0,use default routine age for this projection,<NA>,0,both,<NA>
yf-preventive-default_nocovid,"YF:YF,routine,with:default_nocovid",YF,total,routine,GMB,Gambia,1986,0,0,use default routine age for this projection,<NA>,0,both,<NA>
yf-preventive-default_nocovid,"YF:YF,routine,with:default_nocovid",YF,total,routine,GMB,Gambia,1987,0,0,use default routine age for this projection,<NA>,0,both,<NA>
yf-preventive-default_nocovid,"YF:YF,routine,with:default_nocovid",YF,total,routine,GMB,Gambia,1988,0,0,use default routine age for this projection,<NA>,0,both,<NA>
yf-preventive-default_nocovid,"YF:YF,routine,with:default_nocovid",YF,total,routine,GMB,Gambia,1989,0,0,use default routine age for this projection,<NA>,0,both,<NA>
yf-preventive-default_nocovid,"YF:YF,routine,with:default_nocovid",YF,total,routine,GMB,Gambia,1990,0,0,use default routine age for this projection,<NA>,0,both,<NA>
yf-preventive-default_nocovid,"YF:YF,routine,with:default_nocovid",YF,total,routine,GMB,Gambia,1991,0,0,use default routine age for this projection,<NA>,0,both,<NA>
yf-preventive-default_nocovid,"YF:YF,routine,with:default_nocovid",YF,total,routine,GMB,Gambia,1992,0,0,use default routine age for this projection,<NA>,0,both,<NA>
yf-preventive-default_nocovid,"YF:YF,routine,with:default_nocovid",YF,total,routine,GMB,Gambia,1993,0,0,use default routine age for this projection,<NA>,0,both,<NA>
yf-preventive-default_nocovid,"YF:YF,routine,with:default_nocovid",YF,total,routine,GMB,Gambia,1994,0,0,use default routine age for this projection,<NA>,0,both,<NA>
yf-preventive-default_nocovid,"YF:YF,routine,with:default_nocovid",YF,total,routine,GMB,Gambia,1995,0,0,use default routine age for this projection,<NA>,0,both,<NA>
yf-preventive-default_nocovid,"YF:YF,routine,with:default_nocovid",YF,total,routine,GMB,Gambia,1996,0,0,use default routine age for this projection,<NA>,0,both,<NA>
yf-preventive-default_nocovid,"YF:YF,routine,with:default_nocovid",YF,total,routine,GMB,Gambia,1997,0,0,default routine age,<NA>,0.86999999999999999556,both,<NA>
yf-preventive-default_nocovid,"YF:YF,routine,with:default_nocovid",YF,total,routine,GMB,Gambia,1998,0,0,default routine age,<NA>,0.85999999999999998668,both,<NA>
yf-preventive-default_nocovid,"YF:YF,routine,with:default_nocovid",YF,total,routine,GMB,Gambia,1999,0,0,default routine age,<NA>,0.85999999999999998668,both,<NA>
yf-preventive-default_nocovid,"YF:YF,routine,with:default_nocovid",YF,total,routine,GMB,Gambia,2000,0,0,default routine age,<NA>,0.8499999999999999778,both,<NA>
yf-preventive-default_nocovid,"YF:YF,routine,with:default_nocovid",YF,total,routine,GMB,Gambia,2001,0,0,default routine age,<NA>,0.83999999999999996891,both,<NA>
yf-preventive-default_nocovid,"YF:YF,routine,with:default_nocovid",YF,total,routine,GMB,Gambia,2002,0,0,default routine age,<NA>,0.8499999999999999778,both,<NA>
yf-preventive-default_nocovid,"YF:YF,routine,with:default_nocovid",YF,total,routine,GMB,Gambia,2003,0,0,default routine age,<NA>,0.83999999999999996891,both,<NA>
yf-preventive-default_nocovid,"YF:YF,routine,with:default_nocovid",YF,total,routine,GMB,Gambia,2004,0,0,default routine age,<NA>,0.83999999999999996891,both,<NA>
yf-preventive-default_nocovid,"YF:YF,routine,with:default_nocovid",YF,total,routine,GMB,Gambia,2005,0,0,default routine age,<NA>,0.91000000000000003109,both,<NA>
yf-preventive-default_nocovid,"YF:YF,routine,with:default_nocovid",YF,total,routine,GMB,Gambia,2006,0,0,default routine age,<NA>,0.89000000000000001332,both,<NA>
yf-preventive-default_nocovid,"YF:YF,routine,with:default_nocovid",YF,total,routine,GMB,Gambia,2007,0,0,default routine age,<NA>,0.88000000000000000444,both,<NA>
yf-preventive-default_nocovid,"YF:YF,routine,with:default_nocovid",YF,total,routine,GMB,Gambia,2008,0,0,default routine age,<NA>,0.94999999999999995559,both,<NA>
yf-preventive-default_nocovid,"YF:YF,routine,with:default_nocovid",YF,total,routine,GMB,Gambia,2009,0,0,default routine age,<NA>,0.95999999999999996447,both,<NA>
yf-preventive-default_nocovid,"YF:YF,routine,with:default_nocovid",YF,total,routine,GMB,Gambia,2010,0,0,default routine age,<NA>,0.92000000000000003997,both,<NA>
yf-preventive-default_nocovid,"YF:YF,routine,with:default_nocovid",YF,total,routine,GMB,Gambia,2011,0,0,default routine age,<NA>,0.91000000000000003109,both,<NA>
yf-preventive-default_nocovid,"YF:YF,routine,with:default_nocovid",YF,total,routine,GMB,Gambia,2012,0,0,default routine age,<NA>,0.94999999999999995559,both,<NA>
yf-preventive-default_nocovid,"YF:YF,routine,with:default_nocovid",YF,total,routine,GMB,Gambia,2013,0,0,default routine age,<NA>,0.96999999999999997335,both,<NA>
yf-preventive-default_nocovid,"YF:YF,routine,with:default_nocovid",YF,total,routine,GMB,Gambia,2014,0,0,default routine age,<NA>,0.95999999999999996447,both,<NA>
yf-preventive-default_nocovid,"YF:YF,routine,with:default_nocovid",YF,total,routine,GMB,Gambia,2015,0,0,default routine age,<NA>,0.96999999999999997335,both,<NA>
yf-preventive-default_nocovid,"YF:YF,routine,with:default_nocovid",YF,total,routine,GMB,Gambia,2016,0,0,default routine age,<NA>,0.83999999999999996891,both,<NA>
yf-preventive-default_nocovid,"YF:YF,routine,with:default_nocovid",YF,total,routine,GMB,Gambia,2017,0,0,default routine age,<NA>,0.9000000000000000222,both,<NA>
yf-preventive-default_nocovid,"YF:YF,routine,with:default_nocovid",YF,total,routine,GMB,Gambia,2018,0,0,default routine age,<NA>,0.91000000000000003109,both,<NA>
yf-preventive-default_nocovid,"YF:YF,routine,with:default_nocovid",YF,total,routine,GMB,Gambia,2019,0,0,default routine age,<NA>,0.86999999999999999556,both,<NA>
yf-preventive-default_nocovid,"YF:YF,routine,with:default_nocovid",YF,total,routine,GMB,Gambia,2020,0,0,default routine age,<NA>,0.86999999999999999556,both,<NA>
yf-preventive-default_nocovid,"YF:YF,routine,with:default_nocovid",YF,total,routine,GMB,Gambia,2021,0,0,default routine age,<NA>,0.86999999999999999556,both,<NA>
yf-preventive-default_nocovid,"YF:YF,routine,with:default_nocovid",YF,total,routine,GMB,Gambia,2022,0,0,<NA>,<NA>,0.86644033713947343767,both,<NA>
yf-preventive-default_nocovid,"YF:YF,routine,with:default_nocovid",YF,total,routine,GMB,Gambia,2023,0,0,<NA>,<NA>,0.86278320351217296924,both,<NA>
yf-preventive-default_nocovid,"YF:YF,routine,with:default_nocovid",YF,total,routine,GMB,Gambia,2024,0,0,<NA>,<NA>,0.85902593017141803955,both,<NA>
yf-preventive-default_nocovid,"YF:YF,routine,with:default_nocovid",YF,total,routine,GMB,Gambia,2025,0,0,<NA>,<NA>,0.85516577508937119401,both,<NA>
yf-preventive-default_nocovid,"YF:YF,routine,with:default_nocovid",YF,total,routine,GMB,Gambia,2026,0,0,<NA>,<NA>,0.85119992115592879589,both,<NA>
yf-preventive-default_nocovid,"YF:YF,routine,with:default_nocovid",YF,total,routine,GMB,Gambia,2027,0,0,<NA>,<NA>,0.84712547412281602455,both,<NA>
yf-preventive-default_nocovid,"YF:YF,routine,with:default_nocovid",YF,total,routine,GMB,Gambia,2028,0,0,<NA>,<NA>,0.84293946049138823717,both,<NA>
yf-preventive-default_nocovid,"YF:YF,routine,with:default_nocovid",YF,total,routine,GMB,Gambia,2029,0,0,<NA>,<NA>,0.83863882534259537316,both,<NA>
yf-preventive-default_nocovid,"YF:YF,routine,with:default_nocovid",YF,total,routine,GMB,Gambia,2030,0,0,<NA>,<NA>,0.83422043010752688907,both,<NA>
yf-preventive-default_nocovid,"YF:YF,routine,with:default_nocovid",YF,total,routine,GMB,Gambia,2031,0,0,<NA>,<NA>,0.84422043010752689796,both,<NA>
yf-preventive-default_nocovid,"YF:YF,routine,with:default_nocovid",YF,total,routine,GMB,Gambia,2032,0,0,<NA>,<NA>,0.85422043010752690684,both,<NA>
yf-preventive-default_nocovid,"YF:YF,routine,with:default_nocovid",YF,total,routine,GMB,Gambia,2033,0,0,<NA>,<NA>,0.86422043010752691572,both,<NA>
yf-preventive-default_nocovid,"YF:YF,routine,with:default_nocovid",YF,total,routine,GMB,Gambia,2034,0,0,<NA>,<NA>,0.8742204301075269246,both,<NA>
yf-preventive-default_nocovid,"YF:YF,routine,with:default_nocovid",YF,total,routine,GMB,Gambia,2035,0,0,<NA>,<NA>,0.88422043010752693348,both,<NA>
yf-preventive-default_nocovid,"YF:YF,routine,with:default_nocovid",YF,total,routine,GMB,Gambia,2036,0,0,<NA>,<NA>,0.89422043010752694236,both,<NA>
yf-preventive-default_nocovid,"YF:YF,routine,with:default_nocovid",YF,total,routine,GMB,Gambia,2037,0,0,<NA>,<NA>,0.90422043010752695125,both,<NA>
yf-preventive-default_nocovid,"YF:YF,routine,with:default_nocovid",YF,total,routine,GMB,Gambia,2038,0,0,<NA>,<NA>,0.91422043010752684911,both,<NA>
yf-preventive-default_nocovid,"YF:YF,routine,with:default_nocovid",YF,total,routine,GMB,Gambia,2039,0,0,<NA>,<NA>,0.92422043010752685799,both,<NA>
yf-preventive-default_nocovid,"YF:YF,routine,with:default_nocovid",YF,total,routine,GMB,Gambia,2040,0,0,<NA>,<NA>,0.93422043010752686687,both,<NA>
yf-preventive-default_nocovid,"YF:YF,routine,with:default_nocovid",YF,total,routine,GMB,Gambia,2041,0,0,<NA>,<NA>,0.94422043010752687575,both,<NA>
yf-preventive-default_nocovid,"YF:YF,routine,with:default_nocovid",YF,total,routine,GMB,Gambia,2042,0,0,<NA>,<NA>,0.95422043010752688463,both,<NA>
yf-preventive-default_nocovid,"YF:YF,routine,with:default_nocovid",YF,total,routine,GMB,Gambia,2043,0,0,<NA>,<NA>,0.96422043010752689352,both,<NA>
yf-preventive-default_nocovid,"YF:YF,routine,with:default_nocovid",YF,total,routine,GMB,Gambia,2044,0,0,<NA>,<NA>,0.96999999999999997335,both,<NA>
yf-preventive-default_nocovid,"YF:YF,routine,with:default_nocovid",YF,total,routine,GMB,Gambia,2045,0,0,<NA>,<NA>,0.96999999999999997335,both,<NA>
yf-preventive-default_nocovid,"YF:YF,routine,with:default_nocovid",YF,total,routine,GMB,Gambia,2046,0,0,<NA>,<NA>,0.96999999999999997335,both,<NA>
yf-preventive-default_nocovid,"YF:YF,routine,with:default_nocovid",YF,total,routine,GMB,Gambia,2047,0,0,<NA>,<NA>,0.96999999999999997335,both,<NA>
yf-preventive-default_nocovid,"YF:YF,routine,with:default_nocovid",YF,total,routine,GMB,Gambia,2048,0,0,<NA>,<NA>,0.96999999999999997335,both,<NA>
yf-preventive-default_nocovid,"YF:YF,routine,with:default_nocovid",YF,total,routine,GMB,Gambia,2049,0,0,<NA>,<NA>,0.96999999999999997335,both,<NA>
yf-preventive-default_nocovid,"YF:YF,routine,with:default_nocovid",YF,total,routine,GMB,Gambia,2050,0,0,<NA>,<NA>,0.96999999999999997335,both,<NA>
yf-preventive-default_nocovid,"YF:YF,routine,with:default_nocovid",YF,total,routine,GMB,Gambia,2051,0,0,<NA>,<NA>,0.96999999999999997335,both,<NA>
yf-preventive-default_nocovid,"YF:YF,routine,with:default_nocovid",YF,total,routine,GMB,Gambia,2052,0,0,<NA>,<NA>,0.96999999999999997335,both,<NA>
yf-preventive-default_nocovid,"YF:YF,routine,with:default_nocovid",YF,total,routine,GMB,Gambia,2053,0,0,<NA>,<NA>,0.96999999999999997335,both,<NA>
yf-preventive-default_nocovid,"YF:YF,routine,with:default_nocovid",YF,total,routine,GMB,Gambia,2054,0,0,<NA>,<NA>,0.96999999999999997335,both,<NA>
yf-preventive-default_nocovid,"YF:YF,routine,with:default_nocovid",YF,total,routine,GMB,Gambia,2055,0,0,<NA>,<NA>,0.96999999999999997335,both,<NA>
yf-preventive-default_nocovid,"YF:YF,routine,with:default_nocovid",YF,total,routine,GMB,Gambia,2056,0,0,<NA>,<NA>,0.96999999999999997335,both,<NA>
yf-preventive-default_nocovid,"YF:YF,routine,with:default_nocovid",YF,total,routine,GMB,Gambia,2057,0,0,<NA>,<NA>,0.96999999999999997335,both,<NA>
yf-preventive-default_nocovid,"YF:YF,routine,with:default_nocovid",YF,total,routine,GMB,Gambia,2058,0,0,<NA>,<NA>,0.96999999999999997335,both,<NA>
yf-preventive-default_nocovid,"YF:YF,routine,with:default_nocovid",YF,total,routine,GMB,Gambia,2059,0,0,<NA>,<NA>,0.96999999999999997335,both,<NA>
yf-preventive-default_nocovid,"YF:YF,routine,with:default_nocovid",YF,total,routine,GMB,Gambia,2060,0,0,<NA>,<NA>,0.96999999999999997335,both,<NA>
yf-preventive-default_nocovid,"YF:YF,routine,with:default_nocovid",YF,total,routine,GMB,Gambia,2061,0,0,<NA>,<NA>,0.96999999999999997335,both,<NA>
yf-preventive-default_nocovid,"YF:YF,routine,with:default_nocovid",YF,total,routine,GMB,Gambia,2062,0,0,<NA>,<NA>,0.96999999999999997335,both,<NA>
yf-preventive-default_nocovid,"YF:YF,routine,with:default_nocovid",YF,total,routine,GMB,Gambia,2063,0,0,<NA>,<NA>,0.96999999999999997335,both,<NA>
yf-preventive-default_nocovid,"YF:YF,routine,with:default_nocovid",YF,total,routine,GMB,Gambia,2064,0,0,<NA>,<NA>,0.96999999999999997335,both,<NA>
yf-preventive-default_nocovid,"YF:YF,routine,with:default_nocovid",YF,total,routine,GMB,Gambia,2065,0,0,<NA>,<NA>,0.96999999999999997335,both,<NA>
yf-preventive-default_nocovid,"YF:YF,routine,with:default_nocovid",YF,total,routine,GMB,Gambia,2066,0,0,<NA>,<NA>,0.96999999999999997335,both,<NA>
yf-preventive-default_nocovid,"YF:YF,routine,with:default_nocovid",YF,total,routine,GMB,Gambia,2067,0,0,<NA>,<NA>,0.96999999999999997335,both,<NA>
yf-preventive-default_nocovid,"YF:YF,routine,with:default_nocovid",YF,total,routine,GMB,Gambia,2068,0,0,<NA>,<NA>,0.96999999999999997335,both,<NA>
yf-preventive-default_nocovid,"YF:YF,routine,with:default_nocovid",YF,total,routine,GMB,Gambia,2069,0,0,<NA>,<NA>,0.96999999999999997335,both,<NA>
yf-preventive-default_nocovid,"YF:YF,routine,with:default_nocovid",YF,total,routine,GMB,Gambia,2070,0,0,<NA>,<NA>,0.96999999999999997335,both,<NA>
yf-preventive-default_nocovid,"YF:YF,routine,with:default_nocovid",YF,total,routine,GMB,Gambia,2071,0,0,<NA>,<NA>,0.96999999999999997335,both,<NA>
yf-preventive-default_nocovid,"YF:YF,routine,with:default_nocovid",YF,total,routine,GMB,Gambia,2072,0,0,<NA>,<NA>,0.96999999999999997335,both,<NA>
yf-preventive-default_nocovid,"YF:YF,routine,with:default_nocovid",YF,total,routine,GMB,Gambia,2073,0,0,<NA>,<NA>,0.96999999999999997335,both,<NA>
yf-preventive-default_nocovid,"YF:YF,routine,with:default_nocovid",YF,total,routine,GMB,Gambia,2074,0,0,<NA>,<NA>,0.96999999999999997335,both,<NA>
yf-preventive-default_nocovid,"YF:YF,routine,with:default_nocovid",YF,total,routine,GMB,Gambia,2075,0,0,<NA>,<NA>,0.96999999999999997335,both,<NA>
yf-preventive-default_nocovid,"YF:YF,routine,with:default_nocovid",YF,total,routine,GMB,Gambia,2076,0,0,<NA>,<NA>,0.96999999999999997335,both,<NA>
yf-preventive-default_nocovid,"YF:YF,routine,with:default_nocovid",YF,total,routine,GMB,Gambia,2077,0,0,<NA>,<NA>,0.96999999999999997335,both,<NA>
yf-preventive-default_nocovid,"YF:YF,routine,with:default_nocovid",YF,total,routine,GMB,Gambia,2078,0,0,<NA>,<NA>,0.96999999999999997335,both,<NA>
yf-preventive-default_nocovid,"YF:YF,routine,with:default_nocovid",YF,total,routine,GMB,Gambia,2079,0,0,<NA>,<NA>,0.96999999999999997335,both,<NA>
yf-preventive-default_nocovid,"YF:YF,routine,with:default_nocovid",YF,total,routine,GMB,Gambia,2080,0,0,<NA>,<NA>,0.96999999999999997335,both,<NA>
yf-preventive-default_nocovid,"YF:YF,routine,with:default_nocovid",YF,total,routine,GMB,Gambia,2081,0,0,<NA>,<NA>,0.96999999999999997335,both,<NA>
yf-preventive-default_nocovid,"YF:YF,routine,with:default_nocovid",YF,total,routine,GMB,Gambia,2082,0,0,<NA>,<NA>,0.96999999999999997335,both,<NA>
yf-preventive-default_nocovid,"YF:YF,routine,with:default_nocovid",YF,total,routine,GMB,Gambia,2083,0,0,<NA>,<NA>,0.96999999999999997335,both,<NA>
yf-preventive-default_nocovid,"YF:YF,routine,with:default_nocovid",YF,total,routine,GMB,Gambia,2084,0,0,<NA>,<NA>,0.96999999999999997335,both,<NA>
yf-preventive-default_nocovid,"YF:YF,routine,with:default_nocovid",YF,total,routine,GMB,Gambia,2085,0,0,<NA>,<NA>,0.96999999999999997335,both,<NA>
yf-preventive-default_nocovid,"YF:YF,routine,with:default_nocovid",YF,total,routine,GMB,Gambia,2086,0,0,<NA>,<NA>,0.96999999999999997335,both,<NA>
yf-preventive-default_nocovid,"YF:YF,routine,with:default_nocovid",YF,total,routine,GMB,Gambia,2087,0,0,<NA>,<NA>,0.96999999999999997335,both,<NA>
yf-preventive-default_nocovid,"YF:YF,routine,with:default_nocovid",YF,total,routine,GMB,Gambia,2088,0,0,<NA>,<NA>,0.96999999999999997335,both,<NA>
yf-preventive-default_nocovid,"YF:YF,routine,with:default_nocovid",YF,total,routine,GMB,Gambia,2089,0,0,<NA>,<NA>,0.96999999999999997335,both,<NA>
yf-preventive-default_nocovid,"YF:YF,routine,with:default_nocovid",YF,total,routine,GMB,Gambia,2090,0,0,<NA>,<NA>,0.96999999999999997335,both,<NA>
yf-preventive-default_nocovid,"YF:YF,routine,with:default_nocovid",YF,total,routine,GMB,Gambia,2091,0,0,<NA>,<NA>,0.96999999999999997335,both,<NA>
yf-preventive-default_nocovid,"YF:YF,routine,with:default_nocovid",YF,total,routine,GMB,Gambia,2092,0,0,<NA>,<NA>,0.96999999999999997335,both,<NA>
yf-preventive-default_nocovid,"YF:YF,routine,with:default_nocovid",YF,total,routine,GMB,Gambia,2093,0,0,<NA>,<NA>,0.96999999999999997335,both,<NA>
yf-preventive-default_nocovid,"YF:YF,routine,with:default_nocovid",YF,total,routine,GMB,Gambia,2094,0,0,<NA>,<NA>,0.96999999999999997335,both,<NA>
yf-preventive-default_nocovid,"YF:YF,routine,with:default_nocovid",YF,total,routine,GMB,Gambia,2095,0,0,<NA>,<NA>,0.96999999999999997335,both,<NA>
yf-preventive-default_nocovid,"YF:YF,routine,with:default_nocovid",YF,total,routine,GMB,Gambia,2096,0,0,<NA>,<NA>,0.96999999999999997335,both,<NA>
yf-preventive-default_nocovid,"YF:YF,routine,with:default_nocovid",YF,total,routine,GMB,Gambia,2097,0,0,<NA>,<NA>,0.96999999999999997335,both,<NA>
yf-preventive-default_nocovid,"YF:YF,routine,with:default_nocovid",YF,total,routine,GMB,Gambia,2098,0,0,<NA>,<NA>,0.96999999999999997335,both,<NA>
yf-preventive-default_nocovid,"YF:YF,routine,with:default_nocovid",YF,total,routine,GMB,Gambia,2099,0,0,<NA>,<NA>,0.96999999999999997335,both,<NA>
yf-preventive-default_nocovid,"YF:YF,routine,with:default_nocovid",YF,total,routine,GMB,Gambia,2100,0,0,<NA>,<NA>,0.96999999999999997335,both,<NA>
yf-preventive-default_nocovid,"YF:YF,routine,with:default_nocovid",YF,total,routine,GNB,Guinea-Bissau,1980,0,0,use default routine age for this projection,<NA>,0,both,<NA>
yf-preventive-default_nocovid,"YF:YF,routine,with:default_nocovid",YF,total,routine,GNB,Guinea-Bissau,1981,0,0,use default routine age for this projection,<NA>,0,both,<NA>
yf-preventive-default_nocovid,"YF:YF,routine,with:default_nocovid",YF,total,routine,GNB,Guinea-Bissau,1982,0,0,use default routine age for this projection,<NA>,0,both,<NA>
yf-preventive-default_nocovid,"YF:YF,routine,with:default_nocovid",YF,total,routine,GNB,Guinea-Bissau,1983,0,0,use default routine age for this projection,<NA>,0,both,<NA>
yf-preventive-default_nocovid,"YF:YF,routine,with:default_nocovid",YF,total,routine,GNB,Guinea-Bissau,1984,0,0,use default routine age for this projection,<NA>,0,both,<NA>
yf-preventive-default_nocovid,"YF:YF,routine,with:default_nocovid",YF,total,routine,GNB,Guinea-Bissau,1985,0,0,use default routine age for this projection,<NA>,0,both,<NA>
yf-preventive-default_nocovid,"YF:YF,routine,with:default_nocovid",YF,total,routine,GNB,Guinea-Bissau,1986,0,0,use default routine age for this projection,<NA>,0,both,<NA>
yf-preventive-default_nocovid,"YF:YF,routine,with:default_nocovid",YF,total,routine,GNB,Guinea-Bissau,1987,0,0,use default routine age for this projection,<NA>,0,both,<NA>
yf-preventive-default_nocovid,"YF:YF,routine,with:default_nocovid",YF,total,routine,GNB,Guinea-Bissau,1988,0,0,use default routine age for this projection,<NA>,0,both,<NA>
yf-preventive-default_nocovid,"YF:YF,routine,with:default_nocovid",YF,total,routine,GNB,Guinea-Bissau,1989,0,0,use default routine age for this projection,<NA>,0,both,<NA>
yf-preventive-default_nocovid,"YF:YF,routine,with:default_nocovid",YF,total,routine,GNB,Guinea-Bissau,1990,0,0,use default routine age for this projection,<NA>,0,both,<NA>
yf-preventive-default_nocovid,"YF:YF,routine,with:default_nocovid",YF,total,routine,GNB,Guinea-Bissau,1991,0,0,use default routine age for this projection,<NA>,0,both,<NA>
yf-preventive-default_nocovid,"YF:YF,routine,with:default_nocovid",YF,total,routine,GNB,Guinea-Bissau,1992,0,0,use default routine age for this projection,<NA>,0,both,<NA>
yf-preventive-default_nocovid,"YF:YF,routine,with:default_nocovid",YF,total,routine,GNB,Guinea-Bissau,1993,0,0,use default routine age for this projection,<NA>,0,both,<NA>
yf-preventive-default_nocovid,"YF:YF,routine,with:default_nocovid",YF,total,routine,GNB,Guinea-Bissau,1994,0,0,use default routine age for this projection,<NA>,0,both,<NA>
yf-preventive-default_nocovid,"YF:YF,routine,with:default_nocovid",YF,total,routine,GNB,Guinea-Bissau,1995,0,0,use default routine age for this projection,<NA>,0,both,<NA>
yf-preventive-default_nocovid,"YF:YF,routine,with:default_nocovid",YF,total,routine,GNB,Guinea-Bissau,1996,0,0,use default routine age for this projection,<NA>,0,both,<NA>
yf-preventive-default_nocovid,"YF:YF,routine,with:default_nocovid",YF,total,routine,GNB,Guinea-Bissau,1997,0,0,use default routine age for this projection,<NA>,0,both,<NA>
yf-preventive-default_nocovid,"YF:YF,routine,with:default_nocovid",YF,total,routine,GNB,Guinea-Bissau,1998,0,0,use default routine age for this projection,<NA>,0,both,<NA>
yf-preventive-default_nocovid,"YF:YF,routine,with:default_nocovid",YF,total,routine,GNB,Guinea-Bissau,1999,0,0,use default routine age for this projection,<NA>,0,both,<NA>
yf-preventive-default_nocovid,"YF:YF,routine,with:default_nocovid",YF,total,routine,GNB,Guinea-Bissau,2000,0,0,use default routine age for this projection,<NA>,0,both,<NA>
yf-preventive-default_nocovid,"YF:YF,routine,with:default_nocovid",YF,total,routine,GNB,Guinea-Bissau,2001,0,0,use default routine age for this projection,<NA>,0,both,<NA>
yf-preventive-default_nocovid,"YF:YF,routine,with:default_nocovid",YF,total,routine,GNB,Guinea-Bissau,2002,0,0,use default routine age for this projection,<NA>,0,both,<NA>
yf-preventive-default_nocovid,"YF:YF,routine,with:default_nocovid",YF,total,routine,GNB,Guinea-Bissau,2003,0,0,use default routine age for this projection,<NA>,0,both,<NA>
yf-preventive-default_nocovid,"YF:YF,routine,with:default_nocovid",YF,total,routine,GNB,Guinea-Bissau,2004,0,0,use default routine age for this projection,<NA>,0,both,<NA>
yf-preventive-default_nocovid,"YF:YF,routine,with:default_nocovid",YF,total,routine,GNB,Guinea-Bissau,2005,0,0,use default routine age for this projection,<NA>,0,both,<NA>
yf-preventive-default_nocovid,"YF:YF,routine,with:default_nocovid",YF,total,routine,GNB,Guinea-Bissau,2006,0,0,use default routine age for this projection,<NA>,0,both,<NA>
yf-preventive-default_nocovid,"YF:YF,routine,with:default_nocovid",YF,total,routine,GNB,Guinea-Bissau,2007,0,0,use default routine age for this projection,<NA>,0,both,<NA>
yf-preventive-default_nocovid,"YF:YF,routine,with:default_nocovid",YF,total,routine,GNB,Guinea-Bissau,2008,0,0,default routine age,<NA>,0.36999999999999999556,both,<NA>
yf-preventive-default_nocovid,"YF:YF,routine,with:default_nocovid",YF,total,routine,GNB,Guinea-Bissau,2009,0,0,default routine age,<NA>,0.68999999999999994671,both,<NA>
yf-preventive-default_nocovid,"YF:YF,routine,with:default_nocovid",YF,total,routine,GNB,Guinea-Bissau,2010,0,0,default routine age,<NA>,0.73999999999999999112,both,<NA>
yf-preventive-default_nocovid,"YF:YF,routine,with:default_nocovid",YF,total,routine,GNB,Guinea-Bissau,2011,0,0,default routine age,<NA>,0.78000000000000002665,both,<NA>
yf-preventive-default_nocovid,"YF:YF,routine,with:default_nocovid",YF,total,routine,GNB,Guinea-Bissau,2012,0,0,default routine age,<NA>,0.75,both,<NA>
yf-preventive-default_nocovid,"YF:YF,routine,with:default_nocovid",YF,total,routine,GNB,Guinea-Bissau,2013,0,0,default routine age,<NA>,0.75,both,<NA>
yf-preventive-default_nocovid,"YF:YF,routine,with:default_nocovid",YF,total,routine,GNB,Guinea-Bissau,2014,0,0,default routine age,<NA>,0.53000000000000002665,both,<NA>
yf-preventive-default_nocovid,"YF:YF,routine,with:default_nocovid",YF,total,routine,GNB,Guinea-Bissau,2015,0,0,default routine age,<NA>,0.75,both,<NA>
yf-preventive-default_nocovid,"YF:YF,routine,with:default_nocovid",YF,total,routine,GNB,Guinea-Bissau,2016,0,0,default routine age,<NA>,0.80000000000000004441,both,<NA>
yf-preventive-default_nocovid,"YF:YF,routine,with:default_nocovid",YF,total,routine,GNB,Guinea-Bissau,2017,0,0,default routine age,<NA>,0.71999999999999997335,both,<NA>
yf-preventive-default_nocovid,"YF:YF,routine,with:default_nocovid",YF,total,routine,GNB,Guinea-Bissau,2018,0,0,default routine age,<NA>,0.80000000000000004441,both,<NA>
yf-preventive-default_nocovid,"YF:YF,routine,with:default_nocovid",YF,total,routine,GNB,Guinea-Bissau,2019,0,0,default routine age,<NA>,0.79000000000000003553,both,<NA>
yf-preventive-default_nocovid,"YF:YF,routine,with:default_nocovid",YF,total,routine,GNB,Guinea-Bissau,2020,0,0,default routine age,<NA>,0.71499955830805816959,both,<NA>
yf-preventive-default_nocovid,"YF:YF,routine,with:default_nocovid",YF,total,routine,GNB,Guinea-Bissau,2021,0,0,default routine age,<NA>,0.71499955830805816959,both,<NA>
yf-preventive-default_nocovid,"YF:YF,routine,with:default_nocovid",YF,total,routine,GNB,Guinea-Bissau,2022,0,0,<NA>,<NA>,0.7294210738885393841,both,<NA>
yf-preventive-default_nocovid,"YF:YF,routine,with:default_nocovid",YF,total,routine,GNB,Guinea-Bissau,2023,0,0,<NA>,<NA>,0.74311283582231268952,both,<NA>
yf-preventive-default_nocovid,"YF:YF,routine,with:default_nocovid",YF,total,routine,GNB,Guinea-Bissau,2024,0,0,<NA>,<NA>,0.75611177090683634461,both,<NA>
yf-preventive-default_nocovid,"YF:YF,routine,with:default_nocovid",YF,total,routine,GNB,Guinea-Bissau,2025,0,0,<NA>,<NA>,0.76845293737971087644,both,<NA>
yf-preventive-default_nocovid,"YF:YF,routine,with:default_nocovid",YF,total,routine,GNB,Guinea-Bissau,2026,0,0,<NA>,<NA>,0.78016961947104102038,both,<NA>
yf-preventive-default_nocovid,"YF:YF,routine,with:default_nocovid",YF,total,routine,GNB,Guinea-Bissau,2027,0,0,<NA>,<NA>,0.79129341717128554023,both,<NA>
yf-preventive-default_nocovid,"YF:YF,routine,with:default_nocovid",YF,total,routine,GNB,Guinea-Bissau,2028,0,0,<NA>,<NA>,0.801854331456698044,both,<NA>
yf-preventive-default_nocovid,"YF:YF,routine,with:default_nocovid",YF,total,routine,GNB,Guinea-Bissau,2029,0,0,<NA>,<NA>,0.81188084520221304174,both,<NA>
yf-preventive-default_nocovid,"YF:YF,routine,with:default_nocovid",YF,total,routine,GNB,Guinea-Bissau,2030,0,0,<NA>,<NA>,0.82139999999999990798,both,<NA>
yf-preventive-default_nocovid,"YF:YF,routine,with:default_nocovid",YF,total,routine,GNB,Guinea-Bissau,2031,0,0,<NA>,<NA>,0.83139999999999991687,both,<NA>
yf-preventive-default_nocovid,"YF:YF,routine,with:default_nocovid",YF,total,routine,GNB,Guinea-Bissau,2032,0,0,<NA>,<NA>,0.84139999999999992575,both,<NA>
yf-preventive-default_nocovid,"YF:YF,routine,with:default_nocovid",YF,total,routine,GNB,Guinea-Bissau,2033,0,0,<NA>,<NA>,0.85139999999999993463,both,<NA>
yf-preventive-default_nocovid,"YF:YF,routine,with:default_nocovid",YF,total,routine,GNB,Guinea-Bissau,2034,0,0,<NA>,<NA>,0.86139999999999994351,both,<NA>
yf-preventive-default_nocovid,"YF:YF,routine,with:default_nocovid",YF,total,routine,GNB,Guinea-Bissau,2035,0,0,<NA>,<NA>,0.87139999999999995239,both,<NA>
yf-preventive-default_nocovid,"YF:YF,routine,with:default_nocovid",YF,total,routine,GNB,Guinea-Bissau,2036,0,0,<NA>,<NA>,0.88139999999999996128,both,<NA>
yf-preventive-default_nocovid,"YF:YF,routine,with:default_nocovid",YF,total,routine,GNB,Guinea-Bissau,2037,0,0,<NA>,<NA>,0.89139999999999997016,both,<NA>
yf-preventive-default_nocovid,"YF:YF,routine,with:default_nocovid",YF,total,routine,GNB,Guinea-Bissau,2038,0,0,<NA>,<NA>,0.9000000000000000222,both,<NA>
yf-preventive-default_nocovid,"YF:YF,routine,with:default_nocovid",YF,total,routine,GNB,Guinea-Bissau,2039,0,0,<NA>,<NA>,0.9000000000000000222,both,<NA>
yf-preventive-default_nocovid,"YF:YF,routine,with:default_nocovid",YF,total,routine,GNB,Guinea-Bissau,2040,0,0,<NA>,<NA>,0.9000000000000000222,both,<NA>
yf-preventive-default_nocovid,"YF:YF,routine,with:default_nocovid",YF,total,routine,GNB,Guinea-Bissau,2041,0,0,<NA>,<NA>,0.9000000000000000222,both,<NA>
yf-preventive-default_nocovid,"YF:YF,routine,with:default_nocovid",YF,total,routine,GNB,Guinea-Bissau,2042,0,0,<NA>,<NA>,0.9000000000000000222,both,<NA>
yf-preventive-default_nocovid,"YF:YF,routine,with:default_nocovid",YF,total,routine,GNB,Guinea-Bissau,2043,0,0,<NA>,<NA>,0.9000000000000000222,both,<NA>
yf-preventive-default_nocovid,"YF:YF,routine,with:default_nocovid",YF,total,routine,GNB,Guinea-Bissau,2044,0,0,<NA>,<NA>,0.9000000000000000222,both,<NA>
yf-preventive-default_nocovid,"YF:YF,routine,with:default_nocovid",YF,total,routine,GNB,Guinea-Bissau,2045,0,0,<NA>,<NA>,0.9000000000000000222,both,<NA>
yf-preventive-default_nocovid,"YF:YF,routine,with:default_nocovid",YF,total,routine,GNB,Guinea-Bissau,2046,0,0,<NA>,<NA>,0.9000000000000000222,both,<NA>
yf-preventive-default_nocovid,"YF:YF,routine,with:default_nocovid",YF,total,routine,GNB,Guinea-Bissau,2047,0,0,<NA>,<NA>,0.9000000000000000222,both,<NA>
yf-preventive-default_nocovid,"YF:YF,routine,with:default_nocovid",YF,total,routine,GNB,Guinea-Bissau,2048,0,0,<NA>,<NA>,0.9000000000000000222,both,<NA>
yf-preventive-default_nocovid,"YF:YF,routine,with:default_nocovid",YF,total,routine,GNB,Guinea-Bissau,2049,0,0,<NA>,<NA>,0.9000000000000000222,both,<NA>
yf-preventive-default_nocovid,"YF:YF,routine,with:default_nocovid",YF,total,routine,GNB,Guinea-Bissau,2050,0,0,<NA>,<NA>,0.9000000000000000222,both,<NA>
yf-preventive-default_nocovid,"YF:YF,routine,with:default_nocovid",YF,total,routine,GNB,Guinea-Bissau,2051,0,0,<NA>,<NA>,0.9000000000000000222,both,<NA>
yf-preventive-default_nocovid,"YF:YF,routine,with:default_nocovid",YF,total,routine,GNB,Guinea-Bissau,2052,0,0,<NA>,<NA>,0.9000000000000000222,both,<NA>
yf-preventive-default_nocovid,"YF:YF,routine,with:default_nocovid",YF,total,routine,GNB,Guinea-Bissau,2053,0,0,<NA>,<NA>,0.9000000000000000222,both,<NA>
yf-preventive-default_nocovid,"YF:YF,routine,with:default_nocovid",YF,total,routine,GNB,Guinea-Bissau,2054,0,0,<NA>,<NA>,0.9000000000000000222,both,<NA>
yf-preventive-default_nocovid,"YF:YF,routine,with:default_nocovid",YF,total,routine,GNB,Guinea-Bissau,2055,0,0,<NA>,<NA>,0.9000000000000000222,both,<NA>
yf-preventive-default_nocovid,"YF:YF,routine,with:default_nocovid",YF,total,routine,GNB,Guinea-Bissau,2056,0,0,<NA>,<NA>,0.9000000000000000222,both,<NA>
yf-preventive-default_nocovid,"YF:YF,routine,with:default_nocovid",YF,total,routine,GNB,Guinea-Bissau,2057,0,0,<NA>,<NA>,0.9000000000000000222,both,<NA>
yf-preventive-default_nocovid,"YF:YF,routine,with:default_nocovid",YF,total,routine,GNB,Guinea-Bissau,2058,0,0,<NA>,<NA>,0.9000000000000000222,both,<NA>
yf-preventive-default_nocovid,"YF:YF,routine,with:default_nocovid",YF,total,routine,GNB,Guinea-Bissau,2059,0,0,<NA>,<NA>,0.9000000000000000222,both,<NA>
yf-preventive-default_nocovid,"YF:YF,routine,with:default_nocovid",YF,total,routine,GNB,Guinea-Bissau,2060,0,0,<NA>,<NA>,0.9000000000000000222,both,<NA>
yf-preventive-default_nocovid,"YF:YF,routine,with:default_nocovid",YF,total,routine,GNB,Guinea-Bissau,2061,0,0,<NA>,<NA>,0.9000000000000000222,both,<NA>
yf-preventive-default_nocovid,"YF:YF,routine,with:default_nocovid",YF,total,routine,GNB,Guinea-Bissau,2062,0,0,<NA>,<NA>,0.9000000000000000222,both,<NA>
yf-preventive-default_nocovid,"YF:YF,routine,with:default_nocovid",YF,total,routine,GNB,Guinea-Bissau,2063,0,0,<NA>,<NA>,0.9000000000000000222,both,<NA>
yf-preventive-default_nocovid,"YF:YF,routine,with:default_nocovid",YF,total,routine,GNB,Guinea-Bissau,2064,0,0,<NA>,<NA>,0.9000000000000000222,both,<NA>
yf-preventive-default_nocovid,"YF:YF,routine,with:default_nocovid",YF,total,routine,GNB,Guinea-Bissau,2065,0,0,<NA>,<NA>,0.9000000000000000222,both,<NA>
yf-preventive-default_nocovid,"YF:YF,routine,with:default_nocovid",YF,total,routine,GNB,Guinea-Bissau,2066,0,0,<NA>,<NA>,0.9000000000000000222,both,<NA>
yf-preventive-default_nocovid,"YF:YF,routine,with:default_nocovid",YF,total,routine,GNB,Guinea-Bissau,2067,0,0,<NA>,<NA>,0.9000000000000000222,both,<NA>
yf-preventive-default_nocovid,"YF:YF,routine,with:default_nocovid",YF,total,routine,GNB,Guinea-Bissau,2068,0,0,<NA>,<NA>,0.9000000000000000222,both,<NA>
yf-preventive-default_nocovid,"YF:YF,routine,with:default_nocovid",YF,total,routine,GNB,Guinea-Bissau,2069,0,0,<NA>,<NA>,0.9000000000000000222,both,<NA>
yf-preventive-default_nocovid,"YF:YF,routine,with:default_nocovid",YF,total,routine,GNB,Guinea-Bissau,2070,0,0,<NA>,<NA>,0.9000000000000000222,both,<NA>
yf-preventive-default_nocovid,"YF:YF,routine,with:default_nocovid",YF,total,routine,GNB,Guinea-Bissau,2071,0,0,<NA>,<NA>,0.9000000000000000222,both,<NA>
yf-preventive-default_nocovid,"YF:YF,routine,with:default_nocovid",YF,total,routine,GNB,Guinea-Bissau,2072,0,0,<NA>,<NA>,0.9000000000000000222,both,<NA>
yf-preventive-default_nocovid,"YF:YF,routine,with:default_nocovid",YF,total,routine,GNB,Guinea-Bissau,2073,0,0,<NA>,<NA>,0.9000000000000000222,both,<NA>
yf-preventive-default_nocovid,"YF:YF,routine,with:default_nocovid",YF,total,routine,GNB,Guinea-Bissau,2074,0,0,<NA>,<NA>,0.9000000000000000222,both,<NA>
yf-preventive-default_nocovid,"YF:YF,routine,with:default_nocovid",YF,total,routine,GNB,Guinea-Bissau,2075,0,0,<NA>,<NA>,0.9000000000000000222,both,<NA>
yf-preventive-default_nocovid,"YF:YF,routine,with:default_nocovid",YF,total,routine,GNB,Guinea-Bissau,2076,0,0,<NA>,<NA>,0.9000000000000000222,both,<NA>
yf-preventive-default_nocovid,"YF:YF,routine,with:default_nocovid",YF,total,routine,GNB,Guinea-Bissau,2077,0,0,<NA>,<NA>,0.9000000000000000222,both,<NA>
yf-preventive-default_nocovid,"YF:YF,routine,with:default_nocovid",YF,total,routine,GNB,Guinea-Bissau,2078,0,0,<NA>,<NA>,0.9000000000000000222,both,<NA>
yf-preventive-default_nocovid,"YF:YF,routine,with:default_nocovid",YF,total,routine,GNB,Guinea-Bissau,2079,0,0,<NA>,<NA>,0.9000000000000000222,both,<NA>
yf-preventive-default_nocovid,"YF:YF,routine,with:default_nocovid",YF,total,routine,GNB,Guinea-Bissau,2080,0,0,<NA>,<NA>,0.9000000000000000222,both,<NA>
yf-preventive-default_nocovid,"YF:YF,routine,with:default_nocovid",YF,total,routine,GNB,Guinea-Bissau,2081,0,0,<NA>,<NA>,0.9000000000000000222,both,<NA>
yf-preventive-default_nocovid,"YF:YF,routine,with:default_nocovid",YF,total,routine,GNB,Guinea-Bissau,2082,0,0,<NA>,<NA>,0.9000000000000000222,both,<NA>
yf-preventive-default_nocovid,"YF:YF,routine,with:default_nocovid",YF,total,routine,GNB,Guinea-Bissau,2083,0,0,<NA>,<NA>,0.9000000000000000222,both,<NA>
yf-preventive-default_nocovid,"YF:YF,routine,with:default_nocovid",YF,total,routine,GNB,Guinea-Bissau,2084,0,0,<NA>,<NA>,0.9000000000000000222,both,<NA>
yf-preventive-default_nocovid,"YF:YF,routine,with:default_nocovid",YF,total,routine,GNB,Guinea-Bissau,2085,0,0,<NA>,<NA>,0.9000000000000000222,both,<NA>
yf-preventive-default_nocovid,"YF:YF,routine,with:default_nocovid",YF,total,routine,GNB,Guinea-Bissau,2086,0,0,<NA>,<NA>,0.9000000000000000222,both,<NA>
yf-preventive-default_nocovid,"YF:YF,routine,with:default_nocovid",YF,total,routine,GNB,Guinea-Bissau,2087,0,0,<NA>,<NA>,0.9000000000000000222,both,<NA>
yf-preventive-default_nocovid,"YF:YF,routine,with:default_nocovid",YF,total,routine,GNB,Guinea-Bissau,2088,0,0,<NA>,<NA>,0.9000000000000000222,both,<NA>
yf-preventive-default_nocovid,"YF:YF,routine,with:default_nocovid",YF,total,routine,GNB,Guinea-Bissau,2089,0,0,<NA>,<NA>,0.9000000000000000222,both,<NA>
yf-preventive-default_nocovid,"YF:YF,routine,with:default_nocovid",YF,total,routine,GNB,Guinea-Bissau,2090,0,0,<NA>,<NA>,0.9000000000000000222,both,<NA>
yf-preventive-default_nocovid,"YF:YF,routine,with:default_nocovid",YF,total,routine,GNB,Guinea-Bissau,2091,0,0,<NA>,<NA>,0.9000000000000000222,both,<NA>
yf-preventive-default_nocovid,"YF:YF,routine,with:default_nocovid",YF,total,routine,GNB,Guinea-Bissau,2092,0,0,<NA>,<NA>,0.9000000000000000222,both,<NA>
yf-preventive-default_nocovid,"YF:YF,routine,with:default_nocovid",YF,total,routine,GNB,Guinea-Bissau,2093,0,0,<NA>,<NA>,0.9000000000000000222,both,<NA>
yf-preventive-default_nocovid,"YF:YF,routine,with:default_nocovid",YF,total,routine,GNB,Guinea-Bissau,2094,0,0,<NA>,<NA>,0.9000000000000000222,both,<NA>
yf-preventive-default_nocovid,"YF:YF,routine,with:default_nocovid",YF,total,routine,GNB,Guinea-Bissau,2095,0,0,<NA>,<NA>,0.9000000000000000222,both,<NA>
yf-preventive-default_nocovid,"YF:YF,routine,with:default_nocovid",YF,total,routine,GNB,Guinea-Bissau,2096,0,0,<NA>,<NA>,0.9000000000000000222,both,<NA>
yf-preventive-default_nocovid,"YF:YF,routine,with:default_nocovid",YF,total,routine,GNB,Guinea-Bissau,2097,0,0,<NA>,<NA>,0.9000000000000000222,both,<NA>
yf-preventive-default_nocovid,"YF:YF,routine,with:default_nocovid",YF,total,routine,GNB,Guinea-Bissau,2098,0,0,<NA>,<NA>,0.9000000000000000222,both,<NA>
yf-preventive-default_nocovid,"YF:YF,routine,with:default_nocovid",YF,total,routine,GNB,Guinea-Bissau,2099,0,0,<NA>,<NA>,0.9000000000000000222,both,<NA>
yf-preventive-default_nocovid,"YF:YF,routine,with:default_nocovid",YF,total,routine,GNB,Guinea-Bissau,2100,0,0,<NA>,<NA>,0.9000000000000000222,both,<NA>
yf-preventive-default_nocovid,"YF:YF,routine,with:default_nocovid",YF,total,routine,KEN,Kenya,1980,0,0,use default routine age for this projection,<NA>,0,both,<NA>
yf-preventive-default_nocovid,"YF:YF,routine,with:default_nocovid",YF,total,routine,KEN,Kenya,1981,0,0,use default routine age for this projection,<NA>,0,both,<NA>
yf-preventive-default_nocovid,"YF:YF,routine,with:default_nocovid",YF,total,routine,KEN,Kenya,1982,0,0,use default routine age for this projection,<NA>,0,both,<NA>
yf-preventive-default_nocovid,"YF:YF,routine,with:default_nocovid",YF,total,routine,KEN,Kenya,1983,0,0,use default routine age for this projection,<NA>,0,both,<NA>
yf-preventive-default_nocovid,"YF:YF,routine,with:default_nocovid",YF,total,routine,KEN,Kenya,1984,0,0,use default routine age for this projection,<NA>,0,both,<NA>
yf-preventive-default_nocovid,"YF:YF,routine,with:default_nocovid",YF,total,routine,KEN,Kenya,1985,0,0,use default routine age for this projection,<NA>,0,both,<NA>
yf-preventive-default_nocovid,"YF:YF,routine,with:default_nocovid",YF,total,routine,KEN,Kenya,1986,0,0,use default routine age for this projection,<NA>,0,both,<NA>
yf-preventive-default_nocovid,"YF:YF,routine,with:default_nocovid",YF,total,routine,KEN,Kenya,1987,0,0,use default routine age for this projection,<NA>,0,both,<NA>
yf-preventive-default_nocovid,"YF:YF,routine,with:default_nocovid",YF,total,routine,KEN,Kenya,1988,0,0,use default routine age for this projection,<NA>,0,both,<NA>
yf-preventive-default_nocovid,"YF:YF,routine,with:default_nocovid",YF,total,routine,KEN,Kenya,1989,0,0,use default routine age for this projection,<NA>,0,both,<NA>
yf-preventive-default_nocovid,"YF:YF,routine,with:default_nocovid",YF,total,routine,KEN,Kenya,1990,0,0,use default routine age for this projection,<NA>,0,both,<NA>
yf-preventive-default_nocovid,"YF:YF,routine,with:default_nocovid",YF,total,routine,KEN,Kenya,1991,0,0,use default routine age for this projection,<NA>,0,both,<NA>
yf-preventive-default_nocovid,"YF:YF,routine,with:default_nocovid",YF,total,routine,KEN,Kenya,1992,0,0,use default routine age for this projection,<NA>,0,both,<NA>
yf-preventive-default_nocovid,"YF:YF,routine,with:default_nocovid",YF,total,routine,KEN,Kenya,1993,0,0,use default routine age for this projection,<NA>,0,both,<NA>
yf-preventive-default_nocovid,"YF:YF,routine,with:default_nocovid",YF,total,routine,KEN,Kenya,1994,0,0,use default routine age for this projection,<NA>,0,both,<NA>
yf-preventive-default_nocovid,"YF:YF,routine,with:default_nocovid",YF,total,routine,KEN,Kenya,1995,0,0,use default routine age for this projection,<NA>,0,both,<NA>
yf-preventive-default_nocovid,"YF:YF,routine,with:default_nocovid",YF,total,routine,KEN,Kenya,1996,0,0,use default routine age for this projection,<NA>,0,both,<NA>
yf-preventive-default_nocovid,"YF:YF,routine,with:default_nocovid",YF,total,routine,KEN,Kenya,1997,0,0,use default routine age for this projection,<NA>,0,both,<NA>
yf-preventive-default_nocovid,"YF:YF,routine,with:default_nocovid",YF,total,routine,KEN,Kenya,1998,0,0,use default routine age for this projection,<NA>,0,both,<NA>
yf-preventive-default_nocovid,"YF:YF,routine,with:default_nocovid",YF,total,routine,KEN,Kenya,1999,0,0,use default routine age for this projection,<NA>,0,both,<NA>
yf-preventive-default_nocovid,"YF:YF,routine,with:default_nocovid",YF,total,routine,KEN,Kenya,2000,0,0,use default routine age for this projection,<NA>,0,both,<NA>
yf-preventive-default_nocovid,"YF:YF,routine,with:default_nocovid",YF,total,routine,KEN,Kenya,2001,0,0,use default routine age for this projection,<NA>,0,both,<NA>
yf-preventive-default_nocovid,"YF:YF,routine,with:default_nocovid",YF,total,routine,KEN,Kenya,2002,0,0,default routine age,<NA>,0.01000000000000000021,both,<NA>
yf-preventive-default_nocovid,"YF:YF,routine,with:default_nocovid",YF,total,routine,KEN,Kenya,2003,0,0,default routine age,<NA>,0.01000000000000000021,both,<NA>
yf-preventive-default_nocovid,"YF:YF,routine,with:default_nocovid",YF,total,routine,KEN,Kenya,2004,0,0,default routine age,<NA>,0.01000000000000000021,both,<NA>
yf-preventive-default_nocovid,"YF:YF,routine,with:default_nocovid",YF,total,routine,KEN,Kenya,2005,0,0,default routine age,<NA>,0.01000000000000000021,both,<NA>
yf-preventive-default_nocovid,"YF:YF,routine,with:default_nocovid",YF,total,routine,KEN,Kenya,2006,0,0,default routine age,<NA>,0.01000000000000000021,both,<NA>
yf-preventive-default_nocovid,"YF:YF,routine,with:default_nocovid",YF,total,routine,KEN,Kenya,2007,0,0,default routine age,<NA>,0.01000000000000000021,both,<NA>
yf-preventive-default_nocovid,"YF:YF,routine,with:default_nocovid",YF,total,routine,KEN,Kenya,2008,0,0,default routine age,<NA>,0.01000000000000000021,both,<NA>
yf-preventive-default_nocovid,"YF:YF,routine,with:default_nocovid",YF,total,routine,KEN,Kenya,2009,0,0,default routine age,<NA>,0.01000000000000000021,both,<NA>
yf-preventive-default_nocovid,"YF:YF,routine,with:default_nocovid",YF,total,routine,KEN,Kenya,2010,0,0,default routine age,<NA>,0.01000000000000000021,both,<NA>
yf-preventive-default_nocovid,"YF:YF,routine,with:default_nocovid",YF,total,routine,KEN,Kenya,2011,0,0,default routine age,<NA>,0.01000000000000000021,both,<NA>
yf-preventive-default_nocovid,"YF:YF,routine,with:default_nocovid",YF,total,routine,KEN,Kenya,2012,0,0,default routine age,<NA>,0.02000000000000000042,both,<NA>
yf-preventive-default_nocovid,"YF:YF,routine,with:default_nocovid",YF,total,routine,KEN,Kenya,2013,0,0,default routine age,<NA>,0.02000000000000000042,both,<NA>
yf-preventive-default_nocovid,"YF:YF,routine,with:default_nocovid",YF,total,routine,KEN,Kenya,2014,0,0,default routine age,<NA>,0.01000000000000000021,both,<NA>
yf-preventive-default_nocovid,"YF:YF,routine,with:default_nocovid",YF,total,routine,KEN,Kenya,2015,0,0,default routine age,<NA>,0.01000000000000000021,both,<NA>
yf-preventive-default_nocovid,"YF:YF,routine,with:default_nocovid",YF,total,routine,KEN,Kenya,2016,0,0,default routine age,<NA>,0.01000000000000000021,both,<NA>
yf-preventive-default_nocovid,"YF:YF,routine,with:default_nocovid",YF,total,routine,KEN,Kenya,2017,0,0,default routine age,<NA>,0.01000000000000000021,both,<NA>
yf-preventive-default_nocovid,"YF:YF,routine,with:default_nocovid",YF,total,routine,KEN,Kenya,2018,0,0,default routine age,<NA>,0.01000000000000000021,both,<NA>
yf-preventive-default_nocovid,"YF:YF,routine,with:default_nocovid",YF,total,routine,KEN,Kenya,2019,0,0,default routine age,<NA>,0.02000000000000000042,both,<NA>
yf-preventive-default_nocovid,"YF:YF,routine,with:default_nocovid",YF,total,routine,KEN,Kenya,2020,0,0,default routine age,<NA>,0.07000000000000000666,both,<NA>
yf-preventive-default_nocovid,"YF:YF,routine,with:default_nocovid",YF,total,routine,KEN,Kenya,2021,0,0,default routine age,<NA>,0.07000000000000000666,both,<NA>
yf-preventive-default_nocovid,"YF:YF,routine,with:default_nocovid",YF,total,routine,KEN,Kenya,2022,0,0,<NA>,<NA>,0.0634864938892646391,both,<NA>
yf-preventive-default_nocovid,"YF:YF,routine,with:default_nocovid",YF,total,routine,KEN,Kenya,2023,0,0,<NA>,<NA>,0.05692736867976055937,both,<NA>
yf-preventive-default_nocovid,"YF:YF,routine,with:default_nocovid",YF,total,routine,KEN,Kenya,2024,0,0,<NA>,<NA>,0.05032230486581246165,both,<NA>
yf-preventive-default_nocovid,"YF:YF,routine,with:default_nocovid",YF,total,routine,KEN,Kenya,2025,0,0,<NA>,<NA>,0.04367098070399966225,both,<NA>
yf-preventive-default_nocovid,"YF:YF,routine,with:default_nocovid",YF,total,routine,KEN,Kenya,2026,0,0,<NA>,<NA>,0.03697307219748569018,both,<NA>
yf-preventive-default_nocovid,"YF:YF,routine,with:default_nocovid",YF,total,routine,KEN,Kenya,2027,0,0,<NA>,<NA>,0.0302282530802332472,both,<NA>
yf-preventive-default_nocovid,"YF:YF,routine,with:default_nocovid",YF,total,routine,KEN,Kenya,2028,0,0,<NA>,<NA>,0.02343619480111458486,both,<NA>
yf-preventive-default_nocovid,"YF:YF,routine,with:default_nocovid",YF,total,routine,KEN,Kenya,2029,0,0,<NA>,<NA>,0.01659656650790364285,both,<NA>
yf-preventive-default_nocovid,"YF:YF,routine,with:default_nocovid",YF,total,routine,KEN,Kenya,2030,0,0,<NA>,<NA>,0.00970903503116269176,both,<NA>
yf-preventive-default_nocovid,"YF:YF,routine,with:default_nocovid",YF,total,routine,KEN,Kenya,2031,0,0,<NA>,<NA>,0.01970903503116269023,both,<NA>
yf-preventive-default_nocovid,"YF:YF,routine,with:default_nocovid",YF,total,routine,KEN,Kenya,2032,0,0,<NA>,<NA>,0.02970903503116269218,both,<NA>
yf-preventive-default_nocovid,"YF:YF,routine,with:default_nocovid",YF,total,routine,KEN,Kenya,2033,0,0,<NA>,<NA>,0.03970903503116268718,both,<NA>
yf-preventive-default_nocovid,"YF:YF,routine,with:default_nocovid",YF,total,routine,KEN,Kenya,2034,0,0,<NA>,<NA>,0.04970903503116269606,both,<NA>
yf-preventive-default_nocovid,"YF:YF,routine,with:default_nocovid",YF,total,routine,KEN,Kenya,2035,0,0,<NA>,<NA>,0.05970903503116269107,both,<NA>
yf-preventive-default_nocovid,"YF:YF,routine,with:default_nocovid",YF,total,routine,KEN,Kenya,2036,0,0,<NA>,<NA>,0.06970903503116268607,both,<NA>
yf-preventive-default_nocovid,"YF:YF,routine,with:default_nocovid",YF,total,routine,KEN,Kenya,2037,0,0,<NA>,<NA>,0.07970903503116269495,both,<NA>
yf-preventive-default_nocovid,"YF:YF,routine,with:default_nocovid",YF,total,routine,KEN,Kenya,2038,0,0,<NA>,<NA>,0.08970903503116268995,both,<NA>
yf-preventive-default_nocovid,"YF:YF,routine,with:default_nocovid",YF,total,routine,KEN,Kenya,2039,0,0,<NA>,<NA>,0.09970903503116268496,both,<NA>
yf-preventive-default_nocovid,"YF:YF,routine,with:default_nocovid",YF,total,routine,KEN,Kenya,2040,0,0,<NA>,<NA>,0.10970903503116269384,both,<NA>
yf-preventive-default_nocovid,"YF:YF,routine,with:default_nocovid",YF,total,routine,KEN,Kenya,2041,0,0,<NA>,<NA>,0.11970903503116268884,both,<NA>
yf-preventive-default_nocovid,"YF:YF,routine,with:default_nocovid",YF,total,routine,KEN,Kenya,2042,0,0,<NA>,<NA>,0.12970903503116268385,both,<NA>
yf-preventive-default_nocovid,"YF:YF,routine,with:default_nocovid",YF,total,routine,KEN,Kenya,2043,0,0,<NA>,<NA>,0.13970903503116269273,both,<NA>
yf-preventive-default_nocovid,"YF:YF,routine,with:default_nocovid",YF,total,routine,KEN,Kenya,2044,0,0,<NA>,<NA>,0.14970903503116270161,both,<NA>
yf-preventive-default_nocovid,"YF:YF,routine,with:default_nocovid",YF,total,routine,KEN,Kenya,2045,0,0,<NA>,<NA>,0.15970903503116268274,both,<NA>
yf-preventive-default_nocovid,"YF:YF,routine,with:default_nocovid",YF,total,routine,KEN,Kenya,2046,0,0,<NA>,<NA>,0.16970903503116269162,both,<NA>
yf-preventive-default_nocovid,"YF:YF,routine,with:default_nocovid",YF,total,routine,KEN,Kenya,2047,0,0,<NA>,<NA>,0.1797090350311627005,both,<NA>
yf-preventive-default_nocovid,"YF:YF,routine,with:default_nocovid",YF,total,routine,KEN,Kenya,2048,0,0,<NA>,<NA>,0.18970903503116268163,both,<NA>
yf-preventive-default_nocovid,"YF:YF,routine,with:default_nocovid",YF,total,routine,KEN,Kenya,2049,0,0,<NA>,<NA>,0.19970903503116269051,both,<NA>
yf-preventive-default_nocovid,"YF:YF,routine,with:default_nocovid",YF,total,routine,KEN,Kenya,2050,0,0,<NA>,<NA>,0.20970903503116269939,both,<NA>
yf-preventive-default_nocovid,"YF:YF,routine,with:default_nocovid",YF,total,routine,KEN,Kenya,2051,0,0,<NA>,<NA>,0.21970903503116268052,both,<NA>
yf-preventive-default_nocovid,"YF:YF,routine,with:default_nocovid",YF,total,routine,KEN,Kenya,2052,0,0,<NA>,<NA>,0.2297090350311626894,both,<NA>
yf-preventive-default_nocovid,"YF:YF,routine,with:default_nocovid",YF,total,routine,KEN,Kenya,2053,0,0,<NA>,<NA>,0.23970903503116269828,both,<NA>
yf-preventive-default_nocovid,"YF:YF,routine,with:default_nocovid",YF,total,routine,KEN,Kenya,2054,0,0,<NA>,<NA>,0.24970903503116267941,both,<NA>
yf-preventive-default_nocovid,"YF:YF,routine,with:default_nocovid",YF,total,routine,KEN,Kenya,2055,0,0,<NA>,<NA>,0.25970903503116271605,both,<NA>
yf-preventive-default_nocovid,"YF:YF,routine,with:default_nocovid",YF,total,routine,KEN,Kenya,2056,0,0,<NA>,<NA>,0.26970903503116272493,both,<NA>
yf-preventive-default_nocovid,"YF:YF,routine,with:default_nocovid",YF,total,routine,KEN,Kenya,2057,0,0,<NA>,<NA>,0.27970903503116273381,both,<NA>
yf-preventive-default_nocovid,"YF:YF,routine,with:default_nocovid",YF,total,routine,KEN,Kenya,2058,0,0,<NA>,<NA>,0.28970903503116274269,both,<NA>
yf-preventive-default_nocovid,"YF:YF,routine,with:default_nocovid",YF,total,routine,KEN,Kenya,2059,0,0,<NA>,<NA>,0.29970903503116269606,both,<NA>
yf-preventive-default_nocovid,"YF:YF,routine,with:default_nocovid",YF,total,routine,KEN,Kenya,2060,0,0,<NA>,<NA>,0.30970903503116270494,both,<NA>
yf-preventive-default_nocovid,"YF:YF,routine,with:default_nocovid",YF,total,routine,KEN,Kenya,2061,0,0,<NA>,<NA>,0.31970903503116271382,both,<NA>
yf-preventive-default_nocovid,"YF:YF,routine,with:default_nocovid",YF,total,routine,KEN,Kenya,2062,0,0,<NA>,<NA>,0.32970903503116272271,both,<NA>
yf-preventive-default_nocovid,"YF:YF,routine,with:default_nocovid",YF,total,routine,KEN,Kenya,2063,0,0,<NA>,<NA>,0.33970903503116273159,both,<NA>
yf-preventive-default_nocovid,"YF:YF,routine,with:default_nocovid",YF,total,routine,KEN,Kenya,2064,0,0,<NA>,<NA>,0.34970903503116274047,both,<NA>
yf-preventive-default_nocovid,"YF:YF,routine,with:default_nocovid",YF,total,routine,KEN,Kenya,2065,0,0,<NA>,<NA>,0.35970903503116274935,both,<NA>
yf-preventive-default_nocovid,"YF:YF,routine,with:default_nocovid",YF,total,routine,KEN,Kenya,2066,0,0,<NA>,<NA>,0.36970903503116270272,both,<NA>
yf-preventive-default_nocovid,"YF:YF,routine,with:default_nocovid",YF,total,routine,KEN,Kenya,2067,0,0,<NA>,<NA>,0.3797090350311627116,both,<NA>
yf-preventive-default_nocovid,"YF:YF,routine,with:default_nocovid",YF,total,routine,KEN,Kenya,2068,0,0,<NA>,<NA>,0.38970903503116272049,both,<NA>
yf-preventive-default_nocovid,"YF:YF,routine,with:default_nocovid",YF,total,routine,KEN,Kenya,2069,0,0,<NA>,<NA>,0.39970903503116272937,both,<NA>
yf-preventive-default_nocovid,"YF:YF,routine,with:default_nocovid",YF,total,routine,KEN,Kenya,2070,0,0,<NA>,<NA>,0.40970903503116273825,both,<NA>
yf-preventive-default_nocovid,"YF:YF,routine,with:default_nocovid",YF,total,routine,KEN,Kenya,2071,0,0,<NA>,<NA>,0.41970903503116274713,both,<NA>
yf-preventive-default_nocovid,"YF:YF,routine,with:default_nocovid",YF,total,routine,KEN,Kenya,2072,0,0,<NA>,<NA>,0.4297090350311627005,both,<NA>
yf-preventive-default_nocovid,"YF:YF,routine,with:default_nocovid",YF,total,routine,KEN,Kenya,2073,0,0,<NA>,<NA>,0.43970903503116270938,both,<NA>
yf-preventive-default_nocovid,"YF:YF,routine,with:default_nocovid",YF,total,routine,KEN,Kenya,2074,0,0,<NA>,<NA>,0.44970903503116271827,both,<NA>
yf-preventive-default_nocovid,"YF:YF,routine,with:default_nocovid",YF,total,routine,KEN,Kenya,2075,0,0,<NA>,<NA>,0.45970903503116272715,both,<NA>
yf-preventive-default_nocovid,"YF:YF,routine,with:default_nocovid",YF,total,routine,KEN,Kenya,2076,0,0,<NA>,<NA>,0.46970903503116273603,both,<NA>
yf-preventive-default_nocovid,"YF:YF,routine,with:default_nocovid",YF,total,routine,KEN,Kenya,2077,0,0,<NA>,<NA>,0.47970903503116274491,both,<NA>
yf-preventive-default_nocovid,"YF:YF,routine,with:default_nocovid",YF,total,routine,KEN,Kenya,2078,0,0,<NA>,<NA>,0.48970903503116269828,both,<NA>
yf-preventive-default_nocovid,"YF:YF,routine,with:default_nocovid",YF,total,routine,KEN,Kenya,2079,0,0,<NA>,<NA>,0.49970903503116270716,both,<NA>
yf-preventive-default_nocovid,"YF:YF,routine,with:default_nocovid",YF,total,routine,KEN,Kenya,2080,0,0,<NA>,<NA>,0.50970903503116271605,both,<NA>
yf-preventive-default_nocovid,"YF:YF,routine,with:default_nocovid",YF,total,routine,KEN,Kenya,2081,0,0,<NA>,<NA>,0.51970903503116272493,both,<NA>
yf-preventive-default_nocovid,"YF:YF,routine,with:default_nocovid",YF,total,routine,KEN,Kenya,2082,0,0,<NA>,<NA>,0.52970903503116273381,both,<NA>
yf-preventive-default_nocovid,"YF:YF,routine,with:default_nocovid",YF,total,routine,KEN,Kenya,2083,0,0,<NA>,<NA>,0.53970903503116274269,both,<NA>
yf-preventive-default_nocovid,"YF:YF,routine,with:default_nocovid",YF,total,routine,KEN,Kenya,2084,0,0,<NA>,<NA>,0.54970903503116275157,both,<NA>
yf-preventive-default_nocovid,"YF:YF,routine,with:default_nocovid",YF,total,routine,KEN,Kenya,2085,0,0,<NA>,<NA>,0.55970903503116276045,both,<NA>
yf-preventive-default_nocovid,"YF:YF,routine,with:default_nocovid",YF,total,routine,KEN,Kenya,2086,0,0,<NA>,<NA>,0.56970903503116276934,both,<NA>
yf-preventive-default_nocovid,"YF:YF,routine,with:default_nocovid",YF,total,routine,KEN,Kenya,2087,0,0,<NA>,<NA>,0.57970903503116277822,both,<NA>
yf-preventive-default_nocovid,"YF:YF,routine,with:default_nocovid",YF,total,routine,KEN,Kenya,2088,0,0,<NA>,<NA>,0.58970903503116267608,both,<NA>
yf-preventive-default_nocovid,"YF:YF,routine,with:default_nocovid",YF,total,routine,KEN,Kenya,2089,0,0,<NA>,<NA>,0.59970903503116268496,both,<NA>
yf-preventive-default_nocovid,"YF:YF,routine,with:default_nocovid",YF,total,routine,KEN,Kenya,2090,0,0,<NA>,<NA>,0.60970903503116269384,both,<NA>
yf-preventive-default_nocovid,"YF:YF,routine,with:default_nocovid",YF,total,routine,KEN,Kenya,2091,0,0,<NA>,<NA>,0.61970903503116270272,both,<NA>
yf-preventive-default_nocovid,"YF:YF,routine,with:default_nocovid",YF,total,routine,KEN,Kenya,2092,0,0,<NA>,<NA>,0.6297090350311627116,both,<NA>
yf-preventive-default_nocovid,"YF:YF,routine,with:default_nocovid",YF,total,routine,KEN,Kenya,2093,0,0,<NA>,<NA>,0.63970903503116272049,both,<NA>
yf-preventive-default_nocovid,"YF:YF,routine,with:default_nocovid",YF,total,routine,KEN,Kenya,2094,0,0,<NA>,<NA>,0.64970903503116272937,both,<NA>
yf-preventive-default_nocovid,"YF:YF,routine,with:default_nocovid",YF,total,routine,KEN,Kenya,2095,0,0,<NA>,<NA>,0.65970903503116273825,both,<NA>
yf-preventive-default_nocovid,"YF:YF,routine,with:default_nocovid",YF,total,routine,KEN,Kenya,2096,0,0,<NA>,<NA>,0.66970903503116274713,both,<NA>
yf-preventive-default_nocovid,"YF:YF,routine,with:default_nocovid",YF,total,routine,KEN,Kenya,2097,0,0,<NA>,<NA>,0.67970903503116275601,both,<NA>
yf-preventive-default_nocovid,"YF:YF,routine,with:default_nocovid",YF,total,routine,KEN,Kenya,2098,0,0,<NA>,<NA>,0.68970903503116276489,both,<NA>
yf-preventive-default_nocovid,"YF:YF,routine,with:default_nocovid",YF,total,routine,KEN,Kenya,2099,0,0,<NA>,<NA>,0.69970903503116277378,both,<NA>
yf-preventive-default_nocovid,"YF:YF,routine,with:default_nocovid",YF,total,routine,KEN,Kenya,2100,0,0,<NA>,<NA>,0.70970903503116278266,both,<NA>
yf-preventive-default_nocovid,"YF:YF,routine,with:default_nocovid",YF,total,routine,LBR,Liberia,1980,0,0,use default routine age for this projection,<NA>,0,both,<NA>
yf-preventive-default_nocovid,"YF:YF,routine,with:default_nocovid",YF,total,routine,LBR,Liberia,1981,0,0,use default routine age for this projection,<NA>,0,both,<NA>
yf-preventive-default_nocovid,"YF:YF,routine,with:default_nocovid",YF,total,routine,LBR,Liberia,1982,0,0,use default routine age for this projection,<NA>,0,both,<NA>
yf-preventive-default_nocovid,"YF:YF,routine,with:default_nocovid",YF,total,routine,LBR,Liberia,1983,0,0,use default routine age for this projection,<NA>,0,both,<NA>
yf-preventive-default_nocovid,"YF:YF,routine,with:default_nocovid",YF,total,routine,LBR,Liberia,1984,0,0,use default routine age for this projection,<NA>,0,both,<NA>
yf-preventive-default_nocovid,"YF:YF,routine,with:default_nocovid",YF,total,routine,LBR,Liberia,1985,0,0,use default routine age for this projection,<NA>,0,both,<NA>
yf-preventive-default_nocovid,"YF:YF,routine,with:default_nocovid",YF,total,routine,LBR,Liberia,1986,0,0,use default routine age for this projection,<NA>,0,both,<NA>
yf-preventive-default_nocovid,"YF:YF,routine,with:default_nocovid",YF,total,routine,LBR,Liberia,1987,0,0,use default routine age for this projection,<NA>,0,both,<NA>
yf-preventive-default_nocovid,"YF:YF,routine,with:default_nocovid",YF,total,routine,LBR,Liberia,1988,0,0,use default routine age for this projection,<NA>,0,both,<NA>
yf-preventive-default_nocovid,"YF:YF,routine,with:default_nocovid",YF,total,routine,LBR,Liberia,1989,0,0,use default routine age for this projection,<NA>,0,both,<NA>
yf-preventive-default_nocovid,"YF:YF,routine,with:default_nocovid",YF,total,routine,LBR,Liberia,1990,0,0,use default routine age for this projection,<NA>,0,both,<NA>
yf-preventive-default_nocovid,"YF:YF,routine,with:default_nocovid",YF,total,routine,LBR,Liberia,1991,0,0,use default routine age for this projection,<NA>,0,both,<NA>
yf-preventive-default_nocovid,"YF:YF,routine,with:default_nocovid",YF,total,routine,LBR,Liberia,1992,0,0,use default routine age for this projection,<NA>,0,both,<NA>
yf-preventive-default_nocovid,"YF:YF,routine,with:default_nocovid",YF,total,routine,LBR,Liberia,1993,0,0,use default routine age for this projection,<NA>,0,both,<NA>
yf-preventive-default_nocovid,"YF:YF,routine,with:default_nocovid",YF,total,routine,LBR,Liberia,1994,0,0,use default routine age for this projection,<NA>,0,both,<NA>
yf-preventive-default_nocovid,"YF:YF,routine,with:default_nocovid",YF,total,routine,LBR,Liberia,1995,0,0,use default routine age for this projection,<NA>,0,both,<NA>
yf-preventive-default_nocovid,"YF:YF,routine,with:default_nocovid",YF,total,routine,LBR,Liberia,1996,0,0,use default routine age for this projection,<NA>,0,both,<NA>
yf-preventive-default_nocovid,"YF:YF,routine,with:default_nocovid",YF,total,routine,LBR,Liberia,1997,0,0,use default routine age for this projection,<NA>,0,both,<NA>
yf-preventive-default_nocovid,"YF:YF,routine,with:default_nocovid",YF,total,routine,LBR,Liberia,1998,0,0,use default routine age for this projection,<NA>,0,both,<NA>
yf-preventive-default_nocovid,"YF:YF,routine,with:default_nocovid",YF,total,routine,LBR,Liberia,1999,0,0,use default routine age for this projection,<NA>,0,both,<NA>
yf-preventive-default_nocovid,"YF:YF,routine,with:default_nocovid",YF,total,routine,LBR,Liberia,2000,0,0,use default routine age for this projection,<NA>,0,both,<NA>
yf-preventive-default_nocovid,"YF:YF,routine,with:default_nocovid",YF,total,routine,LBR,Liberia,2001,0,0,default routine age,<NA>,0.56000000000000005329,both,<NA>
yf-preventive-default_nocovid,"YF:YF,routine,with:default_nocovid",YF,total,routine,LBR,Liberia,2002,0,0,default routine age,<NA>,0.39000000000000001332,both,<NA>
yf-preventive-default_nocovid,"YF:YF,routine,with:default_nocovid",YF,total,routine,LBR,Liberia,2003,0,0,default routine age,<NA>,0.28000000000000002665,both,<NA>
yf-preventive-default_nocovid,"YF:YF,routine,with:default_nocovid",YF,total,routine,LBR,Liberia,2004,0,0,default routine age,<NA>,0.34000000000000002442,both,<NA>
yf-preventive-default_nocovid,"YF:YF,routine,with:default_nocovid",YF,total,routine,LBR,Liberia,2005,0,0,default routine age,<NA>,0.57999999999999996003,both,<NA>
yf-preventive-default_nocovid,"YF:YF,routine,with:default_nocovid",YF,total,routine,LBR,Liberia,2006,0,0,default routine age,<NA>,0.56999999999999995115,both,<NA>
yf-preventive-default_nocovid,"YF:YF,routine,with:default_nocovid",YF,total,routine,LBR,Liberia,2007,0,0,default routine age,<NA>,0.64000000000000001332,both,<NA>
yf-preventive-default_nocovid,"YF:YF,routine,with:default_nocovid",YF,total,routine,LBR,Liberia,2008,0,0,default routine age,<NA>,0.73999999999999999112,both,<NA>
yf-preventive-default_nocovid,"YF:YF,routine,with:default_nocovid",YF,total,routine,LBR,Liberia,2009,0,0,default routine age,<NA>,0.82999999999999996003,both,<NA>
yf-preventive-default_nocovid,"YF:YF,routine,with:default_nocovid",YF,total,routine,LBR,Liberia,2010,0,0,default routine age,<NA>,0.64000000000000001332,both,<NA>
yf-preventive-default_nocovid,"YF:YF,routine,with:default_nocovid",YF,total,routine,LBR,Liberia,2011,0,0,default routine age,<NA>,0.69999999999999995559,both,<NA>
yf-preventive-default_nocovid,"YF:YF,routine,with:default_nocovid",YF,total,routine,LBR,Liberia,2012,0,0,default routine age,<NA>,0.78000000000000002665,both,<NA>
yf-preventive-default_nocovid,"YF:YF,routine,with:default_nocovid",YF,total,routine,LBR,Liberia,2013,0,0,default routine age,<NA>,0.72999999999999998224,both,<NA>
yf-preventive-default_nocovid,"YF:YF,routine,with:default_nocovid",YF,total,routine,LBR,Liberia,2014,0,0,default routine age,<NA>,0.54000000000000003553,both,<NA>
yf-preventive-default_nocovid,"YF:YF,routine,with:default_nocovid",YF,total,routine,LBR,Liberia,2015,0,0,default routine age,<NA>,0.56000000000000005329,both,<NA>
yf-preventive-default_nocovid,"YF:YF,routine,with:default_nocovid",YF,total,routine,LBR,Liberia,2016,0,0,default routine age,<NA>,0.64000000000000001332,both,<NA>
yf-preventive-default_nocovid,"YF:YF,routine,with:default_nocovid",YF,total,routine,LBR,Liberia,2017,0,0,default routine age,<NA>,0.71999999999999997335,both,<NA>
yf-preventive-default_nocovid,"YF:YF,routine,with:default_nocovid",YF,total,routine,LBR,Liberia,2018,0,0,default routine age,<NA>,0.69999999999999995559,both,<NA>
yf-preventive-default_nocovid,"YF:YF,routine,with:default_nocovid",YF,total,routine,LBR,Liberia,2019,0,0,default routine age,<NA>,0.6500000000000000222,both,<NA>
yf-preventive-default_nocovid,"YF:YF,routine,with:default_nocovid",YF,total,routine,LBR,Liberia,2020,0,0,default routine age,<NA>,0.61726411986056684,both,<NA>
yf-preventive-default_nocovid,"YF:YF,routine,with:default_nocovid",YF,total,routine,LBR,Liberia,2021,0,0,default routine age,<NA>,0.59122220616321796705,both,<NA>
yf-preventive-default_nocovid,"YF:YF,routine,with:default_nocovid",YF,total,routine,LBR,Liberia,2022,0,0,<NA>,<NA>,0.60971832781420576275,both,<NA>
yf-preventive-default_nocovid,"YF:YF,routine,with:default_nocovid",YF,total,routine,LBR,Liberia,2023,0,0,<NA>,<NA>,0.62737754853445282244,both,<NA>
yf-preventive-default_nocovid,"YF:YF,routine,with:default_nocovid",YF,total,routine,LBR,Liberia,2024,0,0,<NA>,<NA>,0.64423773589323074518,both,<NA>
yf-preventive-default_nocovid,"YF:YF,routine,with:default_nocovid",YF,total,routine,LBR,Liberia,2025,0,0,<NA>,<NA>,0.66033504405174836549,both,<NA>
yf-preventive-default_nocovid,"YF:YF,routine,with:default_nocovid",YF,total,routine,LBR,Liberia,2026,0,0,<NA>,<NA>,0.67570399129036651242,both,<NA>
yf-preventive-default_nocovid,"YF:YF,routine,with:default_nocovid",YF,total,routine,LBR,Liberia,2027,0,0,<NA>,<NA>,0.69037753402791102175,both,<NA>
yf-preventive-default_nocovid,"YF:YF,routine,with:default_nocovid",YF,total,routine,LBR,Liberia,2028,0,0,<NA>,<NA>,0.70438713749180470458,both,<NA>
yf-preventive-default_nocovid,"YF:YF,routine,with:default_nocovid",YF,total,routine,LBR,Liberia,2029,0,0,<NA>,<NA>,0.71776284319056249394,both,<NA>
yf-preventive-default_nocovid,"YF:YF,routine,with:default_nocovid",YF,total,routine,LBR,Liberia,2030,0,0,<NA>,<NA>,0.73053333333333336785,both,<NA>
yf-preventive-default_nocovid,"YF:YF,routine,with:default_nocovid",YF,total,routine,LBR,Liberia,2031,0,0,<NA>,<NA>,0.74053333333333337674,both,<NA>
yf-preventive-default_nocovid,"YF:YF,routine,with:default_nocovid",YF,total,routine,LBR,Liberia,2032,0,0,<NA>,<NA>,0.75053333333333338562,both,<NA>
yf-preventive-default_nocovid,"YF:YF,routine,with:default_nocovid",YF,total,routine,LBR,Liberia,2033,0,0,<NA>,<NA>,0.7605333333333333945,both,<NA>
yf-preventive-default_nocovid,"YF:YF,routine,with:default_nocovid",YF,total,routine,LBR,Liberia,2034,0,0,<NA>,<NA>,0.77053333333333340338,both,<NA>
yf-preventive-default_nocovid,"YF:YF,routine,with:default_nocovid",YF,total,routine,LBR,Liberia,2035,0,0,<NA>,<NA>,0.78053333333333341226,both,<NA>
yf-preventive-default_nocovid,"YF:YF,routine,with:default_nocovid",YF,total,routine,LBR,Liberia,2036,0,0,<NA>,<NA>,0.79053333333333331012,both,<NA>
yf-preventive-default_nocovid,"YF:YF,routine,with:default_nocovid",YF,total,routine,LBR,Liberia,2037,0,0,<NA>,<NA>,0.800533333333333319,both,<NA>
yf-preventive-default_nocovid,"YF:YF,routine,with:default_nocovid",YF,total,routine,LBR,Liberia,2038,0,0,<NA>,<NA>,0.81053333333333332789,both,<NA>
yf-preventive-default_nocovid,"YF:YF,routine,with:default_nocovid",YF,total,routine,LBR,Liberia,2039,0,0,<NA>,<NA>,0.82053333333333333677,both,<NA>
yf-preventive-default_nocovid,"YF:YF,routine,with:default_nocovid",YF,total,routine,LBR,Liberia,2040,0,0,<NA>,<NA>,0.83053333333333334565,both,<NA>
yf-preventive-default_nocovid,"YF:YF,routine,with:default_nocovid",YF,total,routine,LBR,Liberia,2041,0,0,<NA>,<NA>,0.84053333333333335453,both,<NA>
yf-preventive-default_nocovid,"YF:YF,routine,with:default_nocovid",YF,total,routine,LBR,Liberia,2042,0,0,<NA>,<NA>,0.85053333333333336341,both,<NA>
yf-preventive-default_nocovid,"YF:YF,routine,with:default_nocovid",YF,total,routine,LBR,Liberia,2043,0,0,<NA>,<NA>,0.86053333333333337229,both,<NA>
yf-preventive-default_nocovid,"YF:YF,routine,with:default_nocovid",YF,total,routine,LBR,Liberia,2044,0,0,<NA>,<NA>,0.87053333333333338118,both,<NA>
yf-preventive-default_nocovid,"YF:YF,routine,with:default_nocovid",YF,total,routine,LBR,Liberia,2045,0,0,<NA>,<NA>,0.88053333333333339006,both,<NA>
yf-preventive-default_nocovid,"YF:YF,routine,with:default_nocovid",YF,total,routine,LBR,Liberia,2046,0,0,<NA>,<NA>,0.89053333333333339894,both,<NA>
yf-preventive-default_nocovid,"YF:YF,routine,with:default_nocovid",YF,total,routine,LBR,Liberia,2047,0,0,<NA>,<NA>,0.9000000000000000222,both,<NA>
yf-preventive-default_nocovid,"YF:YF,routine,with:default_nocovid",YF,total,routine,LBR,Liberia,2048,0,0,<NA>,<NA>,0.9000000000000000222,both,<NA>
yf-preventive-default_nocovid,"YF:YF,routine,with:default_nocovid",YF,total,routine,LBR,Liberia,2049,0,0,<NA>,<NA>,0.9000000000000000222,both,<NA>
yf-preventive-default_nocovid,"YF:YF,routine,with:default_nocovid",YF,total,routine,LBR,Liberia,2050,0,0,<NA>,<NA>,0.9000000000000000222,both,<NA>
yf-preventive-default_nocovid,"YF:YF,routine,with:default_nocovid",YF,total,routine,LBR,Liberia,2051,0,0,<NA>,<NA>,0.9000000000000000222,both,<NA>
yf-preventive-default_nocovid,"YF:YF,routine,with:default_nocovid",YF,total,routine,LBR,Liberia,2052,0,0,<NA>,<NA>,0.9000000000000000222,both,<NA>
yf-preventive-default_nocovid,"YF:YF,routine,with:default_nocovid",YF,total,routine,LBR,Liberia,2053,0,0,<NA>,<NA>,0.9000000000000000222,both,<NA>
yf-preventive-default_nocovid,"YF:YF,routine,with:default_nocovid",YF,total,routine,LBR,Liberia,2054,0,0,<NA>,<NA>,0.9000000000000000222,both,<NA>
yf-preventive-default_nocovid,"YF:YF,routine,with:default_nocovid",YF,total,routine,LBR,Liberia,2055,0,0,<NA>,<NA>,0.9000000000000000222,both,<NA>
yf-preventive-default_nocovid,"YF:YF,routine,with:default_nocovid",YF,total,routine,LBR,Liberia,2056,0,0,<NA>,<NA>,0.9000000000000000222,both,<NA>
yf-preventive-default_nocovid,"YF:YF,routine,with:default_nocovid",YF,total,routine,LBR,Liberia,2057,0,0,<NA>,<NA>,0.9000000000000000222,both,<NA>
yf-preventive-default_nocovid,"YF:YF,routine,with:default_nocovid",YF,total,routine,LBR,Liberia,2058,0,0,<NA>,<NA>,0.9000000000000000222,both,<NA>
yf-preventive-default_nocovid,"YF:YF,routine,with:default_nocovid",YF,total,routine,LBR,Liberia,2059,0,0,<NA>,<NA>,0.9000000000000000222,both,<NA>
yf-preventive-default_nocovid,"YF:YF,routine,with:default_nocovid",YF,total,routine,LBR,Liberia,2060,0,0,<NA>,<NA>,0.9000000000000000222,both,<NA>
yf-preventive-default_nocovid,"YF:YF,routine,with:default_nocovid",YF,total,routine,LBR,Liberia,2061,0,0,<NA>,<NA>,0.9000000000000000222,both,<NA>
yf-preventive-default_nocovid,"YF:YF,routine,with:default_nocovid",YF,total,routine,LBR,Liberia,2062,0,0,<NA>,<NA>,0.9000000000000000222,both,<NA>
yf-preventive-default_nocovid,"YF:YF,routine,with:default_nocovid",YF,total,routine,LBR,Liberia,2063,0,0,<NA>,<NA>,0.9000000000000000222,both,<NA>
yf-preventive-default_nocovid,"YF:YF,routine,with:default_nocovid",YF,total,routine,LBR,Liberia,2064,0,0,<NA>,<NA>,0.9000000000000000222,both,<NA>
yf-preventive-default_nocovid,"YF:YF,routine,with:default_nocovid",YF,total,routine,LBR,Liberia,2065,0,0,<NA>,<NA>,0.9000000000000000222,both,<NA>
yf-preventive-default_nocovid,"YF:YF,routine,with:default_nocovid",YF,total,routine,LBR,Liberia,2066,0,0,<NA>,<NA>,0.9000000000000000222,both,<NA>
yf-preventive-default_nocovid,"YF:YF,routine,with:default_nocovid",YF,total,routine,LBR,Liberia,2067,0,0,<NA>,<NA>,0.9000000000000000222,both,<NA>
yf-preventive-default_nocovid,"YF:YF,routine,with:default_nocovid",YF,total,routine,LBR,Liberia,2068,0,0,<NA>,<NA>,0.9000000000000000222,both,<NA>
yf-preventive-default_nocovid,"YF:YF,routine,with:default_nocovid",YF,total,routine,LBR,Liberia,2069,0,0,<NA>,<NA>,0.9000000000000000222,both,<NA>
yf-preventive-default_nocovid,"YF:YF,routine,with:default_nocovid",YF,total,routine,LBR,Liberia,2070,0,0,<NA>,<NA>,0.9000000000000000222,both,<NA>
yf-preventive-default_nocovid,"YF:YF,routine,with:default_nocovid",YF,total,routine,LBR,Liberia,2071,0,0,<NA>,<NA>,0.9000000000000000222,both,<NA>
yf-preventive-default_nocovid,"YF:YF,routine,with:default_nocovid",YF,total,routine,LBR,Liberia,2072,0,0,<NA>,<NA>,0.9000000000000000222,both,<NA>
yf-preventive-default_nocovid,"YF:YF,routine,with:default_nocovid",YF,total,routine,LBR,Liberia,2073,0,0,<NA>,<NA>,0.9000000000000000222,both,<NA>
yf-preventive-default_nocovid,"YF:YF,routine,with:default_nocovid",YF,total,routine,LBR,Liberia,2074,0,0,<NA>,<NA>,0.9000000000000000222,both,<NA>
yf-preventive-default_nocovid,"YF:YF,routine,with:default_nocovid",YF,total,routine,LBR,Liberia,2075,0,0,<NA>,<NA>,0.9000000000000000222,both,<NA>
yf-preventive-default_nocovid,"YF:YF,routine,with:default_nocovid",YF,total,routine,LBR,Liberia,2076,0,0,<NA>,<NA>,0.9000000000000000222,both,<NA>
yf-preventive-default_nocovid,"YF:YF,routine,with:default_nocovid",YF,total,routine,LBR,Liberia,2077,0,0,<NA>,<NA>,0.9000000000000000222,both,<NA>
yf-preventive-default_nocovid,"YF:YF,routine,with:default_nocovid",YF,total,routine,LBR,Liberia,2078,0,0,<NA>,<NA>,0.9000000000000000222,both,<NA>
yf-preventive-default_nocovid,"YF:YF,routine,with:default_nocovid",YF,total,routine,LBR,Liberia,2079,0,0,<NA>,<NA>,0.9000000000000000222,both,<NA>
yf-preventive-default_nocovid,"YF:YF,routine,with:default_nocovid",YF,total,routine,LBR,Liberia,2080,0,0,<NA>,<NA>,0.9000000000000000222,both,<NA>
yf-preventive-default_nocovid,"YF:YF,routine,with:default_nocovid",YF,total,routine,LBR,Liberia,2081,0,0,<NA>,<NA>,0.9000000000000000222,both,<NA>
yf-preventive-default_nocovid,"YF:YF,routine,with:default_nocovid",YF,total,routine,LBR,Liberia,2082,0,0,<NA>,<NA>,0.9000000000000000222,both,<NA>
yf-preventive-default_nocovid,"YF:YF,routine,with:default_nocovid",YF,total,routine,LBR,Liberia,2083,0,0,<NA>,<NA>,0.9000000000000000222,both,<NA>
yf-preventive-default_nocovid,"YF:YF,routine,with:default_nocovid",YF,total,routine,LBR,Liberia,2084,0,0,<NA>,<NA>,0.9000000000000000222,both,<NA>
yf-preventive-default_nocovid,"YF:YF,routine,with:default_nocovid",YF,total,routine,LBR,Liberia,2085,0,0,<NA>,<NA>,0.9000000000000000222,both,<NA>
yf-preventive-default_nocovid,"YF:YF,routine,with:default_nocovid",YF,total,routine,LBR,Liberia,2086,0,0,<NA>,<NA>,0.9000000000000000222,both,<NA>
yf-preventive-default_nocovid,"YF:YF,routine,with:default_nocovid",YF,total,routine,LBR,Liberia,2087,0,0,<NA>,<NA>,0.9000000000000000222,both,<NA>
yf-preventive-default_nocovid,"YF:YF,routine,with:default_nocovid",YF,total,routine,LBR,Liberia,2088,0,0,<NA>,<NA>,0.9000000000000000222,both,<NA>
yf-preventive-default_nocovid,"YF:YF,routine,with:default_nocovid",YF,total,routine,LBR,Liberia,2089,0,0,<NA>,<NA>,0.9000000000000000222,both,<NA>
yf-preventive-default_nocovid,"YF:YF,routine,with:default_nocovid",YF,total,routine,LBR,Liberia,2090,0,0,<NA>,<NA>,0.9000000000000000222,both,<NA>
yf-preventive-default_nocovid,"YF:YF,routine,with:default_nocovid",YF,total,routine,LBR,Liberia,2091,0,0,<NA>,<NA>,0.9000000000000000222,both,<NA>
yf-preventive-default_nocovid,"YF:YF,routine,with:default_nocovid",YF,total,routine,LBR,Liberia,2092,0,0,<NA>,<NA>,0.9000000000000000222,both,<NA>
yf-preventive-default_nocovid,"YF:YF,routine,with:default_nocovid",YF,total,routine,LBR,Liberia,2093,0,0,<NA>,<NA>,0.9000000000000000222,both,<NA>
yf-preventive-default_nocovid,"YF:YF,routine,with:default_nocovid",YF,total,routine,LBR,Liberia,2094,0,0,<NA>,<NA>,0.9000000000000000222,both,<NA>
yf-preventive-default_nocovid,"YF:YF,routine,with:default_nocovid",YF,total,routine,LBR,Liberia,2095,0,0,<NA>,<NA>,0.9000000000000000222,both,<NA>
yf-preventive-default_nocovid,"YF:YF,routine,with:default_nocovid",YF,total,routine,LBR,Liberia,2096,0,0,<NA>,<NA>,0.9000000000000000222,both,<NA>
yf-preventive-default_nocovid,"YF:YF,routine,with:default_nocovid",YF,total,routine,LBR,Liberia,2097,0,0,<NA>,<NA>,0.9000000000000000222,both,<NA>
yf-preventive-default_nocovid,"YF:YF,routine,with:default_nocovid",YF,total,routine,LBR,Liberia,2098,0,0,<NA>,<NA>,0.9000000000000000222,both,<NA>
yf-preventive-default_nocovid,"YF:YF,routine,with:default_nocovid",YF,total,routine,LBR,Liberia,2099,0,0,<NA>,<NA>,0.9000000000000000222,both,<NA>
yf-preventive-default_nocovid,"YF:YF,routine,with:default_nocovid",YF,total,routine,LBR,Liberia,2100,0,0,<NA>,<NA>,0.9000000000000000222,both,<NA>
yf-preventive-default_nocovid,"YF:YF,routine,with:default_nocovid",YF,total,routine,MLI,Mali,1980,0,0,use default routine age for this projection,<NA>,0,both,<NA>
yf-preventive-default_nocovid,"YF:YF,routine,with:default_nocovid",YF,total,routine,MLI,Mali,1981,0,0,use default routine age for this projection,<NA>,0,both,<NA>
yf-preventive-default_nocovid,"YF:YF,routine,with:default_nocovid",YF,total,routine,MLI,Mali,1982,0,0,use default routine age for this projection,<NA>,0,both,<NA>
yf-preventive-default_nocovid,"YF:YF,routine,with:default_nocovid",YF,total,routine,MLI,Mali,1983,0,0,use default routine age for this projection,<NA>,0,both,<NA>
yf-preventive-default_nocovid,"YF:YF,routine,with:default_nocovid",YF,total,routine,MLI,Mali,1984,0,0,use default routine age for this projection,<NA>,0,both,<NA>
yf-preventive-default_nocovid,"YF:YF,routine,with:default_nocovid",YF,total,routine,MLI,Mali,1985,0,0,use default routine age for this projection,<NA>,0,both,<NA>
yf-preventive-default_nocovid,"YF:YF,routine,with:default_nocovid",YF,total,routine,MLI,Mali,1986,0,0,use default routine age for this projection,<NA>,0,both,<NA>
yf-preventive-default_nocovid,"YF:YF,routine,with:default_nocovid",YF,total,routine,MLI,Mali,1987,0,0,use default routine age for this projection,<NA>,0,both,<NA>
yf-preventive-default_nocovid,"YF:YF,routine,with:default_nocovid",YF,total,routine,MLI,Mali,1988,0,0,use default routine age for this projection,<NA>,0,both,<NA>
yf-preventive-default_nocovid,"YF:YF,routine,with:default_nocovid",YF,total,routine,MLI,Mali,1989,0,0,use default routine age for this projection,<NA>,0,both,<NA>
yf-preventive-default_nocovid,"YF:YF,routine,with:default_nocovid",YF,total,routine,MLI,Mali,1990,0,0,use default routine age for this projection,<NA>,0,both,<NA>
yf-preventive-default_nocovid,"YF:YF,routine,with:default_nocovid",YF,total,routine,MLI,Mali,1991,0,0,use default routine age for this projection,<NA>,0,both,<NA>
yf-preventive-default_nocovid,"YF:YF,routine,with:default_nocovid",YF,total,routine,MLI,Mali,1992,0,0,use default routine age for this projection,<NA>,0,both,<NA>
yf-preventive-default_nocovid,"YF:YF,routine,with:default_nocovid",YF,total,routine,MLI,Mali,1993,0,0,use default routine age for this projection,<NA>,0,both,<NA>
yf-preventive-default_nocovid,"YF:YF,routine,with:default_nocovid",YF,total,routine,MLI,Mali,1994,0,0,use default routine age for this projection,<NA>,0,both,<NA>
yf-preventive-default_nocovid,"YF:YF,routine,with:default_nocovid",YF,total,routine,MLI,Mali,1995,0,0,use default routine age for this projection,<NA>,0,both,<NA>
yf-preventive-default_nocovid,"YF:YF,routine,with:default_nocovid",YF,total,routine,MLI,Mali,1996,0,0,use default routine age for this projection,<NA>,0,both,<NA>
yf-preventive-default_nocovid,"YF:YF,routine,with:default_nocovid",YF,total,routine,MLI,Mali,1997,0,0,use default routine age for this projection,<NA>,0,both,<NA>
yf-preventive-default_nocovid,"YF:YF,routine,with:default_nocovid",YF,total,routine,MLI,Mali,1998,0,0,default routine age,<NA>,0.10000000000000000555,both,<NA>
yf-preventive-default_nocovid,"YF:YF,routine,with:default_nocovid",YF,total,routine,MLI,Mali,1999,0,0,default routine age,<NA>,0.13000000000000000444,both,<NA>
yf-preventive-default_nocovid,"YF:YF,routine,with:default_nocovid",YF,total,routine,MLI,Mali,2000,0,0,default routine age,<NA>,0.11000000000000000056,both,<NA>
yf-preventive-default_nocovid,"YF:YF,routine,with:default_nocovid",YF,total,routine,MLI,Mali,2001,0,0,default routine age,<NA>,0.08000000000000000167,both,<NA>
yf-preventive-default_nocovid,"YF:YF,routine,with:default_nocovid",YF,total,routine,MLI,Mali,2002,0,0,default routine age,<NA>,0.28000000000000002665,both,<NA>
yf-preventive-default_nocovid,"YF:YF,routine,with:default_nocovid",YF,total,routine,MLI,Mali,2003,0,0,default routine age,<NA>,0.56999999999999995115,both,<NA>
yf-preventive-default_nocovid,"YF:YF,routine,with:default_nocovid",YF,total,routine,MLI,Mali,2004,0,0,default routine age,<NA>,0.61999999999999999556,both,<NA>
yf-preventive-default_nocovid,"YF:YF,routine,with:default_nocovid",YF,total,routine,MLI,Mali,2005,0,0,default routine age,<NA>,0.71999999999999997335,both,<NA>
yf-preventive-default_nocovid,"YF:YF,routine,with:default_nocovid",YF,total,routine,MLI,Mali,2006,0,0,default routine age,<NA>,0.71999999999999997335,both,<NA>
yf-preventive-default_nocovid,"YF:YF,routine,with:default_nocovid",YF,total,routine,MLI,Mali,2007,0,0,default routine age,<NA>,0.70999999999999996447,both,<NA>
yf-preventive-default_nocovid,"YF:YF,routine,with:default_nocovid",YF,total,routine,MLI,Mali,2008,0,0,default routine age,<NA>,0.73999999999999999112,both,<NA>
yf-preventive-default_nocovid,"YF:YF,routine,with:default_nocovid",YF,total,routine,MLI,Mali,2009,0,0,default routine age,<NA>,0.71999999999999997335,both,<NA>
yf-preventive-default_nocovid,"YF:YF,routine,with:default_nocovid",YF,total,routine,MLI,Mali,2010,0,0,default routine age,<NA>,0.68999999999999994671,both,<NA>
yf-preventive-default_nocovid,"YF:YF,routine,with:default_nocovid",YF,total,routine,MLI,Mali,2011,0,0,default routine age,<NA>,0.66000000000000003109,both,<NA>
yf-preventive-default_nocovid,"YF:YF,routine,with:default_nocovid",YF,total,routine,MLI,Mali,2012,0,0,default routine age,<NA>,0.63000000000000000444,both,<NA>
yf-preventive-default_nocovid,"YF:YF,routine,with:default_nocovid",YF,total,routine,MLI,Mali,2013,0,0,default routine age,<NA>,0.5999999999999999778,both,<NA>
yf-preventive-default_nocovid,"YF:YF,routine,with:default_nocovid",YF,total,routine,MLI,Mali,2014,0,0,default routine age,<NA>,0.58999999999999996891,both,<NA>
yf-preventive-default_nocovid,"YF:YF,routine,with:default_nocovid",YF,total,routine,MLI,Mali,2015,0,0,default routine age,<NA>,0.64000000000000001332,both,<NA>
yf-preventive-default_nocovid,"YF:YF,routine,with:default_nocovid",YF,total,routine,MLI,Mali,2016,0,0,default routine age,<NA>,0.68000000000000004885,both,<NA>
yf-preventive-default_nocovid,"YF:YF,routine,with:default_nocovid",YF,total,routine,MLI,Mali,2017,0,0,default routine age,<NA>,0.66000000000000003109,both,<NA>
yf-preventive-default_nocovid,"YF:YF,routine,with:default_nocovid",YF,total,routine,MLI,Mali,2018,0,0,default routine age,<NA>,0.66000000000000003109,both,<NA>
yf-preventive-default_nocovid,"YF:YF,routine,with:default_nocovid",YF,total,routine,MLI,Mali,2019,0,0,default routine age,<NA>,0.66000000000000003109,both,<NA>
yf-preventive-default_nocovid,"YF:YF,routine,with:default_nocovid",YF,total,routine,MLI,Mali,2020,0,0,default routine age,<NA>,0.66000000000000003109,both,<NA>
yf-preventive-default_nocovid,"YF:YF,routine,with:default_nocovid",YF,total,routine,MLI,Mali,2021,0,0,default routine age,<NA>,0.66000000000000003109,both,<NA>
yf-preventive-default_nocovid,"YF:YF,routine,with:default_nocovid",YF,total,routine,MLI,Mali,2022,0,0,<NA>,<NA>,0.66822234143944592155,both,<NA>
yf-preventive-default_nocovid,"YF:YF,routine,with:default_nocovid",YF,total,routine,MLI,Mali,2023,0,0,<NA>,<NA>,0.67624583905904822601,both,<NA>
yf-preventive-default_nocovid,"YF:YF,routine,with:default_nocovid",YF,total,routine,MLI,Mali,2024,0,0,<NA>,<NA>,0.68407530156992413239,both,<NA>
yf-preventive-default_nocovid,"YF:YF,routine,with:default_nocovid",YF,total,routine,MLI,Mali,2025,0,0,<NA>,<NA>,0.69171542139241259939,both,<NA>
yf-preventive-default_nocovid,"YF:YF,routine,with:default_nocovid",YF,total,routine,MLI,Mali,2026,0,0,<NA>,<NA>,0.69917077746837519303,both,<NA>
yf-preventive-default_nocovid,"YF:YF,routine,with:default_nocovid",YF,total,routine,MLI,Mali,2027,0,0,<NA>,<NA>,0.70644583800548721442,both,<NA>
yf-preventive-default_nocovid,"YF:YF,routine,with:default_nocovid",YF,total,routine,MLI,Mali,2028,0,0,<NA>,<NA>,0.71354496315516158234,both,<NA>
yf-preventive-default_nocovid,"YF:YF,routine,with:default_nocovid",YF,total,routine,MLI,Mali,2029,0,0,<NA>,<NA>,0.72047240762571251871,both,<NA>
yf-preventive-default_nocovid,"YF:YF,routine,with:default_nocovid",YF,total,routine,MLI,Mali,2030,0,0,<NA>,<NA>,0.72723232323232323004,both,<NA>
yf-preventive-default_nocovid,"YF:YF,routine,with:default_nocovid",YF,total,routine,MLI,Mali,2031,0,0,<NA>,<NA>,0.73723232323232323893,both,<NA>
yf-preventive-default_nocovid,"YF:YF,routine,with:default_nocovid",YF,total,routine,MLI,Mali,2032,0,0,<NA>,<NA>,0.74723232323232324781,both,<NA>
yf-preventive-default_nocovid,"YF:YF,routine,with:default_nocovid",YF,total,routine,MLI,Mali,2033,0,0,<NA>,<NA>,0.75723232323232325669,both,<NA>
yf-preventive-default_nocovid,"YF:YF,routine,with:default_nocovid",YF,total,routine,MLI,Mali,2034,0,0,<NA>,<NA>,0.76723232323232326557,both,<NA>
yf-preventive-default_nocovid,"YF:YF,routine,with:default_nocovid",YF,total,routine,MLI,Mali,2035,0,0,<NA>,<NA>,0.77723232323232327445,both,<NA>
yf-preventive-default_nocovid,"YF:YF,routine,with:default_nocovid",YF,total,routine,MLI,Mali,2036,0,0,<NA>,<NA>,0.78723232323232328334,both,<NA>
yf-preventive-default_nocovid,"YF:YF,routine,with:default_nocovid",YF,total,routine,MLI,Mali,2037,0,0,<NA>,<NA>,0.79723232323232329222,both,<NA>
yf-preventive-default_nocovid,"YF:YF,routine,with:default_nocovid",YF,total,routine,MLI,Mali,2038,0,0,<NA>,<NA>,0.80723232323232319008,both,<NA>
yf-preventive-default_nocovid,"YF:YF,routine,with:default_nocovid",YF,total,routine,MLI,Mali,2039,0,0,<NA>,<NA>,0.81723232323232319896,both,<NA>
yf-preventive-default_nocovid,"YF:YF,routine,with:default_nocovid",YF,total,routine,MLI,Mali,2040,0,0,<NA>,<NA>,0.82723232323232320784,both,<NA>
yf-preventive-default_nocovid,"YF:YF,routine,with:default_nocovid",YF,total,routine,MLI,Mali,2041,0,0,<NA>,<NA>,0.83723232323232321672,both,<NA>
yf-preventive-default_nocovid,"YF:YF,routine,with:default_nocovid",YF,total,routine,MLI,Mali,2042,0,0,<NA>,<NA>,0.8472323232323232256,both,<NA>
yf-preventive-default_nocovid,"YF:YF,routine,with:default_nocovid",YF,total,routine,MLI,Mali,2043,0,0,<NA>,<NA>,0.85723232323232323449,both,<NA>
yf-preventive-default_nocovid,"YF:YF,routine,with:default_nocovid",YF,total,routine,MLI,Mali,2044,0,0,<NA>,<NA>,0.86723232323232324337,both,<NA>
yf-preventive-default_nocovid,"YF:YF,routine,with:default_nocovid",YF,total,routine,MLI,Mali,2045,0,0,<NA>,<NA>,0.87723232323232325225,both,<NA>
yf-preventive-default_nocovid,"YF:YF,routine,with:default_nocovid",YF,total,routine,MLI,Mali,2046,0,0,<NA>,<NA>,0.88723232323232326113,both,<NA>
yf-preventive-default_nocovid,"YF:YF,routine,with:default_nocovid",YF,total,routine,MLI,Mali,2047,0,0,<NA>,<NA>,0.89723232323232327001,both,<NA>
yf-preventive-default_nocovid,"YF:YF,routine,with:default_nocovid",YF,total,routine,MLI,Mali,2048,0,0,<NA>,<NA>,0.9000000000000000222,both,<NA>
yf-preventive-default_nocovid,"YF:YF,routine,with:default_nocovid",YF,total,routine,MLI,Mali,2049,0,0,<NA>,<NA>,0.9000000000000000222,both,<NA>
yf-preventive-default_nocovid,"YF:YF,routine,with:default_nocovid",YF,total,routine,MLI,Mali,2050,0,0,<NA>,<NA>,0.9000000000000000222,both,<NA>
yf-preventive-default_nocovid,"YF:YF,routine,with:default_nocovid",YF,total,routine,MLI,Mali,2051,0,0,<NA>,<NA>,0.9000000000000000222,both,<NA>
yf-preventive-default_nocovid,"YF:YF,routine,with:default_nocovid",YF,total,routine,MLI,Mali,2052,0,0,<NA>,<NA>,0.9000000000000000222,both,<NA>
yf-preventive-default_nocovid,"YF:YF,routine,with:default_nocovid",YF,total,routine,MLI,Mali,2053,0,0,<NA>,<NA>,0.9000000000000000222,both,<NA>
yf-preventive-default_nocovid,"YF:YF,routine,with:default_nocovid",YF,total,routine,MLI,Mali,2054,0,0,<NA>,<NA>,0.9000000000000000222,both,<NA>
yf-preventive-default_nocovid,"YF:YF,routine,with:default_nocovid",YF,total,routine,MLI,Mali,2055,0,0,<NA>,<NA>,0.9000000000000000222,both,<NA>
yf-preventive-default_nocovid,"YF:YF,routine,with:default_nocovid",YF,total,routine,MLI,Mali,2056,0,0,<NA>,<NA>,0.9000000000000000222,both,<NA>
yf-preventive-default_nocovid,"YF:YF,routine,with:default_nocovid",YF,total,routine,MLI,Mali,2057,0,0,<NA>,<NA>,0.9000000000000000222,both,<NA>
yf-preventive-default_nocovid,"YF:YF,routine,with:default_nocovid",YF,total,routine,MLI,Mali,2058,0,0,<NA>,<NA>,0.9000000000000000222,both,<NA>
yf-preventive-default_nocovid,"YF:YF,routine,with:default_nocovid",YF,total,routine,MLI,Mali,2059,0,0,<NA>,<NA>,0.9000000000000000222,both,<NA>
yf-preventive-default_nocovid,"YF:YF,routine,with:default_nocovid",YF,total,routine,MLI,Mali,2060,0,0,<NA>,<NA>,0.9000000000000000222,both,<NA>
yf-preventive-default_nocovid,"YF:YF,routine,with:default_nocovid",YF,total,routine,MLI,Mali,2061,0,0,<NA>,<NA>,0.9000000000000000222,both,<NA>
yf-preventive-default_nocovid,"YF:YF,routine,with:default_nocovid",YF,total,routine,MLI,Mali,2062,0,0,<NA>,<NA>,0.9000000000000000222,both,<NA>
yf-preventive-default_nocovid,"YF:YF,routine,with:default_nocovid",YF,total,routine,MLI,Mali,2063,0,0,<NA>,<NA>,0.9000000000000000222,both,<NA>
yf-preventive-default_nocovid,"YF:YF,routine,with:default_nocovid",YF,total,routine,MLI,Mali,2064,0,0,<NA>,<NA>,0.9000000000000000222,both,<NA>
yf-preventive-default_nocovid,"YF:YF,routine,with:default_nocovid",YF,total,routine,MLI,Mali,2065,0,0,<NA>,<NA>,0.9000000000000000222,both,<NA>
yf-preventive-default_nocovid,"YF:YF,routine,with:default_nocovid",YF,total,routine,MLI,Mali,2066,0,0,<NA>,<NA>,0.9000000000000000222,both,<NA>
yf-preventive-default_nocovid,"YF:YF,routine,with:default_nocovid",YF,total,routine,MLI,Mali,2067,0,0,<NA>,<NA>,0.9000000000000000222,both,<NA>
yf-preventive-default_nocovid,"YF:YF,routine,with:default_nocovid",YF,total,routine,MLI,Mali,2068,0,0,<NA>,<NA>,0.9000000000000000222,both,<NA>
yf-preventive-default_nocovid,"YF:YF,routine,with:default_nocovid",YF,total,routine,MLI,Mali,2069,0,0,<NA>,<NA>,0.9000000000000000222,both,<NA>
yf-preventive-default_nocovid,"YF:YF,routine,with:default_nocovid",YF,total,routine,MLI,Mali,2070,0,0,<NA>,<NA>,0.9000000000000000222,both,<NA>
yf-preventive-default_nocovid,"YF:YF,routine,with:default_nocovid",YF,total,routine,MLI,Mali,2071,0,0,<NA>,<NA>,0.9000000000000000222,both,<NA>
yf-preventive-default_nocovid,"YF:YF,routine,with:default_nocovid",YF,total,routine,MLI,Mali,2072,0,0,<NA>,<NA>,0.9000000000000000222,both,<NA>
yf-preventive-default_nocovid,"YF:YF,routine,with:default_nocovid",YF,total,routine,MLI,Mali,2073,0,0,<NA>,<NA>,0.9000000000000000222,both,<NA>
yf-preventive-default_nocovid,"YF:YF,routine,with:default_nocovid",YF,total,routine,MLI,Mali,2074,0,0,<NA>,<NA>,0.9000000000000000222,both,<NA>
yf-preventive-default_nocovid,"YF:YF,routine,with:default_nocovid",YF,total,routine,MLI,Mali,2075,0,0,<NA>,<NA>,0.9000000000000000222,both,<NA>
yf-preventive-default_nocovid,"YF:YF,routine,with:default_nocovid",YF,total,routine,MLI,Mali,2076,0,0,<NA>,<NA>,0.9000000000000000222,both,<NA>
yf-preventive-default_nocovid,"YF:YF,routine,with:default_nocovid",YF,total,routine,MLI,Mali,2077,0,0,<NA>,<NA>,0.9000000000000000222,both,<NA>
yf-preventive-default_nocovid,"YF:YF,routine,with:default_nocovid",YF,total,routine,MLI,Mali,2078,0,0,<NA>,<NA>,0.9000000000000000222,both,<NA>
yf-preventive-default_nocovid,"YF:YF,routine,with:default_nocovid",YF,total,routine,MLI,Mali,2079,0,0,<NA>,<NA>,0.9000000000000000222,both,<NA>
yf-preventive-default_nocovid,"YF:YF,routine,with:default_nocovid",YF,total,routine,MLI,Mali,2080,0,0,<NA>,<NA>,0.9000000000000000222,both,<NA>
yf-preventive-default_nocovid,"YF:YF,routine,with:default_nocovid",YF,total,routine,MLI,Mali,2081,0,0,<NA>,<NA>,0.9000000000000000222,both,<NA>
yf-preventive-default_nocovid,"YF:YF,routine,with:default_nocovid",YF,total,routine,MLI,Mali,2082,0,0,<NA>,<NA>,0.9000000000000000222,both,<NA>
yf-preventive-default_nocovid,"YF:YF,routine,with:default_nocovid",YF,total,routine,MLI,Mali,2083,0,0,<NA>,<NA>,0.9000000000000000222,both,<NA>
yf-preventive-default_nocovid,"YF:YF,routine,with:default_nocovid",YF,total,routine,MLI,Mali,2084,0,0,<NA>,<NA>,0.9000000000000000222,both,<NA>
yf-preventive-default_nocovid,"YF:YF,routine,with:default_nocovid",YF,total,routine,MLI,Mali,2085,0,0,<NA>,<NA>,0.9000000000000000222,both,<NA>
yf-preventive-default_nocovid,"YF:YF,routine,with:default_nocovid",YF,total,routine,MLI,Mali,2086,0,0,<NA>,<NA>,0.9000000000000000222,both,<NA>
yf-preventive-default_nocovid,"YF:YF,routine,with:default_nocovid",YF,total,routine,MLI,Mali,2087,0,0,<NA>,<NA>,0.9000000000000000222,both,<NA>
yf-preventive-default_nocovid,"YF:YF,routine,with:default_nocovid",YF,total,routine,MLI,Mali,2088,0,0,<NA>,<NA>,0.9000000000000000222,both,<NA>
yf-preventive-default_nocovid,"YF:YF,routine,with:default_nocovid",YF,total,routine,MLI,Mali,2089,0,0,<NA>,<NA>,0.9000000000000000222,both,<NA>
yf-preventive-default_nocovid,"YF:YF,routine,with:default_nocovid",YF,total,routine,MLI,Mali,2090,0,0,<NA>,<NA>,0.9000000000000000222,both,<NA>
yf-preventive-default_nocovid,"YF:YF,routine,with:default_nocovid",YF,total,routine,MLI,Mali,2091,0,0,<NA>,<NA>,0.9000000000000000222,both,<NA>
yf-preventive-default_nocovid,"YF:YF,routine,with:default_nocovid",YF,total,routine,MLI,Mali,2092,0,0,<NA>,<NA>,0.9000000000000000222,both,<NA>
yf-preventive-default_nocovid,"YF:YF,routine,with:default_nocovid",YF,total,routine,MLI,Mali,2093,0,0,<NA>,<NA>,0.9000000000000000222,both,<NA>
yf-preventive-default_nocovid,"YF:YF,routine,with:default_nocovid",YF,total,routine,MLI,Mali,2094,0,0,<NA>,<NA>,0.9000000000000000222,both,<NA>
yf-preventive-default_nocovid,"YF:YF,routine,with:default_nocovid",YF,total,routine,MLI,Mali,2095,0,0,<NA>,<NA>,0.9000000000000000222,both,<NA>
yf-preventive-default_nocovid,"YF:YF,routine,with:default_nocovid",YF,total,routine,MLI,Mali,2096,0,0,<NA>,<NA>,0.9000000000000000222,both,<NA>
yf-preventive-default_nocovid,"YF:YF,routine,with:default_nocovid",YF,total,routine,MLI,Mali,2097,0,0,<NA>,<NA>,0.9000000000000000222,both,<NA>
yf-preventive-default_nocovid,"YF:YF,routine,with:default_nocovid",YF,total,routine,MLI,Mali,2098,0,0,<NA>,<NA>,0.9000000000000000222,both,<NA>
yf-preventive-default_nocovid,"YF:YF,routine,with:default_nocovid",YF,total,routine,MLI,Mali,2099,0,0,<NA>,<NA>,0.9000000000000000222,both,<NA>
yf-preventive-default_nocovid,"YF:YF,routine,with:default_nocovid",YF,total,routine,MLI,Mali,2100,0,0,<NA>,<NA>,0.9000000000000000222,both,<NA>
yf-preventive-default_nocovid,"YF:YF,routine,with:default_nocovid",YF,total,routine,MRT,Mauritania,2022,0,0,<NA>,<NA>,0,both,<NA>
yf-preventive-default_nocovid,"YF:YF,routine,with:default_nocovid",YF,total,routine,MRT,Mauritania,2023,0,0,<NA>,<NA>,0,both,<NA>
yf-preventive-default_nocovid,"YF:YF,routine,with:default_nocovid",YF,total,routine,MRT,Mauritania,2024,0,0,<NA>,<NA>,0,both,<NA>
yf-preventive-default_nocovid,"YF:YF,routine,with:default_nocovid",YF,total,routine,MRT,Mauritania,2025,0,0,<NA>,<NA>,0,both,<NA>
yf-preventive-default_nocovid,"YF:YF,routine,with:default_nocovid",YF,total,routine,MRT,Mauritania,2026,0,0,<NA>,<NA>,0.80658015983901432122,both,<NA>
yf-preventive-default_nocovid,"YF:YF,routine,with:default_nocovid",YF,total,routine,MRT,Mauritania,2027,0,0,<NA>,<NA>,0.80571562488868342378,both,<NA>
yf-preventive-default_nocovid,"YF:YF,routine,with:default_nocovid",YF,total,routine,MRT,Mauritania,2028,0,0,<NA>,<NA>,0.80484722569836675277,both,<NA>
yf-preventive-default_nocovid,"YF:YF,routine,with:default_nocovid",YF,total,routine,MRT,Mauritania,2029,0,0,<NA>,<NA>,0.80397494499594557293,both,<NA>
yf-preventive-default_nocovid,"YF:YF,routine,with:default_nocovid",YF,total,routine,MRT,Mauritania,2030,0,0,<NA>,<NA>,0.8030987654320987934,both,<NA>
yf-preventive-default_nocovid,"YF:YF,routine,with:default_nocovid",YF,total,routine,MRT,Mauritania,2031,0,0,<NA>,<NA>,0.81309876543209880229,both,<NA>
yf-preventive-default_nocovid,"YF:YF,routine,with:default_nocovid",YF,total,routine,MRT,Mauritania,2032,0,0,<NA>,<NA>,0.82309876543209881117,both,<NA>
yf-preventive-default_nocovid,"YF:YF,routine,with:default_nocovid",YF,total,routine,MRT,Mauritania,2033,0,0,<NA>,<NA>,0.83309876543209882005,both,<NA>
yf-preventive-default_nocovid,"YF:YF,routine,with:default_nocovid",YF,total,routine,MRT,Mauritania,2034,0,0,<NA>,<NA>,0.84309876543209882893,both,<NA>
yf-preventive-default_nocovid,"YF:YF,routine,with:default_nocovid",YF,total,routine,MRT,Mauritania,2035,0,0,<NA>,<NA>,0.85309876543209883781,both,<NA>
yf-preventive-default_nocovid,"YF:YF,routine,with:default_nocovid",YF,total,routine,MRT,Mauritania,2036,0,0,<NA>,<NA>,0.86309876543209873567,both,<NA>
yf-preventive-default_nocovid,"YF:YF,routine,with:default_nocovid",YF,total,routine,MRT,Mauritania,2037,0,0,<NA>,<NA>,0.87309876543209874455,both,<NA>
yf-preventive-default_nocovid,"YF:YF,routine,with:default_nocovid",YF,total,routine,MRT,Mauritania,2038,0,0,<NA>,<NA>,0.88309876543209875344,both,<NA>
yf-preventive-default_nocovid,"YF:YF,routine,with:default_nocovid",YF,total,routine,MRT,Mauritania,2039,0,0,<NA>,<NA>,0.89309876543209876232,both,<NA>
yf-preventive-default_nocovid,"YF:YF,routine,with:default_nocovid",YF,total,routine,MRT,Mauritania,2040,0,0,<NA>,<NA>,0.9000000000000000222,both,<NA>
yf-preventive-default_nocovid,"YF:YF,routine,with:default_nocovid",YF,total,routine,MRT,Mauritania,2041,0,0,<NA>,<NA>,0.9000000000000000222,both,<NA>
yf-preventive-default_nocovid,"YF:YF,routine,with:default_nocovid",YF,total,routine,MRT,Mauritania,2042,0,0,<NA>,<NA>,0.9000000000000000222,both,<NA>
yf-preventive-default_nocovid,"YF:YF,routine,with:default_nocovid",YF,total,routine,MRT,Mauritania,2043,0,0,<NA>,<NA>,0.9000000000000000222,both,<NA>
yf-preventive-default_nocovid,"YF:YF,routine,with:default_nocovid",YF,total,routine,MRT,Mauritania,2044,0,0,<NA>,<NA>,0.9000000000000000222,both,<NA>
yf-preventive-default_nocovid,"YF:YF,routine,with:default_nocovid",YF,total,routine,MRT,Mauritania,2045,0,0,<NA>,<NA>,0.9000000000000000222,both,<NA>
yf-preventive-default_nocovid,"YF:YF,routine,with:default_nocovid",YF,total,routine,MRT,Mauritania,2046,0,0,<NA>,<NA>,0.9000000000000000222,both,<NA>
yf-preventive-default_nocovid,"YF:YF,routine,with:default_nocovid",YF,total,routine,MRT,Mauritania,2047,0,0,<NA>,<NA>,0.9000000000000000222,both,<NA>
yf-preventive-default_nocovid,"YF:YF,routine,with:default_nocovid",YF,total,routine,MRT,Mauritania,2048,0,0,<NA>,<NA>,0.9000000000000000222,both,<NA>
yf-preventive-default_nocovid,"YF:YF,routine,with:default_nocovid",YF,total,routine,MRT,Mauritania,2049,0,0,<NA>,<NA>,0.9000000000000000222,both,<NA>
yf-preventive-default_nocovid,"YF:YF,routine,with:default_nocovid",YF,total,routine,MRT,Mauritania,2050,0,0,<NA>,<NA>,0.9000000000000000222,both,<NA>
yf-preventive-default_nocovid,"YF:YF,routine,with:default_nocovid",YF,total,routine,MRT,Mauritania,2051,0,0,<NA>,<NA>,0.9000000000000000222,both,<NA>
yf-preventive-default_nocovid,"YF:YF,routine,with:default_nocovid",YF,total,routine,MRT,Mauritania,2052,0,0,<NA>,<NA>,0.9000000000000000222,both,<NA>
yf-preventive-default_nocovid,"YF:YF,routine,with:default_nocovid",YF,total,routine,MRT,Mauritania,2053,0,0,<NA>,<NA>,0.9000000000000000222,both,<NA>
yf-preventive-default_nocovid,"YF:YF,routine,with:default_nocovid",YF,total,routine,MRT,Mauritania,2054,0,0,<NA>,<NA>,0.9000000000000000222,both,<NA>
yf-preventive-default_nocovid,"YF:YF,routine,with:default_nocovid",YF,total,routine,MRT,Mauritania,2055,0,0,<NA>,<NA>,0.9000000000000000222,both,<NA>
yf-preventive-default_nocovid,"YF:YF,routine,with:default_nocovid",YF,total,routine,MRT,Mauritania,2056,0,0,<NA>,<NA>,0.9000000000000000222,both,<NA>
yf-preventive-default_nocovid,"YF:YF,routine,with:default_nocovid",YF,total,routine,MRT,Mauritania,2057,0,0,<NA>,<NA>,0.9000000000000000222,both,<NA>
yf-preventive-default_nocovid,"YF:YF,routine,with:default_nocovid",YF,total,routine,MRT,Mauritania,2058,0,0,<NA>,<NA>,0.9000000000000000222,both,<NA>
yf-preventive-default_nocovid,"YF:YF,routine,with:default_nocovid",YF,total,routine,MRT,Mauritania,2059,0,0,<NA>,<NA>,0.9000000000000000222,both,<NA>
yf-preventive-default_nocovid,"YF:YF,routine,with:default_nocovid",YF,total,routine,MRT,Mauritania,2060,0,0,<NA>,<NA>,0.9000000000000000222,both,<NA>
yf-preventive-default_nocovid,"YF:YF,routine,with:default_nocovid",YF,total,routine,MRT,Mauritania,2061,0,0,<NA>,<NA>,0.9000000000000000222,both,<NA>
yf-preventive-default_nocovid,"YF:YF,routine,with:default_nocovid",YF,total,routine,MRT,Mauritania,2062,0,0,<NA>,<NA>,0.9000000000000000222,both,<NA>
yf-preventive-default_nocovid,"YF:YF,routine,with:default_nocovid",YF,total,routine,MRT,Mauritania,2063,0,0,<NA>,<NA>,0.9000000000000000222,both,<NA>
yf-preventive-default_nocovid,"YF:YF,routine,with:default_nocovid",YF,total,routine,MRT,Mauritania,2064,0,0,<NA>,<NA>,0.9000000000000000222,both,<NA>
yf-preventive-default_nocovid,"YF:YF,routine,with:default_nocovid",YF,total,routine,MRT,Mauritania,2065,0,0,<NA>,<NA>,0.9000000000000000222,both,<NA>
yf-preventive-default_nocovid,"YF:YF,routine,with:default_nocovid",YF,total,routine,MRT,Mauritania,2066,0,0,<NA>,<NA>,0.9000000000000000222,both,<NA>
yf-preventive-default_nocovid,"YF:YF,routine,with:default_nocovid",YF,total,routine,MRT,Mauritania,2067,0,0,<NA>,<NA>,0.9000000000000000222,both,<NA>
yf-preventive-default_nocovid,"YF:YF,routine,with:default_nocovid",YF,total,routine,MRT,Mauritania,2068,0,0,<NA>,<NA>,0.9000000000000000222,both,<NA>
yf-preventive-default_nocovid,"YF:YF,routine,with:default_nocovid",YF,total,routine,MRT,Mauritania,2069,0,0,<NA>,<NA>,0.9000000000000000222,both,<NA>
yf-preventive-default_nocovid,"YF:YF,routine,with:default_nocovid",YF,total,routine,MRT,Mauritania,2070,0,0,<NA>,<NA>,0.9000000000000000222,both,<NA>
yf-preventive-default_nocovid,"YF:YF,routine,with:default_nocovid",YF,total,routine,MRT,Mauritania,2071,0,0,<NA>,<NA>,0.9000000000000000222,both,<NA>
yf-preventive-default_nocovid,"YF:YF,routine,with:default_nocovid",YF,total,routine,MRT,Mauritania,2072,0,0,<NA>,<NA>,0.9000000000000000222,both,<NA>
yf-preventive-default_nocovid,"YF:YF,routine,with:default_nocovid",YF,total,routine,MRT,Mauritania,2073,0,0,<NA>,<NA>,0.9000000000000000222,both,<NA>
yf-preventive-default_nocovid,"YF:YF,routine,with:default_nocovid",YF,total,routine,MRT,Mauritania,2074,0,0,<NA>,<NA>,0.9000000000000000222,both,<NA>
yf-preventive-default_nocovid,"YF:YF,routine,with:default_nocovid",YF,total,routine,MRT,Mauritania,2075,0,0,<NA>,<NA>,0.9000000000000000222,both,<NA>
yf-preventive-default_nocovid,"YF:YF,routine,with:default_nocovid",YF,total,routine,MRT,Mauritania,2076,0,0,<NA>,<NA>,0.9000000000000000222,both,<NA>
yf-preventive-default_nocovid,"YF:YF,routine,with:default_nocovid",YF,total,routine,MRT,Mauritania,2077,0,0,<NA>,<NA>,0.9000000000000000222,both,<NA>
yf-preventive-default_nocovid,"YF:YF,routine,with:default_nocovid",YF,total,routine,MRT,Mauritania,2078,0,0,<NA>,<NA>,0.9000000000000000222,both,<NA>
yf-preventive-default_nocovid,"YF:YF,routine,with:default_nocovid",YF,total,routine,MRT,Mauritania,2079,0,0,<NA>,<NA>,0.9000000000000000222,both,<NA>
yf-preventive-default_nocovid,"YF:YF,routine,with:default_nocovid",YF,total,routine,MRT,Mauritania,2080,0,0,<NA>,<NA>,0.9000000000000000222,both,<NA>
yf-preventive-default_nocovid,"YF:YF,routine,with:default_nocovid",YF,total,routine,MRT,Mauritania,2081,0,0,<NA>,<NA>,0.9000000000000000222,both,<NA>
yf-preventive-default_nocovid,"YF:YF,routine,with:default_nocovid",YF,total,routine,MRT,Mauritania,2082,0,0,<NA>,<NA>,0.9000000000000000222,both,<NA>
yf-preventive-default_nocovid,"YF:YF,routine,with:default_nocovid",YF,total,routine,MRT,Mauritania,2083,0,0,<NA>,<NA>,0.9000000000000000222,both,<NA>
yf-preventive-default_nocovid,"YF:YF,routine,with:default_nocovid",YF,total,routine,MRT,Mauritania,2084,0,0,<NA>,<NA>,0.9000000000000000222,both,<NA>
yf-preventive-default_nocovid,"YF:YF,routine,with:default_nocovid",YF,total,routine,MRT,Mauritania,2085,0,0,<NA>,<NA>,0.9000000000000000222,both,<NA>
yf-preventive-default_nocovid,"YF:YF,routine,with:default_nocovid",YF,total,routine,MRT,Mauritania,2086,0,0,<NA>,<NA>,0.9000000000000000222,both,<NA>
yf-preventive-default_nocovid,"YF:YF,routine,with:default_nocovid",YF,total,routine,MRT,Mauritania,2087,0,0,<NA>,<NA>,0.9000000000000000222,both,<NA>
yf-preventive-default_nocovid,"YF:YF,routine,with:default_nocovid",YF,total,routine,MRT,Mauritania,2088,0,0,<NA>,<NA>,0.9000000000000000222,both,<NA>
yf-preventive-default_nocovid,"YF:YF,routine,with:default_nocovid",YF,total,routine,MRT,Mauritania,2089,0,0,<NA>,<NA>,0.9000000000000000222,both,<NA>
yf-preventive-default_nocovid,"YF:YF,routine,with:default_nocovid",YF,total,routine,MRT,Mauritania,2090,0,0,<NA>,<NA>,0.9000000000000000222,both,<NA>
yf-preventive-default_nocovid,"YF:YF,routine,with:default_nocovid",YF,total,routine,MRT,Mauritania,2091,0,0,<NA>,<NA>,0.9000000000000000222,both,<NA>
yf-preventive-default_nocovid,"YF:YF,routine,with:default_nocovid",YF,total,routine,MRT,Mauritania,2092,0,0,<NA>,<NA>,0.9000000000000000222,both,<NA>
yf-preventive-default_nocovid,"YF:YF,routine,with:default_nocovid",YF,total,routine,MRT,Mauritania,2093,0,0,<NA>,<NA>,0.9000000000000000222,both,<NA>
yf-preventive-default_nocovid,"YF:YF,routine,with:default_nocovid",YF,total,routine,MRT,Mauritania,2094,0,0,<NA>,<NA>,0.9000000000000000222,both,<NA>
yf-preventive-default_nocovid,"YF:YF,routine,with:default_nocovid",YF,total,routine,MRT,Mauritania,2095,0,0,<NA>,<NA>,0.9000000000000000222,both,<NA>
yf-preventive-default_nocovid,"YF:YF,routine,with:default_nocovid",YF,total,routine,MRT,Mauritania,2096,0,0,<NA>,<NA>,0.9000000000000000222,both,<NA>
yf-preventive-default_nocovid,"YF:YF,routine,with:default_nocovid",YF,total,routine,MRT,Mauritania,2097,0,0,<NA>,<NA>,0.9000000000000000222,both,<NA>
yf-preventive-default_nocovid,"YF:YF,routine,with:default_nocovid",YF,total,routine,MRT,Mauritania,2098,0,0,<NA>,<NA>,0.9000000000000000222,both,<NA>
yf-preventive-default_nocovid,"YF:YF,routine,with:default_nocovid",YF,total,routine,MRT,Mauritania,2099,0,0,<NA>,<NA>,0.9000000000000000222,both,<NA>
yf-preventive-default_nocovid,"YF:YF,routine,with:default_nocovid",YF,total,routine,MRT,Mauritania,2100,0,0,<NA>,<NA>,0.9000000000000000222,both,<NA>
yf-preventive-default_nocovid,"YF:YF,routine,with:default_nocovid",YF,total,routine,NER,Niger,1980,0,0,use default routine age for this projection,<NA>,0,both,<NA>
yf-preventive-default_nocovid,"YF:YF,routine,with:default_nocovid",YF,total,routine,NER,Niger,1981,0,0,use default routine age for this projection,<NA>,0,both,<NA>
yf-preventive-default_nocovid,"YF:YF,routine,with:default_nocovid",YF,total,routine,NER,Niger,1982,0,0,use default routine age for this projection,<NA>,0,both,<NA>
yf-preventive-default_nocovid,"YF:YF,routine,with:default_nocovid",YF,total,routine,NER,Niger,1983,0,0,use default routine age for this projection,<NA>,0,both,<NA>
yf-preventive-default_nocovid,"YF:YF,routine,with:default_nocovid",YF,total,routine,NER,Niger,1984,0,0,use default routine age for this projection,<NA>,0,both,<NA>
yf-preventive-default_nocovid,"YF:YF,routine,with:default_nocovid",YF,total,routine,NER,Niger,1985,0,0,use default routine age for this projection,<NA>,0,both,<NA>
yf-preventive-default_nocovid,"YF:YF,routine,with:default_nocovid",YF,total,routine,NER,Niger,1986,0,0,use default routine age for this projection,<NA>,0,both,<NA>
yf-preventive-default_nocovid,"YF:YF,routine,with:default_nocovid",YF,total,routine,NER,Niger,1987,0,0,use default routine age for this projection,<NA>,0,both,<NA>
yf-preventive-default_nocovid,"YF:YF,routine,with:default_nocovid",YF,total,routine,NER,Niger,1988,0,0,use default routine age for this projection,<NA>,0,both,<NA>
yf-preventive-default_nocovid,"YF:YF,routine,with:default_nocovid",YF,total,routine,NER,Niger,1989,0,0,use default routine age for this projection,<NA>,0,both,<NA>
yf-preventive-default_nocovid,"YF:YF,routine,with:default_nocovid",YF,total,routine,NER,Niger,1990,0,0,use default routine age for this projection,<NA>,0,both,<NA>
yf-preventive-default_nocovid,"YF:YF,routine,with:default_nocovid",YF,total,routine,NER,Niger,1991,0,0,use default routine age for this projection,<NA>,0,both,<NA>
yf-preventive-default_nocovid,"YF:YF,routine,with:default_nocovid",YF,total,routine,NER,Niger,1992,0,0,use default routine age for this projection,<NA>,0,both,<NA>
yf-preventive-default_nocovid,"YF:YF,routine,with:default_nocovid",YF,total,routine,NER,Niger,1993,0,0,use default routine age for this projection,<NA>,0,both,<NA>
yf-preventive-default_nocovid,"YF:YF,routine,with:default_nocovid",YF,total,routine,NER,Niger,1994,0,0,use default routine age for this projection,<NA>,0,both,<NA>
yf-preventive-default_nocovid,"YF:YF,routine,with:default_nocovid",YF,total,routine,NER,Niger,1995,0,0,use default routine age for this projection,<NA>,0,both,<NA>
yf-preventive-default_nocovid,"YF:YF,routine,with:default_nocovid",YF,total,routine,NER,Niger,1996,0,0,use default routine age for this projection,<NA>,0,both,<NA>
yf-preventive-default_nocovid,"YF:YF,routine,with:default_nocovid",YF,total,routine,NER,Niger,1997,0,0,use default routine age for this projection,<NA>,0,both,<NA>
yf-preventive-default_nocovid,"YF:YF,routine,with:default_nocovid",YF,total,routine,NER,Niger,1998,0,0,use default routine age for this projection,<NA>,0,both,<NA>
yf-preventive-default_nocovid,"YF:YF,routine,with:default_nocovid",YF,total,routine,NER,Niger,1999,0,0,use default routine age for this projection,<NA>,0,both,<NA>
yf-preventive-default_nocovid,"YF:YF,routine,with:default_nocovid",YF,total,routine,NER,Niger,2000,0,0,default routine age,<NA>,0.10000000000000000555,both,<NA>
yf-preventive-default_nocovid,"YF:YF,routine,with:default_nocovid",YF,total,routine,NER,Niger,2001,0,0,default routine age,<NA>,0.14999999999999999445,both,<NA>
yf-preventive-default_nocovid,"YF:YF,routine,with:default_nocovid",YF,total,routine,NER,Niger,2002,0,0,default routine age,<NA>,0.20999999999999999223,both,<NA>
yf-preventive-default_nocovid,"YF:YF,routine,with:default_nocovid",YF,total,routine,NER,Niger,2003,0,0,default routine age,<NA>,0.26000000000000000888,both,<NA>
yf-preventive-default_nocovid,"YF:YF,routine,with:default_nocovid",YF,total,routine,NER,Niger,2004,0,0,default routine age,<NA>,0.32000000000000000666,both,<NA>
yf-preventive-default_nocovid,"YF:YF,routine,with:default_nocovid",YF,total,routine,NER,Niger,2005,0,0,default routine age,<NA>,0.36999999999999999556,both,<NA>
yf-preventive-default_nocovid,"YF:YF,routine,with:default_nocovid",YF,total,routine,NER,Niger,2006,0,0,default routine age,<NA>,0.32000000000000000666,both,<NA>
yf-preventive-default_nocovid,"YF:YF,routine,with:default_nocovid",YF,total,routine,NER,Niger,2007,0,0,default routine age,<NA>,0.36999999999999999556,both,<NA>
yf-preventive-default_nocovid,"YF:YF,routine,with:default_nocovid",YF,total,routine,NER,Niger,2008,0,0,default routine age,<NA>,0.46999999999999997335,both,<NA>
yf-preventive-default_nocovid,"YF:YF,routine,with:default_nocovid",YF,total,routine,NER,Niger,2009,0,0,default routine age,<NA>,0.67000000000000003997,both,<NA>
yf-preventive-default_nocovid,"YF:YF,routine,with:default_nocovid",YF,total,routine,NER,Niger,2010,0,0,default routine age,<NA>,0.64000000000000001332,both,<NA>
yf-preventive-default_nocovid,"YF:YF,routine,with:default_nocovid",YF,total,routine,NER,Niger,2011,0,0,default routine age,<NA>,0.52000000000000001776,both,<NA>
yf-preventive-default_nocovid,"YF:YF,routine,with:default_nocovid",YF,total,routine,NER,Niger,2012,0,0,default routine age,<NA>,0.72999999999999998224,both,<NA>
yf-preventive-default_nocovid,"YF:YF,routine,with:default_nocovid",YF,total,routine,NER,Niger,2013,0,0,default routine age,<NA>,0.75,both,<NA>
yf-preventive-default_nocovid,"YF:YF,routine,with:default_nocovid",YF,total,routine,NER,Niger,2014,0,0,default routine age,<NA>,0.79000000000000003553,both,<NA>
yf-preventive-default_nocovid,"YF:YF,routine,with:default_nocovid",YF,total,routine,NER,Niger,2015,0,0,default routine age,<NA>,0.83999999999999996891,both,<NA>
yf-preventive-default_nocovid,"YF:YF,routine,with:default_nocovid",YF,total,routine,NER,Niger,2016,0,0,default routine age,<NA>,0.76000000000000000888,both,<NA>
yf-preventive-default_nocovid,"YF:YF,routine,with:default_nocovid",YF,total,routine,NER,Niger,2017,0,0,default routine age,<NA>,0.81999999999999995115,both,<NA>
yf-preventive-default_nocovid,"YF:YF,routine,with:default_nocovid",YF,total,routine,NER,Niger,2018,0,0,default routine age,<NA>,0.78000000000000002665,both,<NA>
yf-preventive-default_nocovid,"YF:YF,routine,with:default_nocovid",YF,total,routine,NER,Niger,2019,0,0,default routine age,<NA>,0.82999999999999996003,both,<NA>
yf-preventive-default_nocovid,"YF:YF,routine,with:default_nocovid",YF,total,routine,NER,Niger,2020,0,0,default routine age,<NA>,0.85627929432754934513,both,<NA>
yf-preventive-default_nocovid,"YF:YF,routine,with:default_nocovid",YF,total,routine,NER,Niger,2021,0,0,default routine age,<NA>,0.87908802085665849191,both,<NA>
yf-preventive-default_nocovid,"YF:YF,routine,with:default_nocovid",YF,total,routine,NER,Niger,2022,0,0,<NA>,<NA>,0.87363829007071347466,both,<NA>
yf-preventive-default_nocovid,"YF:YF,routine,with:default_nocovid",YF,total,routine,NER,Niger,2023,0,0,<NA>,<NA>,0.86794292964699648607,both,<NA>
yf-preventive-default_nocovid,"YF:YF,routine,with:default_nocovid",YF,total,routine,NER,Niger,2024,0,0,<NA>,<NA>,0.86199086859478835088,both,<NA>
yf-preventive-default_nocovid,"YF:YF,routine,with:default_nocovid",YF,total,routine,NER,Niger,2025,0,0,<NA>,<NA>,0.85577053693295301873,both,<NA>
yf-preventive-default_nocovid,"YF:YF,routine,with:default_nocovid",YF,total,routine,NER,Niger,2026,0,0,<NA>,<NA>,0.84926984319949760938,both,<NA>
yf-preventive-default_nocovid,"YF:YF,routine,with:default_nocovid",YF,total,routine,NER,Niger,2027,0,0,<NA>,<NA>,0.84247615094744865427,both,<NA>
yf-preventive-default_nocovid,"YF:YF,routine,with:default_nocovid",YF,total,routine,NER,Niger,2028,0,0,<NA>,<NA>,0.83537625418135130761,both,<NA>
yf-preventive-default_nocovid,"YF:YF,routine,with:default_nocovid",YF,total,routine,NER,Niger,2029,0,0,<NA>,<NA>,0.82795635168664571957,both,<NA>
yf-preventive-default_nocovid,"YF:YF,routine,with:default_nocovid",YF,total,routine,NER,Niger,2030,0,0,<NA>,<NA>,0.82020202020202026549,both,<NA>
yf-preventive-default_nocovid,"YF:YF,routine,with:default_nocovid",YF,total,routine,NER,Niger,2031,0,0,<NA>,<NA>,0.83020202020202027438,both,<NA>
yf-preventive-default_nocovid,"YF:YF,routine,with:default_nocovid",YF,total,routine,NER,Niger,2032,0,0,<NA>,<NA>,0.84020202020202028326,both,<NA>
yf-preventive-default_nocovid,"YF:YF,routine,with:default_nocovid",YF,total,routine,NER,Niger,2033,0,0,<NA>,<NA>,0.85020202020202029214,both,<NA>
yf-preventive-default_nocovid,"YF:YF,routine,with:default_nocovid",YF,total,routine,NER,Niger,2034,0,0,<NA>,<NA>,0.86020202020202030102,both,<NA>
yf-preventive-default_nocovid,"YF:YF,routine,with:default_nocovid",YF,total,routine,NER,Niger,2035,0,0,<NA>,<NA>,0.8702020202020203099,both,<NA>
yf-preventive-default_nocovid,"YF:YF,routine,with:default_nocovid",YF,total,routine,NER,Niger,2036,0,0,<NA>,<NA>,0.88020202020202020776,both,<NA>
yf-preventive-default_nocovid,"YF:YF,routine,with:default_nocovid",YF,total,routine,NER,Niger,2037,0,0,<NA>,<NA>,0.89020202020202021664,both,<NA>
yf-preventive-default_nocovid,"YF:YF,routine,with:default_nocovid",YF,total,routine,NER,Niger,2038,0,0,<NA>,<NA>,0.9000000000000000222,both,<NA>
yf-preventive-default_nocovid,"YF:YF,routine,with:default_nocovid",YF,total,routine,NER,Niger,2039,0,0,<NA>,<NA>,0.9000000000000000222,both,<NA>
yf-preventive-default_nocovid,"YF:YF,routine,with:default_nocovid",YF,total,routine,NER,Niger,2040,0,0,<NA>,<NA>,0.9000000000000000222,both,<NA>
yf-preventive-default_nocovid,"YF:YF,routine,with:default_nocovid",YF,total,routine,NER,Niger,2041,0,0,<NA>,<NA>,0.9000000000000000222,both,<NA>
yf-preventive-default_nocovid,"YF:YF,routine,with:default_nocovid",YF,total,routine,NER,Niger,2042,0,0,<NA>,<NA>,0.9000000000000000222,both,<NA>
yf-preventive-default_nocovid,"YF:YF,routine,with:default_nocovid",YF,total,routine,NER,Niger,2043,0,0,<NA>,<NA>,0.9000000000000000222,both,<NA>
yf-preventive-default_nocovid,"YF:YF,routine,with:default_nocovid",YF,total,routine,NER,Niger,2044,0,0,<NA>,<NA>,0.9000000000000000222,both,<NA>
yf-preventive-default_nocovid,"YF:YF,routine,with:default_nocovid",YF,total,routine,NER,Niger,2045,0,0,<NA>,<NA>,0.9000000000000000222,both,<NA>
yf-preventive-default_nocovid,"YF:YF,routine,with:default_nocovid",YF,total,routine,NER,Niger,2046,0,0,<NA>,<NA>,0.9000000000000000222,both,<NA>
yf-preventive-default_nocovid,"YF:YF,routine,with:default_nocovid",YF,total,routine,NER,Niger,2047,0,0,<NA>,<NA>,0.9000000000000000222,both,<NA>
yf-preventive-default_nocovid,"YF:YF,routine,with:default_nocovid",YF,total,routine,NER,Niger,2048,0,0,<NA>,<NA>,0.9000000000000000222,both,<NA>
yf-preventive-default_nocovid,"YF:YF,routine,with:default_nocovid",YF,total,routine,NER,Niger,2049,0,0,<NA>,<NA>,0.9000000000000000222,both,<NA>
yf-preventive-default_nocovid,"YF:YF,routine,with:default_nocovid",YF,total,routine,NER,Niger,2050,0,0,<NA>,<NA>,0.9000000000000000222,both,<NA>
yf-preventive-default_nocovid,"YF:YF,routine,with:default_nocovid",YF,total,routine,NER,Niger,2051,0,0,<NA>,<NA>,0.9000000000000000222,both,<NA>
yf-preventive-default_nocovid,"YF:YF,routine,with:default_nocovid",YF,total,routine,NER,Niger,2052,0,0,<NA>,<NA>,0.9000000000000000222,both,<NA>
yf-preventive-default_nocovid,"YF:YF,routine,with:default_nocovid",YF,total,routine,NER,Niger,2053,0,0,<NA>,<NA>,0.9000000000000000222,both,<NA>
yf-preventive-default_nocovid,"YF:YF,routine,with:default_nocovid",YF,total,routine,NER,Niger,2054,0,0,<NA>,<NA>,0.9000000000000000222,both,<NA>
yf-preventive-default_nocovid,"YF:YF,routine,with:default_nocovid",YF,total,routine,NER,Niger,2055,0,0,<NA>,<NA>,0.9000000000000000222,both,<NA>
yf-preventive-default_nocovid,"YF:YF,routine,with:default_nocovid",YF,total,routine,NER,Niger,2056,0,0,<NA>,<NA>,0.9000000000000000222,both,<NA>
yf-preventive-default_nocovid,"YF:YF,routine,with:default_nocovid",YF,total,routine,NER,Niger,2057,0,0,<NA>,<NA>,0.9000000000000000222,both,<NA>
yf-preventive-default_nocovid,"YF:YF,routine,with:default_nocovid",YF,total,routine,NER,Niger,2058,0,0,<NA>,<NA>,0.9000000000000000222,both,<NA>
yf-preventive-default_nocovid,"YF:YF,routine,with:default_nocovid",YF,total,routine,NER,Niger,2059,0,0,<NA>,<NA>,0.9000000000000000222,both,<NA>
yf-preventive-default_nocovid,"YF:YF,routine,with:default_nocovid",YF,total,routine,NER,Niger,2060,0,0,<NA>,<NA>,0.9000000000000000222,both,<NA>
yf-preventive-default_nocovid,"YF:YF,routine,with:default_nocovid",YF,total,routine,NER,Niger,2061,0,0,<NA>,<NA>,0.9000000000000000222,both,<NA>
yf-preventive-default_nocovid,"YF:YF,routine,with:default_nocovid",YF,total,routine,NER,Niger,2062,0,0,<NA>,<NA>,0.9000000000000000222,both,<NA>
yf-preventive-default_nocovid,"YF:YF,routine,with:default_nocovid",YF,total,routine,NER,Niger,2063,0,0,<NA>,<NA>,0.9000000000000000222,both,<NA>
yf-preventive-default_nocovid,"YF:YF,routine,with:default_nocovid",YF,total,routine,NER,Niger,2064,0,0,<NA>,<NA>,0.9000000000000000222,both,<NA>
yf-preventive-default_nocovid,"YF:YF,routine,with:default_nocovid",YF,total,routine,NER,Niger,2065,0,0,<NA>,<NA>,0.9000000000000000222,both,<NA>
yf-preventive-default_nocovid,"YF:YF,routine,with:default_nocovid",YF,total,routine,NER,Niger,2066,0,0,<NA>,<NA>,0.9000000000000000222,both,<NA>
yf-preventive-default_nocovid,"YF:YF,routine,with:default_nocovid",YF,total,routine,NER,Niger,2067,0,0,<NA>,<NA>,0.9000000000000000222,both,<NA>
yf-preventive-default_nocovid,"YF:YF,routine,with:default_nocovid",YF,total,routine,NER,Niger,2068,0,0,<NA>,<NA>,0.9000000000000000222,both,<NA>
yf-preventive-default_nocovid,"YF:YF,routine,with:default_nocovid",YF,total,routine,NER,Niger,2069,0,0,<NA>,<NA>,0.9000000000000000222,both,<NA>
yf-preventive-default_nocovid,"YF:YF,routine,with:default_nocovid",YF,total,routine,NER,Niger,2070,0,0,<NA>,<NA>,0.9000000000000000222,both,<NA>
yf-preventive-default_nocovid,"YF:YF,routine,with:default_nocovid",YF,total,routine,NER,Niger,2071,0,0,<NA>,<NA>,0.9000000000000000222,both,<NA>
yf-preventive-default_nocovid,"YF:YF,routine,with:default_nocovid",YF,total,routine,NER,Niger,2072,0,0,<NA>,<NA>,0.9000000000000000222,both,<NA>
yf-preventive-default_nocovid,"YF:YF,routine,with:default_nocovid",YF,total,routine,NER,Niger,2073,0,0,<NA>,<NA>,0.9000000000000000222,both,<NA>
yf-preventive-default_nocovid,"YF:YF,routine,with:default_nocovid",YF,total,routine,NER,Niger,2074,0,0,<NA>,<NA>,0.9000000000000000222,both,<NA>
yf-preventive-default_nocovid,"YF:YF,routine,with:default_nocovid",YF,total,routine,NER,Niger,2075,0,0,<NA>,<NA>,0.9000000000000000222,both,<NA>
yf-preventive-default_nocovid,"YF:YF,routine,with:default_nocovid",YF,total,routine,NER,Niger,2076,0,0,<NA>,<NA>,0.9000000000000000222,both,<NA>
yf-preventive-default_nocovid,"YF:YF,routine,with:default_nocovid",YF,total,routine,NER,Niger,2077,0,0,<NA>,<NA>,0.9000000000000000222,both,<NA>
yf-preventive-default_nocovid,"YF:YF,routine,with:default_nocovid",YF,total,routine,NER,Niger,2078,0,0,<NA>,<NA>,0.9000000000000000222,both,<NA>
yf-preventive-default_nocovid,"YF:YF,routine,with:default_nocovid",YF,total,routine,NER,Niger,2079,0,0,<NA>,<NA>,0.9000000000000000222,both,<NA>
yf-preventive-default_nocovid,"YF:YF,routine,with:default_nocovid",YF,total,routine,NER,Niger,2080,0,0,<NA>,<NA>,0.9000000000000000222,both,<NA>
yf-preventive-default_nocovid,"YF:YF,routine,with:default_nocovid",YF,total,routine,NER,Niger,2081,0,0,<NA>,<NA>,0.9000000000000000222,both,<NA>
yf-preventive-default_nocovid,"YF:YF,routine,with:default_nocovid",YF,total,routine,NER,Niger,2082,0,0,<NA>,<NA>,0.9000000000000000222,both,<NA>
yf-preventive-default_nocovid,"YF:YF,routine,with:default_nocovid",YF,total,routine,NER,Niger,2083,0,0,<NA>,<NA>,0.9000000000000000222,both,<NA>
yf-preventive-default_nocovid,"YF:YF,routine,with:default_nocovid",YF,total,routine,NER,Niger,2084,0,0,<NA>,<NA>,0.9000000000000000222,both,<NA>
yf-preventive-default_nocovid,"YF:YF,routine,with:default_nocovid",YF,total,routine,NER,Niger,2085,0,0,<NA>,<NA>,0.9000000000000000222,both,<NA>
yf-preventive-default_nocovid,"YF:YF,routine,with:default_nocovid",YF,total,routine,NER,Niger,2086,0,0,<NA>,<NA>,0.9000000000000000222,both,<NA>
yf-preventive-default_nocovid,"YF:YF,routine,with:default_nocovid",YF,total,routine,NER,Niger,2087,0,0,<NA>,<NA>,0.9000000000000000222,both,<NA>
yf-preventive-default_nocovid,"YF:YF,routine,with:default_nocovid",YF,total,routine,NER,Niger,2088,0,0,<NA>,<NA>,0.9000000000000000222,both,<NA>
yf-preventive-default_nocovid,"YF:YF,routine,with:default_nocovid",YF,total,routine,NER,Niger,2089,0,0,<NA>,<NA>,0.9000000000000000222,both,<NA>
yf-preventive-default_nocovid,"YF:YF,routine,with:default_nocovid",YF,total,routine,NER,Niger,2090,0,0,<NA>,<NA>,0.9000000000000000222,both,<NA>
yf-preventive-default_nocovid,"YF:YF,routine,with:default_nocovid",YF,total,routine,NER,Niger,2091,0,0,<NA>,<NA>,0.9000000000000000222,both,<NA>
yf-preventive-default_nocovid,"YF:YF,routine,with:default_nocovid",YF,total,routine,NER,Niger,2092,0,0,<NA>,<NA>,0.9000000000000000222,both,<NA>
yf-preventive-default_nocovid,"YF:YF,routine,with:default_nocovid",YF,total,routine,NER,Niger,2093,0,0,<NA>,<NA>,0.9000000000000000222,both,<NA>
yf-preventive-default_nocovid,"YF:YF,routine,with:default_nocovid",YF,total,routine,NER,Niger,2094,0,0,<NA>,<NA>,0.9000000000000000222,both,<NA>
yf-preventive-default_nocovid,"YF:YF,routine,with:default_nocovid",YF,total,routine,NER,Niger,2095,0,0,<NA>,<NA>,0.9000000000000000222,both,<NA>
yf-preventive-default_nocovid,"YF:YF,routine,with:default_nocovid",YF,total,routine,NER,Niger,2096,0,0,<NA>,<NA>,0.9000000000000000222,both,<NA>
yf-preventive-default_nocovid,"YF:YF,routine,with:default_nocovid",YF,total,routine,NER,Niger,2097,0,0,<NA>,<NA>,0.9000000000000000222,both,<NA>
yf-preventive-default_nocovid,"YF:YF,routine,with:default_nocovid",YF,total,routine,NER,Niger,2098,0,0,<NA>,<NA>,0.9000000000000000222,both,<NA>
yf-preventive-default_nocovid,"YF:YF,routine,with:default_nocovid",YF,total,routine,NER,Niger,2099,0,0,<NA>,<NA>,0.9000000000000000222,both,<NA>
yf-preventive-default_nocovid,"YF:YF,routine,with:default_nocovid",YF,total,routine,NER,Niger,2100,0,0,<NA>,<NA>,0.9000000000000000222,both,<NA>
yf-preventive-default_nocovid,"YF:YF,routine,with:default_nocovid",YF,total,routine,NGA,Nigeria,1980,0,0,use default routine age for this projection,<NA>,0,both,<NA>
yf-preventive-default_nocovid,"YF:YF,routine,with:default_nocovid",YF,total,routine,NGA,Nigeria,1981,0,0,use default routine age for this projection,<NA>,0,both,<NA>
yf-preventive-default_nocovid,"YF:YF,routine,with:default_nocovid",YF,total,routine,NGA,Nigeria,1982,0,0,use default routine age for this projection,<NA>,0,both,<NA>
yf-preventive-default_nocovid,"YF:YF,routine,with:default_nocovid",YF,total,routine,NGA,Nigeria,1983,0,0,use default routine age for this projection,<NA>,0,both,<NA>
yf-preventive-default_nocovid,"YF:YF,routine,with:default_nocovid",YF,total,routine,NGA,Nigeria,1984,0,0,use default routine age for this projection,<NA>,0,both,<NA>
yf-preventive-default_nocovid,"YF:YF,routine,with:default_nocovid",YF,total,routine,NGA,Nigeria,1985,0,0,use default routine age for this projection,<NA>,0,both,<NA>
yf-preventive-default_nocovid,"YF:YF,routine,with:default_nocovid",YF,total,routine,NGA,Nigeria,1986,0,0,use default routine age for this projection,<NA>,0,both,<NA>
yf-preventive-default_nocovid,"YF:YF,routine,with:default_nocovid",YF,total,routine,NGA,Nigeria,1987,0,0,use default routine age for this projection,<NA>,0,both,<NA>
yf-preventive-default_nocovid,"YF:YF,routine,with:default_nocovid",YF,total,routine,NGA,Nigeria,1988,0,0,use default routine age for this projection,<NA>,0,both,<NA>
yf-preventive-default_nocovid,"YF:YF,routine,with:default_nocovid",YF,total,routine,NGA,Nigeria,1989,0,0,use default routine age for this projection,<NA>,0,both,<NA>
yf-preventive-default_nocovid,"YF:YF,routine,with:default_nocovid",YF,total,routine,NGA,Nigeria,1990,0,0,use default routine age for this projection,<NA>,0,both,<NA>
yf-preventive-default_nocovid,"YF:YF,routine,with:default_nocovid",YF,total,routine,NGA,Nigeria,1991,0,0,use default routine age for this projection,<NA>,0,both,<NA>
yf-preventive-default_nocovid,"YF:YF,routine,with:default_nocovid",YF,total,routine,NGA,Nigeria,1992,0,0,use default routine age for this projection,<NA>,0,both,<NA>
yf-preventive-default_nocovid,"YF:YF,routine,with:default_nocovid",YF,total,routine,NGA,Nigeria,1993,0,0,use default routine age for this projection,<NA>,0,both,<NA>
yf-preventive-default_nocovid,"YF:YF,routine,with:default_nocovid",YF,total,routine,NGA,Nigeria,1994,0,0,use default routine age for this projection,<NA>,0,both,<NA>
yf-preventive-default_nocovid,"YF:YF,routine,with:default_nocovid",YF,total,routine,NGA,Nigeria,1995,0,0,use default routine age for this projection,<NA>,0,both,<NA>
yf-preventive-default_nocovid,"YF:YF,routine,with:default_nocovid",YF,total,routine,NGA,Nigeria,1996,0,0,use default routine age for this projection,<NA>,0,both,<NA>
yf-preventive-default_nocovid,"YF:YF,routine,with:default_nocovid",YF,total,routine,NGA,Nigeria,1997,0,0,use default routine age for this projection,<NA>,0,both,<NA>
yf-preventive-default_nocovid,"YF:YF,routine,with:default_nocovid",YF,total,routine,NGA,Nigeria,1998,0,0,use default routine age for this projection,<NA>,0,both,<NA>
yf-preventive-default_nocovid,"YF:YF,routine,with:default_nocovid",YF,total,routine,NGA,Nigeria,1999,0,0,use default routine age for this projection,<NA>,0,both,<NA>
yf-preventive-default_nocovid,"YF:YF,routine,with:default_nocovid",YF,total,routine,NGA,Nigeria,2000,0,0,use default routine age for this projection,<NA>,0,both,<NA>
yf-preventive-default_nocovid,"YF:YF,routine,with:default_nocovid",YF,total,routine,NGA,Nigeria,2001,0,0,use default routine age for this projection,<NA>,0,both,<NA>
yf-preventive-default_nocovid,"YF:YF,routine,with:default_nocovid",YF,total,routine,NGA,Nigeria,2002,0,0,use default routine age for this projection,<NA>,0,both,<NA>
yf-preventive-default_nocovid,"YF:YF,routine,with:default_nocovid",YF,total,routine,NGA,Nigeria,2003,0,0,use default routine age for this projection,<NA>,0,both,<NA>
yf-preventive-default_nocovid,"YF:YF,routine,with:default_nocovid",YF,total,routine,NGA,Nigeria,2004,0,0,default routine age,<NA>,0.20999999999999999223,both,<NA>
yf-preventive-default_nocovid,"YF:YF,routine,with:default_nocovid",YF,total,routine,NGA,Nigeria,2005,0,0,default routine age,<NA>,0.35999999999999998668,both,<NA>
yf-preventive-default_nocovid,"YF:YF,routine,with:default_nocovid",YF,total,routine,NGA,Nigeria,2006,0,0,default routine age,<NA>,0.44000000000000000222,both,<NA>
yf-preventive-default_nocovid,"YF:YF,routine,with:default_nocovid",YF,total,routine,NGA,Nigeria,2007,0,0,default routine age,<NA>,0.51000000000000000888,both,<NA>
yf-preventive-default_nocovid,"YF:YF,routine,with:default_nocovid",YF,total,routine,NGA,Nigeria,2008,0,0,default routine age,<NA>,0.5,both,<NA>
yf-preventive-default_nocovid,"YF:YF,routine,with:default_nocovid",YF,total,routine,NGA,Nigeria,2009,0,0,default routine age,<NA>,0.68999999999999994671,both,<NA>
yf-preventive-default_nocovid,"YF:YF,routine,with:default_nocovid",YF,total,routine,NGA,Nigeria,2010,0,0,default routine age,<NA>,0.5,both,<NA>
yf-preventive-default_nocovid,"YF:YF,routine,with:default_nocovid",YF,total,routine,NGA,Nigeria,2011,0,0,default routine age,<NA>,0.38000000000000000444,both,<NA>
yf-preventive-default_nocovid,"YF:YF,routine,with:default_nocovid",YF,total,routine,NGA,Nigeria,2012,0,0,default routine age,<NA>,0.23999999999999999112,both,<NA>
yf-preventive-default_nocovid,"YF:YF,routine,with:default_nocovid",YF,total,routine,NGA,Nigeria,2013,0,0,default routine age,<NA>,0.46999999999999997335,both,<NA>
yf-preventive-default_nocovid,"YF:YF,routine,with:default_nocovid",YF,total,routine,NGA,Nigeria,2014,0,0,default routine age,<NA>,0.40999999999999997558,both,<NA>
yf-preventive-default_nocovid,"YF:YF,routine,with:default_nocovid",YF,total,routine,NGA,Nigeria,2015,0,0,default routine age,<NA>,0.41999999999999998446,both,<NA>
yf-preventive-default_nocovid,"YF:YF,routine,with:default_nocovid",YF,total,routine,NGA,Nigeria,2016,0,0,default routine age,<NA>,0.46999999999999997335,both,<NA>
yf-preventive-default_nocovid,"YF:YF,routine,with:default_nocovid",YF,total,routine,NGA,Nigeria,2017,0,0,default routine age,<NA>,0.54000000000000003553,both,<NA>
yf-preventive-default_nocovid,"YF:YF,routine,with:default_nocovid",YF,total,routine,NGA,Nigeria,2018,0,0,default routine age,<NA>,0.56999999999999995115,both,<NA>
yf-preventive-default_nocovid,"YF:YF,routine,with:default_nocovid",YF,total,routine,NGA,Nigeria,2019,0,0,default routine age,<NA>,0.5999999999999999778,both,<NA>
yf-preventive-default_nocovid,"YF:YF,routine,with:default_nocovid",YF,total,routine,NGA,Nigeria,2020,0,0,default routine age,<NA>,0.63000000000000000444,both,<NA>
yf-preventive-default_nocovid,"YF:YF,routine,with:default_nocovid",YF,total,routine,NGA,Nigeria,2021,0,0,default routine age,<NA>,0.63000000000000000444,both,<NA>
yf-preventive-default_nocovid,"YF:YF,routine,with:default_nocovid",YF,total,routine,NGA,Nigeria,2022,0,0,<NA>,<NA>,0.63221916833543057024,both,<NA>
yf-preventive-default_nocovid,"YF:YF,routine,with:default_nocovid",YF,total,routine,NGA,Nigeria,2023,0,0,<NA>,<NA>,0.63442502664896660569,both,<NA>
yf-preventive-default_nocovid,"YF:YF,routine,with:default_nocovid",YF,total,routine,NGA,Nigeria,2024,0,0,<NA>,<NA>,0.6366176547708219946,both,<NA>
yf-preventive-default_nocovid,"YF:YF,routine,with:default_nocovid",YF,total,routine,NGA,Nigeria,2025,0,0,<NA>,<NA>,0.63879713205240862273,both,<NA>
yf-preventive-default_nocovid,"YF:YF,routine,with:default_nocovid",YF,total,routine,NGA,Nigeria,2026,0,0,<NA>,<NA>,0.64096353736920863575,both,<NA>
yf-preventive-default_nocovid,"YF:YF,routine,with:default_nocovid",YF,total,routine,NGA,Nigeria,2027,0,0,<NA>,<NA>,0.64311694912362837862,both,<NA>
yf-preventive-default_nocovid,"YF:YF,routine,with:default_nocovid",YF,total,routine,NGA,Nigeria,2028,0,0,<NA>,<NA>,0.64525744524783557043,both,<NA>
yf-preventive-default_nocovid,"YF:YF,routine,with:default_nocovid",YF,total,routine,NGA,Nigeria,2029,0,0,<NA>,<NA>,0.64738510320658082531,both,<NA>
yf-preventive-default_nocovid,"YF:YF,routine,with:default_nocovid",YF,total,routine,NGA,Nigeria,2030,0,0,<NA>,<NA>,0.64949999999999996625,both,<NA>
yf-preventive-default_nocovid,"YF:YF,routine,with:default_nocovid",YF,total,routine,NGA,Nigeria,2031,0,0,<NA>,<NA>,0.65949999999999997513,both,<NA>
yf-preventive-default_nocovid,"YF:YF,routine,with:default_nocovid",YF,total,routine,NGA,Nigeria,2032,0,0,<NA>,<NA>,0.66949999999999998401,both,<NA>
yf-preventive-default_nocovid,"YF:YF,routine,with:default_nocovid",YF,total,routine,NGA,Nigeria,2033,0,0,<NA>,<NA>,0.67949999999999999289,both,<NA>
yf-preventive-default_nocovid,"YF:YF,routine,with:default_nocovid",YF,total,routine,NGA,Nigeria,2034,0,0,<NA>,<NA>,0.68950000000000000178,both,<NA>
yf-preventive-default_nocovid,"YF:YF,routine,with:default_nocovid",YF,total,routine,NGA,Nigeria,2035,0,0,<NA>,<NA>,0.69950000000000001066,both,<NA>
yf-preventive-default_nocovid,"YF:YF,routine,with:default_nocovid",YF,total,routine,NGA,Nigeria,2036,0,0,<NA>,<NA>,0.70950000000000001954,both,<NA>
yf-preventive-default_nocovid,"YF:YF,routine,with:default_nocovid",YF,total,routine,NGA,Nigeria,2037,0,0,<NA>,<NA>,0.71950000000000002842,both,<NA>
yf-preventive-default_nocovid,"YF:YF,routine,with:default_nocovid",YF,total,routine,NGA,Nigeria,2038,0,0,<NA>,<NA>,0.72949999999999992628,both,<NA>
yf-preventive-default_nocovid,"YF:YF,routine,with:default_nocovid",YF,total,routine,NGA,Nigeria,2039,0,0,<NA>,<NA>,0.73949999999999993516,both,<NA>
yf-preventive-default_nocovid,"YF:YF,routine,with:default_nocovid",YF,total,routine,NGA,Nigeria,2040,0,0,<NA>,<NA>,0.74949999999999994404,both,<NA>
yf-preventive-default_nocovid,"YF:YF,routine,with:default_nocovid",YF,total,routine,NGA,Nigeria,2041,0,0,<NA>,<NA>,0.75949999999999995293,both,<NA>
yf-preventive-default_nocovid,"YF:YF,routine,with:default_nocovid",YF,total,routine,NGA,Nigeria,2042,0,0,<NA>,<NA>,0.76949999999999996181,both,<NA>
yf-preventive-default_nocovid,"YF:YF,routine,with:default_nocovid",YF,total,routine,NGA,Nigeria,2043,0,0,<NA>,<NA>,0.77949999999999997069,both,<NA>
yf-preventive-default_nocovid,"YF:YF,routine,with:default_nocovid",YF,total,routine,NGA,Nigeria,2044,0,0,<NA>,<NA>,0.78949999999999997957,both,<NA>
yf-preventive-default_nocovid,"YF:YF,routine,with:default_nocovid",YF,total,routine,NGA,Nigeria,2045,0,0,<NA>,<NA>,0.79949999999999998845,both,<NA>
yf-preventive-default_nocovid,"YF:YF,routine,with:default_nocovid",YF,total,routine,NGA,Nigeria,2046,0,0,<NA>,<NA>,0.80949999999999999734,both,<NA>
yf-preventive-default_nocovid,"YF:YF,routine,with:default_nocovid",YF,total,routine,NGA,Nigeria,2047,0,0,<NA>,<NA>,0.81950000000000000622,both,<NA>
yf-preventive-default_nocovid,"YF:YF,routine,with:default_nocovid",YF,total,routine,NGA,Nigeria,2048,0,0,<NA>,<NA>,0.82949999999999990408,both,<NA>
yf-preventive-default_nocovid,"YF:YF,routine,with:default_nocovid",YF,total,routine,NGA,Nigeria,2049,0,0,<NA>,<NA>,0.83949999999999991296,both,<NA>
yf-preventive-default_nocovid,"YF:YF,routine,with:default_nocovid",YF,total,routine,NGA,Nigeria,2050,0,0,<NA>,<NA>,0.84949999999999992184,both,<NA>
yf-preventive-default_nocovid,"YF:YF,routine,with:default_nocovid",YF,total,routine,NGA,Nigeria,2051,0,0,<NA>,<NA>,0.85949999999999993072,both,<NA>
yf-preventive-default_nocovid,"YF:YF,routine,with:default_nocovid",YF,total,routine,NGA,Nigeria,2052,0,0,<NA>,<NA>,0.8694999999999999396,both,<NA>
yf-preventive-default_nocovid,"YF:YF,routine,with:default_nocovid",YF,total,routine,NGA,Nigeria,2053,0,0,<NA>,<NA>,0.87949999999999994849,both,<NA>
yf-preventive-default_nocovid,"YF:YF,routine,with:default_nocovid",YF,total,routine,NGA,Nigeria,2054,0,0,<NA>,<NA>,0.88949999999999995737,both,<NA>
yf-preventive-default_nocovid,"YF:YF,routine,with:default_nocovid",YF,total,routine,NGA,Nigeria,2055,0,0,<NA>,<NA>,0.89949999999999996625,both,<NA>
yf-preventive-default_nocovid,"YF:YF,routine,with:default_nocovid",YF,total,routine,NGA,Nigeria,2056,0,0,<NA>,<NA>,0.9000000000000000222,both,<NA>
yf-preventive-default_nocovid,"YF:YF,routine,with:default_nocovid",YF,total,routine,NGA,Nigeria,2057,0,0,<NA>,<NA>,0.9000000000000000222,both,<NA>
yf-preventive-default_nocovid,"YF:YF,routine,with:default_nocovid",YF,total,routine,NGA,Nigeria,2058,0,0,<NA>,<NA>,0.9000000000000000222,both,<NA>
yf-preventive-default_nocovid,"YF:YF,routine,with:default_nocovid",YF,total,routine,NGA,Nigeria,2059,0,0,<NA>,<NA>,0.9000000000000000222,both,<NA>
yf-preventive-default_nocovid,"YF:YF,routine,with:default_nocovid",YF,total,routine,NGA,Nigeria,2060,0,0,<NA>,<NA>,0.9000000000000000222,both,<NA>
yf-preventive-default_nocovid,"YF:YF,routine,with:default_nocovid",YF,total,routine,NGA,Nigeria,2061,0,0,<NA>,<NA>,0.9000000000000000222,both,<NA>
yf-preventive-default_nocovid,"YF:YF,routine,with:default_nocovid",YF,total,routine,NGA,Nigeria,2062,0,0,<NA>,<NA>,0.9000000000000000222,both,<NA>
yf-preventive-default_nocovid,"YF:YF,routine,with:default_nocovid",YF,total,routine,NGA,Nigeria,2063,0,0,<NA>,<NA>,0.9000000000000000222,both,<NA>
yf-preventive-default_nocovid,"YF:YF,routine,with:default_nocovid",YF,total,routine,NGA,Nigeria,2064,0,0,<NA>,<NA>,0.9000000000000000222,both,<NA>
yf-preventive-default_nocovid,"YF:YF,routine,with:default_nocovid",YF,total,routine,NGA,Nigeria,2065,0,0,<NA>,<NA>,0.9000000000000000222,both,<NA>
yf-preventive-default_nocovid,"YF:YF,routine,with:default_nocovid",YF,total,routine,NGA,Nigeria,2066,0,0,<NA>,<NA>,0.9000000000000000222,both,<NA>
yf-preventive-default_nocovid,"YF:YF,routine,with:default_nocovid",YF,total,routine,NGA,Nigeria,2067,0,0,<NA>,<NA>,0.9000000000000000222,both,<NA>
yf-preventive-default_nocovid,"YF:YF,routine,with:default_nocovid",YF,total,routine,NGA,Nigeria,2068,0,0,<NA>,<NA>,0.9000000000000000222,both,<NA>
yf-preventive-default_nocovid,"YF:YF,routine,with:default_nocovid",YF,total,routine,NGA,Nigeria,2069,0,0,<NA>,<NA>,0.9000000000000000222,both,<NA>
yf-preventive-default_nocovid,"YF:YF,routine,with:default_nocovid",YF,total,routine,NGA,Nigeria,2070,0,0,<NA>,<NA>,0.9000000000000000222,both,<NA>
yf-preventive-default_nocovid,"YF:YF,routine,with:default_nocovid",YF,total,routine,NGA,Nigeria,2071,0,0,<NA>,<NA>,0.9000000000000000222,both,<NA>
yf-preventive-default_nocovid,"YF:YF,routine,with:default_nocovid",YF,total,routine,NGA,Nigeria,2072,0,0,<NA>,<NA>,0.9000000000000000222,both,<NA>
yf-preventive-default_nocovid,"YF:YF,routine,with:default_nocovid",YF,total,routine,NGA,Nigeria,2073,0,0,<NA>,<NA>,0.9000000000000000222,both,<NA>
yf-preventive-default_nocovid,"YF:YF,routine,with:default_nocovid",YF,total,routine,NGA,Nigeria,2074,0,0,<NA>,<NA>,0.9000000000000000222,both,<NA>
yf-preventive-default_nocovid,"YF:YF,routine,with:default_nocovid",YF,total,routine,NGA,Nigeria,2075,0,0,<NA>,<NA>,0.9000000000000000222,both,<NA>
yf-preventive-default_nocovid,"YF:YF,routine,with:default_nocovid",YF,total,routine,NGA,Nigeria,2076,0,0,<NA>,<NA>,0.9000000000000000222,both,<NA>
yf-preventive-default_nocovid,"YF:YF,routine,with:default_nocovid",YF,total,routine,NGA,Nigeria,2077,0,0,<NA>,<NA>,0.9000000000000000222,both,<NA>
yf-preventive-default_nocovid,"YF:YF,routine,with:default_nocovid",YF,total,routine,NGA,Nigeria,2078,0,0,<NA>,<NA>,0.9000000000000000222,both,<NA>
yf-preventive-default_nocovid,"YF:YF,routine,with:default_nocovid",YF,total,routine,NGA,Nigeria,2079,0,0,<NA>,<NA>,0.9000000000000000222,both,<NA>
yf-preventive-default_nocovid,"YF:YF,routine,with:default_nocovid",YF,total,routine,NGA,Nigeria,2080,0,0,<NA>,<NA>,0.9000000000000000222,both,<NA>
yf-preventive-default_nocovid,"YF:YF,routine,with:default_nocovid",YF,total,routine,NGA,Nigeria,2081,0,0,<NA>,<NA>,0.9000000000000000222,both,<NA>
yf-preventive-default_nocovid,"YF:YF,routine,with:default_nocovid",YF,total,routine,NGA,Nigeria,2082,0,0,<NA>,<NA>,0.9000000000000000222,both,<NA>
yf-preventive-default_nocovid,"YF:YF,routine,with:default_nocovid",YF,total,routine,NGA,Nigeria,2083,0,0,<NA>,<NA>,0.9000000000000000222,both,<NA>
yf-preventive-default_nocovid,"YF:YF,routine,with:default_nocovid",YF,total,routine,NGA,Nigeria,2084,0,0,<NA>,<NA>,0.9000000000000000222,both,<NA>
yf-preventive-default_nocovid,"YF:YF,routine,with:default_nocovid",YF,total,routine,NGA,Nigeria,2085,0,0,<NA>,<NA>,0.9000000000000000222,both,<NA>
yf-preventive-default_nocovid,"YF:YF,routine,with:default_nocovid",YF,total,routine,NGA,Nigeria,2086,0,0,<NA>,<NA>,0.9000000000000000222,both,<NA>
yf-preventive-default_nocovid,"YF:YF,routine,with:default_nocovid",YF,total,routine,NGA,Nigeria,2087,0,0,<NA>,<NA>,0.9000000000000000222,both,<NA>
yf-preventive-default_nocovid,"YF:YF,routine,with:default_nocovid",YF,total,routine,NGA,Nigeria,2088,0,0,<NA>,<NA>,0.9000000000000000222,both,<NA>
yf-preventive-default_nocovid,"YF:YF,routine,with:default_nocovid",YF,total,routine,NGA,Nigeria,2089,0,0,<NA>,<NA>,0.9000000000000000222,both,<NA>
yf-preventive-default_nocovid,"YF:YF,routine,with:default_nocovid",YF,total,routine,NGA,Nigeria,2090,0,0,<NA>,<NA>,0.9000000000000000222,both,<NA>
yf-preventive-default_nocovid,"YF:YF,routine,with:default_nocovid",YF,total,routine,NGA,Nigeria,2091,0,0,<NA>,<NA>,0.9000000000000000222,both,<NA>
yf-preventive-default_nocovid,"YF:YF,routine,with:default_nocovid",YF,total,routine,NGA,Nigeria,2092,0,0,<NA>,<NA>,0.9000000000000000222,both,<NA>
yf-preventive-default_nocovid,"YF:YF,routine,with:default_nocovid",YF,total,routine,NGA,Nigeria,2093,0,0,<NA>,<NA>,0.9000000000000000222,both,<NA>
yf-preventive-default_nocovid,"YF:YF,routine,with:default_nocovid",YF,total,routine,NGA,Nigeria,2094,0,0,<NA>,<NA>,0.9000000000000000222,both,<NA>
yf-preventive-default_nocovid,"YF:YF,routine,with:default_nocovid",YF,total,routine,NGA,Nigeria,2095,0,0,<NA>,<NA>,0.9000000000000000222,both,<NA>
yf-preventive-default_nocovid,"YF:YF,routine,with:default_nocovid",YF,total,routine,NGA,Nigeria,2096,0,0,<NA>,<NA>,0.9000000000000000222,both,<NA>
yf-preventive-default_nocovid,"YF:YF,routine,with:default_nocovid",YF,total,routine,NGA,Nigeria,2097,0,0,<NA>,<NA>,0.9000000000000000222,both,<NA>
yf-preventive-default_nocovid,"YF:YF,routine,with:default_nocovid",YF,total,routine,NGA,Nigeria,2098,0,0,<NA>,<NA>,0.9000000000000000222,both,<NA>
yf-preventive-default_nocovid,"YF:YF,routine,with:default_nocovid",YF,total,routine,NGA,Nigeria,2099,0,0,<NA>,<NA>,0.9000000000000000222,both,<NA>
yf-preventive-default_nocovid,"YF:YF,routine,with:default_nocovid",YF,total,routine,NGA,Nigeria,2100,0,0,<NA>,<NA>,0.9000000000000000222,both,<NA>
yf-preventive-default_nocovid,"YF:YF,routine,with:default_nocovid",YF,total,routine,PER,Peru,1980,0,0,use default routine age for this projection,<NA>,0,both,<NA>
yf-preventive-default_nocovid,"YF:YF,routine,with:default_nocovid",YF,total,routine,PER,Peru,1981,0,0,use default routine age for this projection,<NA>,0,both,<NA>
yf-preventive-default_nocovid,"YF:YF,routine,with:default_nocovid",YF,total,routine,PER,Peru,1982,0,0,use default routine age for this projection,<NA>,0,both,<NA>
yf-preventive-default_nocovid,"YF:YF,routine,with:default_nocovid",YF,total,routine,PER,Peru,1983,0,0,use default routine age for this projection,<NA>,0,both,<NA>
yf-preventive-default_nocovid,"YF:YF,routine,with:default_nocovid",YF,total,routine,PER,Peru,1984,0,0,use default routine age for this projection,<NA>,0,both,<NA>
yf-preventive-default_nocovid,"YF:YF,routine,with:default_nocovid",YF,total,routine,PER,Peru,1985,0,0,use default routine age for this projection,<NA>,0,both,<NA>
yf-preventive-default_nocovid,"YF:YF,routine,with:default_nocovid",YF,total,routine,PER,Peru,1986,0,0,use default routine age for this projection,<NA>,0,both,<NA>
yf-preventive-default_nocovid,"YF:YF,routine,with:default_nocovid",YF,total,routine,PER,Peru,1987,0,0,use default routine age for this projection,<NA>,0,both,<NA>
yf-preventive-default_nocovid,"YF:YF,routine,with:default_nocovid",YF,total,routine,PER,Peru,1988,0,0,use default routine age for this projection,<NA>,0,both,<NA>
yf-preventive-default_nocovid,"YF:YF,routine,with:default_nocovid",YF,total,routine,PER,Peru,1989,0,0,use default routine age for this projection,<NA>,0,both,<NA>
yf-preventive-default_nocovid,"YF:YF,routine,with:default_nocovid",YF,total,routine,PER,Peru,1990,0,0,use default routine age for this projection,<NA>,0,both,<NA>
yf-preventive-default_nocovid,"YF:YF,routine,with:default_nocovid",YF,total,routine,PER,Peru,1991,0,0,use default routine age for this projection,<NA>,0,both,<NA>
yf-preventive-default_nocovid,"YF:YF,routine,with:default_nocovid",YF,total,routine,PER,Peru,1992,0,0,use default routine age for this projection,<NA>,0,both,<NA>
yf-preventive-default_nocovid,"YF:YF,routine,with:default_nocovid",YF,total,routine,PER,Peru,1993,0,0,use default routine age for this projection,<NA>,0,both,<NA>
yf-preventive-default_nocovid,"YF:YF,routine,with:default_nocovid",YF,total,routine,PER,Peru,1994,0,0,use default routine age for this projection,<NA>,0,both,<NA>
yf-preventive-default_nocovid,"YF:YF,routine,with:default_nocovid",YF,total,routine,PER,Peru,1995,0,0,use default routine age for this projection,<NA>,0,both,<NA>
yf-preventive-default_nocovid,"YF:YF,routine,with:default_nocovid",YF,total,routine,PER,Peru,1996,0,0,use default routine age for this projection,<NA>,0,both,<NA>
yf-preventive-default_nocovid,"YF:YF,routine,with:default_nocovid",YF,total,routine,PER,Peru,1997,0,0,use default routine age for this projection,<NA>,0,both,<NA>
yf-preventive-default_nocovid,"YF:YF,routine,with:default_nocovid",YF,total,routine,PER,Peru,1998,0,0,use default routine age for this projection,<NA>,0,both,<NA>
yf-preventive-default_nocovid,"YF:YF,routine,with:default_nocovid",YF,total,routine,PER,Peru,1999,0,0,use default routine age for this projection,<NA>,0,both,<NA>
yf-preventive-default_nocovid,"YF:YF,routine,with:default_nocovid",YF,total,routine,PER,Peru,2000,0,0,default routine age,<NA>,0.08000000000000000167,both,<NA>
yf-preventive-default_nocovid,"YF:YF,routine,with:default_nocovid",YF,total,routine,PER,Peru,2001,0,0,default routine age,<NA>,0.26000000000000000888,both,<NA>
yf-preventive-default_nocovid,"YF:YF,routine,with:default_nocovid",YF,total,routine,PER,Peru,2002,0,0,default routine age,<NA>,0.35999999999999998668,both,<NA>
yf-preventive-default_nocovid,"YF:YF,routine,with:default_nocovid",YF,total,routine,PER,Peru,2003,0,0,default routine age,<NA>,0.46999999999999997335,both,<NA>
yf-preventive-default_nocovid,"YF:YF,routine,with:default_nocovid",YF,total,routine,PER,Peru,2004,0,0,default routine age,<NA>,0.56999999999999995115,both,<NA>
yf-preventive-default_nocovid,"YF:YF,routine,with:default_nocovid",YF,total,routine,PER,Peru,2005,0,0,default routine age,<NA>,0.78000000000000002665,both,<NA>
yf-preventive-default_nocovid,"YF:YF,routine,with:default_nocovid",YF,total,routine,PER,Peru,2006,0,0,default routine age,<NA>,0.91000000000000003109,both,<NA>
yf-preventive-default_nocovid,"YF:YF,routine,with:default_nocovid",YF,total,routine,PER,Peru,2007,0,0,default routine age,<NA>,0.86999999999999999556,both,<NA>
yf-preventive-default_nocovid,"YF:YF,routine,with:default_nocovid",YF,total,routine,PER,Peru,2008,0,0,default routine age,<NA>,0.81999999999999995115,both,<NA>
yf-preventive-default_nocovid,"YF:YF,routine,with:default_nocovid",YF,total,routine,PER,Peru,2009,0,0,default routine age,<NA>,0.66000000000000003109,both,<NA>
yf-preventive-default_nocovid,"YF:YF,routine,with:default_nocovid",YF,total,routine,PER,Peru,2010,0,0,default routine age,<NA>,0.60999999999999998668,both,<NA>
yf-preventive-default_nocovid,"YF:YF,routine,with:default_nocovid",YF,total,routine,PER,Peru,2011,0,0,default routine age,<NA>,0.51000000000000000888,both,<NA>
yf-preventive-default_nocovid,"YF:YF,routine,with:default_nocovid",YF,total,routine,PER,Peru,2012,0,0,default routine age,<NA>,0.57999999999999996003,both,<NA>
yf-preventive-default_nocovid,"YF:YF,routine,with:default_nocovid",YF,total,routine,PER,Peru,2013,0,0,default routine age,<NA>,0.64000000000000001332,both,<NA>
yf-preventive-default_nocovid,"YF:YF,routine,with:default_nocovid",YF,total,routine,PER,Peru,2014,0,0,default routine age,<NA>,0.6500000000000000222,both,<NA>
yf-preventive-default_nocovid,"YF:YF,routine,with:default_nocovid",YF,total,routine,PER,Peru,2015,0,0,default routine age,<NA>,0.67000000000000003997,both,<NA>
yf-preventive-default_nocovid,"YF:YF,routine,with:default_nocovid",YF,total,routine,PER,Peru,2016,0,0,default routine age,<NA>,0.64000000000000001332,both,<NA>
yf-preventive-default_nocovid,"YF:YF,routine,with:default_nocovid",YF,total,routine,PER,Peru,2017,0,0,default routine age,<NA>,0.63000000000000000444,both,<NA>
yf-preventive-default_nocovid,"YF:YF,routine,with:default_nocovid",YF,total,routine,PER,Peru,2018,0,0,default routine age,<NA>,0.6500000000000000222,both,<NA>
yf-preventive-default_nocovid,"YF:YF,routine,with:default_nocovid",YF,total,routine,PER,Peru,2019,0,0,default routine age,<NA>,0.56999999999999995115,both,<NA>
yf-preventive-default_nocovid,"YF:YF,routine,with:default_nocovid",YF,total,routine,PER,Peru,2020,0,0,default routine age,<NA>,0.50605576803983665091,both,<NA>
yf-preventive-default_nocovid,"YF:YF,routine,with:default_nocovid",YF,total,routine,PER,Peru,2021,0,0,default routine age,<NA>,0.60999999999999998668,both,<NA>
yf-preventive-default_nocovid,"YF:YF,routine,with:default_nocovid",YF,total,routine,PER,Peru,2022,0,0,<NA>,<NA>,0.6517021084910055162,both,<NA>
yf-preventive-default_nocovid,"YF:YF,routine,with:default_nocovid",YF,total,routine,PER,Peru,2023,0,0,<NA>,<NA>,0.6889450737702274008,both,<NA>
yf-preventive-default_nocovid,"YF:YF,routine,with:default_nocovid",YF,total,routine,PER,Peru,2024,0,0,<NA>,<NA>,0.72220570525816518703,both,<NA>
yf-preventive-default_nocovid,"YF:YF,routine,with:default_nocovid",YF,total,routine,PER,Peru,2025,0,0,<NA>,<NA>,0.75190982786715587771,both,<NA>
yf-preventive-default_nocovid,"YF:YF,routine,with:default_nocovid",YF,total,routine,PER,Peru,2026,0,0,<NA>,<NA>,0.77843773369750479674,both,<NA>
yf-preventive-default_nocovid,"YF:YF,routine,with:default_nocovid",YF,total,routine,PER,Peru,2027,0,0,<NA>,<NA>,0.80212905079201690661,both,<NA>
yf-preventive-default_nocovid,"YF:YF,routine,with:default_nocovid",YF,total,routine,PER,Peru,2028,0,0,<NA>,<NA>,0.82328709128199006884,both,<NA>
yf-preventive-default_nocovid,"YF:YF,routine,with:default_nocovid",YF,total,routine,PER,Peru,2029,0,0,<NA>,<NA>,0.84218273459255321711,both,<NA>
yf-preventive-default_nocovid,"YF:YF,routine,with:default_nocovid",YF,total,routine,PER,Peru,2030,0,0,<NA>,<NA>,0.85905789542274590964,both,<NA>
yf-preventive-default_nocovid,"YF:YF,routine,with:default_nocovid",YF,total,routine,PER,Peru,2031,0,0,<NA>,<NA>,0.86905789542274591852,both,<NA>
yf-preventive-default_nocovid,"YF:YF,routine,with:default_nocovid",YF,total,routine,PER,Peru,2032,0,0,<NA>,<NA>,0.87905789542274592741,both,<NA>
yf-preventive-default_nocovid,"YF:YF,routine,with:default_nocovid",YF,total,routine,PER,Peru,2033,0,0,<NA>,<NA>,0.88905789542274593629,both,<NA>
yf-preventive-default_nocovid,"YF:YF,routine,with:default_nocovid",YF,total,routine,PER,Peru,2034,0,0,<NA>,<NA>,0.89905789542274594517,both,<NA>
yf-preventive-default_nocovid,"YF:YF,routine,with:default_nocovid",YF,total,routine,PER,Peru,2035,0,0,<NA>,<NA>,0.90905789542274595405,both,<NA>
yf-preventive-default_nocovid,"YF:YF,routine,with:default_nocovid",YF,total,routine,PER,Peru,2036,0,0,<NA>,<NA>,0.91000000000000003109,both,<NA>
yf-preventive-default_nocovid,"YF:YF,routine,with:default_nocovid",YF,total,routine,PER,Peru,2037,0,0,<NA>,<NA>,0.91000000000000003109,both,<NA>
yf-preventive-default_nocovid,"YF:YF,routine,with:default_nocovid",YF,total,routine,PER,Peru,2038,0,0,<NA>,<NA>,0.91000000000000003109,both,<NA>
yf-preventive-default_nocovid,"YF:YF,routine,with:default_nocovid",YF,total,routine,PER,Peru,2039,0,0,<NA>,<NA>,0.91000000000000003109,both,<NA>
yf-preventive-default_nocovid,"YF:YF,routine,with:default_nocovid",YF,total,routine,PER,Peru,2040,0,0,<NA>,<NA>,0.91000000000000003109,both,<NA>
yf-preventive-default_nocovid,"YF:YF,routine,with:default_nocovid",YF,total,routine,PER,Peru,2041,0,0,<NA>,<NA>,0.91000000000000003109,both,<NA>
yf-preventive-default_nocovid,"YF:YF,routine,with:default_nocovid",YF,total,routine,PER,Peru,2042,0,0,<NA>,<NA>,0.91000000000000003109,both,<NA>
yf-preventive-default_nocovid,"YF:YF,routine,with:default_nocovid",YF,total,routine,PER,Peru,2043,0,0,<NA>,<NA>,0.91000000000000003109,both,<NA>
yf-preventive-default_nocovid,"YF:YF,routine,with:default_nocovid",YF,total,routine,PER,Peru,2044,0,0,<NA>,<NA>,0.91000000000000003109,both,<NA>
yf-preventive-default_nocovid,"YF:YF,routine,with:default_nocovid",YF,total,routine,PER,Peru,2045,0,0,<NA>,<NA>,0.91000000000000003109,both,<NA>
yf-preventive-default_nocovid,"YF:YF,routine,with:default_nocovid",YF,total,routine,PER,Peru,2046,0,0,<NA>,<NA>,0.91000000000000003109,both,<NA>
yf-preventive-default_nocovid,"YF:YF,routine,with:default_nocovid",YF,total,routine,PER,Peru,2047,0,0,<NA>,<NA>,0.91000000000000003109,both,<NA>
yf-preventive-default_nocovid,"YF:YF,routine,with:default_nocovid",YF,total,routine,PER,Peru,2048,0,0,<NA>,<NA>,0.91000000000000003109,both,<NA>
yf-preventive-default_nocovid,"YF:YF,routine,with:default_nocovid",YF,total,routine,PER,Peru,2049,0,0,<NA>,<NA>,0.91000000000000003109,both,<NA>
yf-preventive-default_nocovid,"YF:YF,routine,with:default_nocovid",YF,total,routine,PER,Peru,2050,0,0,<NA>,<NA>,0.91000000000000003109,both,<NA>
yf-preventive-default_nocovid,"YF:YF,routine,with:default_nocovid",YF,total,routine,PER,Peru,2051,0,0,<NA>,<NA>,0.91000000000000003109,both,<NA>
yf-preventive-default_nocovid,"YF:YF,routine,with:default_nocovid",YF,total,routine,PER,Peru,2052,0,0,<NA>,<NA>,0.91000000000000003109,both,<NA>
yf-preventive-default_nocovid,"YF:YF,routine,with:default_nocovid",YF,total,routine,PER,Peru,2053,0,0,<NA>,<NA>,0.91000000000000003109,both,<NA>
yf-preventive-default_nocovid,"YF:YF,routine,with:default_nocovid",YF,total,routine,PER,Peru,2054,0,0,<NA>,<NA>,0.91000000000000003109,both,<NA>
yf-preventive-default_nocovid,"YF:YF,routine,with:default_nocovid",YF,total,routine,PER,Peru,2055,0,0,<NA>,<NA>,0.91000000000000003109,both,<NA>
yf-preventive-default_nocovid,"YF:YF,routine,with:default_nocovid",YF,total,routine,PER,Peru,2056,0,0,<NA>,<NA>,0.91000000000000003109,both,<NA>
yf-preventive-default_nocovid,"YF:YF,routine,with:default_nocovid",YF,total,routine,PER,Peru,2057,0,0,<NA>,<NA>,0.91000000000000003109,both,<NA>
yf-preventive-default_nocovid,"YF:YF,routine,with:default_nocovid",YF,total,routine,PER,Peru,2058,0,0,<NA>,<NA>,0.91000000000000003109,both,<NA>
yf-preventive-default_nocovid,"YF:YF,routine,with:default_nocovid",YF,total,routine,PER,Peru,2059,0,0,<NA>,<NA>,0.91000000000000003109,both,<NA>
yf-preventive-default_nocovid,"YF:YF,routine,with:default_nocovid",YF,total,routine,PER,Peru,2060,0,0,<NA>,<NA>,0.91000000000000003109,both,<NA>
yf-preventive-default_nocovid,"YF:YF,routine,with:default_nocovid",YF,total,routine,PER,Peru,2061,0,0,<NA>,<NA>,0.91000000000000003109,both,<NA>
yf-preventive-default_nocovid,"YF:YF,routine,with:default_nocovid",YF,total,routine,PER,Peru,2062,0,0,<NA>,<NA>,0.91000000000000003109,both,<NA>
yf-preventive-default_nocovid,"YF:YF,routine,with:default_nocovid",YF,total,routine,PER,Peru,2063,0,0,<NA>,<NA>,0.91000000000000003109,both,<NA>
yf-preventive-default_nocovid,"YF:YF,routine,with:default_nocovid",YF,total,routine,PER,Peru,2064,0,0,<NA>,<NA>,0.91000000000000003109,both,<NA>
yf-preventive-default_nocovid,"YF:YF,routine,with:default_nocovid",YF,total,routine,PER,Peru,2065,0,0,<NA>,<NA>,0.91000000000000003109,both,<NA>
yf-preventive-default_nocovid,"YF:YF,routine,with:default_nocovid",YF,total,routine,PER,Peru,2066,0,0,<NA>,<NA>,0.91000000000000003109,both,<NA>
yf-preventive-default_nocovid,"YF:YF,routine,with:default_nocovid",YF,total,routine,PER,Peru,2067,0,0,<NA>,<NA>,0.91000000000000003109,both,<NA>
yf-preventive-default_nocovid,"YF:YF,routine,with:default_nocovid",YF,total,routine,PER,Peru,2068,0,0,<NA>,<NA>,0.91000000000000003109,both,<NA>
yf-preventive-default_nocovid,"YF:YF,routine,with:default_nocovid",YF,total,routine,PER,Peru,2069,0,0,<NA>,<NA>,0.91000000000000003109,both,<NA>
yf-preventive-default_nocovid,"YF:YF,routine,with:default_nocovid",YF,total,routine,PER,Peru,2070,0,0,<NA>,<NA>,0.91000000000000003109,both,<NA>
yf-preventive-default_nocovid,"YF:YF,routine,with:default_nocovid",YF,total,routine,PER,Peru,2071,0,0,<NA>,<NA>,0.91000000000000003109,both,<NA>
yf-preventive-default_nocovid,"YF:YF,routine,with:default_nocovid",YF,total,routine,PER,Peru,2072,0,0,<NA>,<NA>,0.91000000000000003109,both,<NA>
yf-preventive-default_nocovid,"YF:YF,routine,with:default_nocovid",YF,total,routine,PER,Peru,2073,0,0,<NA>,<NA>,0.91000000000000003109,both,<NA>
yf-preventive-default_nocovid,"YF:YF,routine,with:default_nocovid",YF,total,routine,PER,Peru,2074,0,0,<NA>,<NA>,0.91000000000000003109,both,<NA>
yf-preventive-default_nocovid,"YF:YF,routine,with:default_nocovid",YF,total,routine,PER,Peru,2075,0,0,<NA>,<NA>,0.91000000000000003109,both,<NA>
yf-preventive-default_nocovid,"YF:YF,routine,with:default_nocovid",YF,total,routine,PER,Peru,2076,0,0,<NA>,<NA>,0.91000000000000003109,both,<NA>
yf-preventive-default_nocovid,"YF:YF,routine,with:default_nocovid",YF,total,routine,PER,Peru,2077,0,0,<NA>,<NA>,0.91000000000000003109,both,<NA>
yf-preventive-default_nocovid,"YF:YF,routine,with:default_nocovid",YF,total,routine,PER,Peru,2078,0,0,<NA>,<NA>,0.91000000000000003109,both,<NA>
yf-preventive-default_nocovid,"YF:YF,routine,with:default_nocovid",YF,total,routine,PER,Peru,2079,0,0,<NA>,<NA>,0.91000000000000003109,both,<NA>
yf-preventive-default_nocovid,"YF:YF,routine,with:default_nocovid",YF,total,routine,PER,Peru,2080,0,0,<NA>,<NA>,0.91000000000000003109,both,<NA>
yf-preventive-default_nocovid,"YF:YF,routine,with:default_nocovid",YF,total,routine,PER,Peru,2081,0,0,<NA>,<NA>,0.91000000000000003109,both,<NA>
yf-preventive-default_nocovid,"YF:YF,routine,with:default_nocovid",YF,total,routine,PER,Peru,2082,0,0,<NA>,<NA>,0.91000000000000003109,both,<NA>
yf-preventive-default_nocovid,"YF:YF,routine,with:default_nocovid",YF,total,routine,PER,Peru,2083,0,0,<NA>,<NA>,0.91000000000000003109,both,<NA>
yf-preventive-default_nocovid,"YF:YF,routine,with:default_nocovid",YF,total,routine,PER,Peru,2084,0,0,<NA>,<NA>,0.91000000000000003109,both,<NA>
yf-preventive-default_nocovid,"YF:YF,routine,with:default_nocovid",YF,total,routine,PER,Peru,2085,0,0,<NA>,<NA>,0.91000000000000003109,both,<NA>
yf-preventive-default_nocovid,"YF:YF,routine,with:default_nocovid",YF,total,routine,PER,Peru,2086,0,0,<NA>,<NA>,0.91000000000000003109,both,<NA>
yf-preventive-default_nocovid,"YF:YF,routine,with:default_nocovid",YF,total,routine,PER,Peru,2087,0,0,<NA>,<NA>,0.91000000000000003109,both,<NA>
yf-preventive-default_nocovid,"YF:YF,routine,with:default_nocovid",YF,total,routine,PER,Peru,2088,0,0,<NA>,<NA>,0.91000000000000003109,both,<NA>
yf-preventive-default_nocovid,"YF:YF,routine,with:default_nocovid",YF,total,routine,PER,Peru,2089,0,0,<NA>,<NA>,0.91000000000000003109,both,<NA>
yf-preventive-default_nocovid,"YF:YF,routine,with:default_nocovid",YF,total,routine,PER,Peru,2090,0,0,<NA>,<NA>,0.91000000000000003109,both,<NA>
yf-preventive-default_nocovid,"YF:YF,routine,with:default_nocovid",YF,total,routine,PER,Peru,2091,0,0,<NA>,<NA>,0.91000000000000003109,both,<NA>
yf-preventive-default_nocovid,"YF:YF,routine,with:default_nocovid",YF,total,routine,PER,Peru,2092,0,0,<NA>,<NA>,0.91000000000000003109,both,<NA>
yf-preventive-default_nocovid,"YF:YF,routine,with:default_nocovid",YF,total,routine,PER,Peru,2093,0,0,<NA>,<NA>,0.91000000000000003109,both,<NA>
yf-preventive-default_nocovid,"YF:YF,routine,with:default_nocovid",YF,total,routine,PER,Peru,2094,0,0,<NA>,<NA>,0.91000000000000003109,both,<NA>
yf-preventive-default_nocovid,"YF:YF,routine,with:default_nocovid",YF,total,routine,PER,Peru,2095,0,0,<NA>,<NA>,0.91000000000000003109,both,<NA>
yf-preventive-default_nocovid,"YF:YF,routine,with:default_nocovid",YF,total,routine,PER,Peru,2096,0,0,<NA>,<NA>,0.91000000000000003109,both,<NA>
yf-preventive-default_nocovid,"YF:YF,routine,with:default_nocovid",YF,total,routine,PER,Peru,2097,0,0,<NA>,<NA>,0.91000000000000003109,both,<NA>
yf-preventive-default_nocovid,"YF:YF,routine,with:default_nocovid",YF,total,routine,PER,Peru,2098,0,0,<NA>,<NA>,0.91000000000000003109,both,<NA>
yf-preventive-default_nocovid,"YF:YF,routine,with:default_nocovid",YF,total,routine,PER,Peru,2099,0,0,<NA>,<NA>,0.91000000000000003109,both,<NA>
yf-preventive-default_nocovid,"YF:YF,routine,with:default_nocovid",YF,total,routine,PER,Peru,2100,0,0,<NA>,<NA>,0.91000000000000003109,both,<NA>
yf-preventive-default_nocovid,"YF:YF,routine,with:default_nocovid",YF,total,routine,RWA,Rwanda,2022,0,0,<NA>,<NA>,0,both,<NA>
yf-preventive-default_nocovid,"YF:YF,routine,with:default_nocovid",YF,total,routine,RWA,Rwanda,2023,0,0,<NA>,<NA>,0.97739230319175640638,both,<NA>
yf-preventive-default_nocovid,"YF:YF,routine,with:default_nocovid",YF,total,routine,RWA,Rwanda,2024,0,0,<NA>,<NA>,0.97444460225132667475,both,<NA>
yf-preventive-default_nocovid,"YF:YF,routine,with:default_nocovid",YF,total,routine,RWA,Rwanda,2025,0,0,<NA>,<NA>,0.97111256579419624746,both,<NA>
yf-preventive-default_nocovid,"YF:YF,routine,with:default_nocovid",YF,total,routine,RWA,Rwanda,2026,0,0,<NA>,<NA>,0.96734608229535523627,both,<NA>
yf-preventive-default_nocovid,"YF:YF,routine,with:default_nocovid",YF,total,routine,RWA,Rwanda,2027,0,0,<NA>,<NA>,0.96308850644660282114,both,<NA>
yf-preventive-default_nocovid,"YF:YF,routine,with:default_nocovid",YF,total,routine,RWA,Rwanda,2028,0,0,<NA>,<NA>,0.95827580725026806352,both,<NA>
yf-preventive-default_nocovid,"YF:YF,routine,with:default_nocovid",YF,total,routine,RWA,Rwanda,2029,0,0,<NA>,<NA>,0.95283560503726738578,both,<NA>
yf-preventive-default_nocovid,"YF:YF,routine,with:default_nocovid",YF,total,routine,RWA,Rwanda,2030,0,0,<NA>,<NA>,0.94668608292691458495,both,<NA>
yf-preventive-default_nocovid,"YF:YF,routine,with:default_nocovid",YF,total,routine,RWA,Rwanda,2031,0,0,<NA>,<NA>,0.95668608292691459383,both,<NA>
yf-preventive-default_nocovid,"YF:YF,routine,with:default_nocovid",YF,total,routine,RWA,Rwanda,2032,0,0,<NA>,<NA>,0.96668608292691460271,both,<NA>
yf-preventive-default_nocovid,"YF:YF,routine,with:default_nocovid",YF,total,routine,RWA,Rwanda,2033,0,0,<NA>,<NA>,0.97668608292691461159,both,<NA>
yf-preventive-default_nocovid,"YF:YF,routine,with:default_nocovid",YF,total,routine,RWA,Rwanda,2034,0,0,<NA>,<NA>,0.97739230319175640638,both,<NA>
yf-preventive-default_nocovid,"YF:YF,routine,with:default_nocovid",YF,total,routine,RWA,Rwanda,2035,0,0,<NA>,<NA>,0.97739230319175640638,both,<NA>
yf-preventive-default_nocovid,"YF:YF,routine,with:default_nocovid",YF,total,routine,RWA,Rwanda,2036,0,0,<NA>,<NA>,0.97739230319175640638,both,<NA>
yf-preventive-default_nocovid,"YF:YF,routine,with:default_nocovid",YF,total,routine,RWA,Rwanda,2037,0,0,<NA>,<NA>,0.97739230319175640638,both,<NA>
yf-preventive-default_nocovid,"YF:YF,routine,with:default_nocovid",YF,total,routine,RWA,Rwanda,2038,0,0,<NA>,<NA>,0.97739230319175640638,both,<NA>
yf-preventive-default_nocovid,"YF:YF,routine,with:default_nocovid",YF,total,routine,RWA,Rwanda,2039,0,0,<NA>,<NA>,0.97739230319175640638,both,<NA>
yf-preventive-default_nocovid,"YF:YF,routine,with:default_nocovid",YF,total,routine,RWA,Rwanda,2040,0,0,<NA>,<NA>,0.97739230319175640638,both,<NA>
yf-preventive-default_nocovid,"YF:YF,routine,with:default_nocovid",YF,total,routine,RWA,Rwanda,2041,0,0,<NA>,<NA>,0.97739230319175640638,both,<NA>
yf-preventive-default_nocovid,"YF:YF,routine,with:default_nocovid",YF,total,routine,RWA,Rwanda,2042,0,0,<NA>,<NA>,0.97739230319175640638,both,<NA>
yf-preventive-default_nocovid,"YF:YF,routine,with:default_nocovid",YF,total,routine,RWA,Rwanda,2043,0,0,<NA>,<NA>,0.97739230319175640638,both,<NA>
yf-preventive-default_nocovid,"YF:YF,routine,with:default_nocovid",YF,total,routine,RWA,Rwanda,2044,0,0,<NA>,<NA>,0.97739230319175640638,both,<NA>
yf-preventive-default_nocovid,"YF:YF,routine,with:default_nocovid",YF,total,routine,RWA,Rwanda,2045,0,0,<NA>,<NA>,0.97739230319175640638,both,<NA>
yf-preventive-default_nocovid,"YF:YF,routine,with:default_nocovid",YF,total,routine,RWA,Rwanda,2046,0,0,<NA>,<NA>,0.97739230319175640638,both,<NA>
yf-preventive-default_nocovid,"YF:YF,routine,with:default_nocovid",YF,total,routine,RWA,Rwanda,2047,0,0,<NA>,<NA>,0.97739230319175640638,both,<NA>
yf-preventive-default_nocovid,"YF:YF,routine,with:default_nocovid",YF,total,routine,RWA,Rwanda,2048,0,0,<NA>,<NA>,0.97739230319175640638,both,<NA>
yf-preventive-default_nocovid,"YF:YF,routine,with:default_nocovid",YF,total,routine,RWA,Rwanda,2049,0,0,<NA>,<NA>,0.97739230319175640638,both,<NA>
yf-preventive-default_nocovid,"YF:YF,routine,with:default_nocovid",YF,total,routine,RWA,Rwanda,2050,0,0,<NA>,<NA>,0.97739230319175640638,both,<NA>
yf-preventive-default_nocovid,"YF:YF,routine,with:default_nocovid",YF,total,routine,RWA,Rwanda,2051,0,0,<NA>,<NA>,0.97739230319175640638,both,<NA>
yf-preventive-default_nocovid,"YF:YF,routine,with:default_nocovid",YF,total,routine,RWA,Rwanda,2052,0,0,<NA>,<NA>,0.97739230319175640638,both,<NA>
yf-preventive-default_nocovid,"YF:YF,routine,with:default_nocovid",YF,total,routine,RWA,Rwanda,2053,0,0,<NA>,<NA>,0.97739230319175640638,both,<NA>
yf-preventive-default_nocovid,"YF:YF,routine,with:default_nocovid",YF,total,routine,RWA,Rwanda,2054,0,0,<NA>,<NA>,0.97739230319175640638,both,<NA>
yf-preventive-default_nocovid,"YF:YF,routine,with:default_nocovid",YF,total,routine,RWA,Rwanda,2055,0,0,<NA>,<NA>,0.97739230319175640638,both,<NA>
yf-preventive-default_nocovid,"YF:YF,routine,with:default_nocovid",YF,total,routine,RWA,Rwanda,2056,0,0,<NA>,<NA>,0.97739230319175640638,both,<NA>
yf-preventive-default_nocovid,"YF:YF,routine,with:default_nocovid",YF,total,routine,RWA,Rwanda,2057,0,0,<NA>,<NA>,0.97739230319175640638,both,<NA>
yf-preventive-default_nocovid,"YF:YF,routine,with:default_nocovid",YF,total,routine,RWA,Rwanda,2058,0,0,<NA>,<NA>,0.97739230319175640638,both,<NA>
yf-preventive-default_nocovid,"YF:YF,routine,with:default_nocovid",YF,total,routine,RWA,Rwanda,2059,0,0,<NA>,<NA>,0.97739230319175640638,both,<NA>
yf-preventive-default_nocovid,"YF:YF,routine,with:default_nocovid",YF,total,routine,RWA,Rwanda,2060,0,0,<NA>,<NA>,0.97739230319175640638,both,<NA>
yf-preventive-default_nocovid,"YF:YF,routine,with:default_nocovid",YF,total,routine,RWA,Rwanda,2061,0,0,<NA>,<NA>,0.97739230319175640638,both,<NA>
yf-preventive-default_nocovid,"YF:YF,routine,with:default_nocovid",YF,total,routine,RWA,Rwanda,2062,0,0,<NA>,<NA>,0.97739230319175640638,both,<NA>
yf-preventive-default_nocovid,"YF:YF,routine,with:default_nocovid",YF,total,routine,RWA,Rwanda,2063,0,0,<NA>,<NA>,0.97739230319175640638,both,<NA>
yf-preventive-default_nocovid,"YF:YF,routine,with:default_nocovid",YF,total,routine,RWA,Rwanda,2064,0,0,<NA>,<NA>,0.97739230319175640638,both,<NA>
yf-preventive-default_nocovid,"YF:YF,routine,with:default_nocovid",YF,total,routine,RWA,Rwanda,2065,0,0,<NA>,<NA>,0.97739230319175640638,both,<NA>
yf-preventive-default_nocovid,"YF:YF,routine,with:default_nocovid",YF,total,routine,RWA,Rwanda,2066,0,0,<NA>,<NA>,0.97739230319175640638,both,<NA>
yf-preventive-default_nocovid,"YF:YF,routine,with:default_nocovid",YF,total,routine,RWA,Rwanda,2067,0,0,<NA>,<NA>,0.97739230319175640638,both,<NA>
yf-preventive-default_nocovid,"YF:YF,routine,with:default_nocovid",YF,total,routine,RWA,Rwanda,2068,0,0,<NA>,<NA>,0.97739230319175640638,both,<NA>
yf-preventive-default_nocovid,"YF:YF,routine,with:default_nocovid",YF,total,routine,RWA,Rwanda,2069,0,0,<NA>,<NA>,0.97739230319175640638,both,<NA>
yf-preventive-default_nocovid,"YF:YF,routine,with:default_nocovid",YF,total,routine,RWA,Rwanda,2070,0,0,<NA>,<NA>,0.97739230319175640638,both,<NA>
yf-preventive-default_nocovid,"YF:YF,routine,with:default_nocovid",YF,total,routine,RWA,Rwanda,2071,0,0,<NA>,<NA>,0.97739230319175640638,both,<NA>
yf-preventive-default_nocovid,"YF:YF,routine,with:default_nocovid",YF,total,routine,RWA,Rwanda,2072,0,0,<NA>,<NA>,0.97739230319175640638,both,<NA>
yf-preventive-default_nocovid,"YF:YF,routine,with:default_nocovid",YF,total,routine,RWA,Rwanda,2073,0,0,<NA>,<NA>,0.97739230319175640638,both,<NA>
yf-preventive-default_nocovid,"YF:YF,routine,with:default_nocovid",YF,total,routine,RWA,Rwanda,2074,0,0,<NA>,<NA>,0.97739230319175640638,both,<NA>
yf-preventive-default_nocovid,"YF:YF,routine,with:default_nocovid",YF,total,routine,RWA,Rwanda,2075,0,0,<NA>,<NA>,0.97739230319175640638,both,<NA>
yf-preventive-default_nocovid,"YF:YF,routine,with:default_nocovid",YF,total,routine,RWA,Rwanda,2076,0,0,<NA>,<NA>,0.97739230319175640638,both,<NA>
yf-preventive-default_nocovid,"YF:YF,routine,with:default_nocovid",YF,total,routine,RWA,Rwanda,2077,0,0,<NA>,<NA>,0.97739230319175640638,both,<NA>
yf-preventive-default_nocovid,"YF:YF,routine,with:default_nocovid",YF,total,routine,RWA,Rwanda,2078,0,0,<NA>,<NA>,0.97739230319175640638,both,<NA>
yf-preventive-default_nocovid,"YF:YF,routine,with:default_nocovid",YF,total,routine,RWA,Rwanda,2079,0,0,<NA>,<NA>,0.97739230319175640638,both,<NA>
yf-preventive-default_nocovid,"YF:YF,routine,with:default_nocovid",YF,total,routine,RWA,Rwanda,2080,0,0,<NA>,<NA>,0.97739230319175640638,both,<NA>
yf-preventive-default_nocovid,"YF:YF,routine,with:default_nocovid",YF,total,routine,RWA,Rwanda,2081,0,0,<NA>,<NA>,0.97739230319175640638,both,<NA>
yf-preventive-default_nocovid,"YF:YF,routine,with:default_nocovid",YF,total,routine,RWA,Rwanda,2082,0,0,<NA>,<NA>,0.97739230319175640638,both,<NA>
yf-preventive-default_nocovid,"YF:YF,routine,with:default_nocovid",YF,total,routine,RWA,Rwanda,2083,0,0,<NA>,<NA>,0.97739230319175640638,both,<NA>
yf-preventive-default_nocovid,"YF:YF,routine,with:default_nocovid",YF,total,routine,RWA,Rwanda,2084,0,0,<NA>,<NA>,0.97739230319175640638,both,<NA>
yf-preventive-default_nocovid,"YF:YF,routine,with:default_nocovid",YF,total,routine,RWA,Rwanda,2085,0,0,<NA>,<NA>,0.97739230319175640638,both,<NA>
yf-preventive-default_nocovid,"YF:YF,routine,with:default_nocovid",YF,total,routine,RWA,Rwanda,2086,0,0,<NA>,<NA>,0.97739230319175640638,both,<NA>
yf-preventive-default_nocovid,"YF:YF,routine,with:default_nocovid",YF,total,routine,RWA,Rwanda,2087,0,0,<NA>,<NA>,0.97739230319175640638,both,<NA>
yf-preventive-default_nocovid,"YF:YF,routine,with:default_nocovid",YF,total,routine,RWA,Rwanda,2088,0,0,<NA>,<NA>,0.97739230319175640638,both,<NA>
yf-preventive-default_nocovid,"YF:YF,routine,with:default_nocovid",YF,total,routine,RWA,Rwanda,2089,0,0,<NA>,<NA>,0.97739230319175640638,both,<NA>
yf-preventive-default_nocovid,"YF:YF,routine,with:default_nocovid",YF,total,routine,RWA,Rwanda,2090,0,0,<NA>,<NA>,0.97739230319175640638,both,<NA>
yf-preventive-default_nocovid,"YF:YF,routine,with:default_nocovid",YF,total,routine,RWA,Rwanda,2091,0,0,<NA>,<NA>,0.97739230319175640638,both,<NA>
yf-preventive-default_nocovid,"YF:YF,routine,with:default_nocovid",YF,total,routine,RWA,Rwanda,2092,0,0,<NA>,<NA>,0.97739230319175640638,both,<NA>
yf-preventive-default_nocovid,"YF:YF,routine,with:default_nocovid",YF,total,routine,RWA,Rwanda,2093,0,0,<NA>,<NA>,0.97739230319175640638,both,<NA>
yf-preventive-default_nocovid,"YF:YF,routine,with:default_nocovid",YF,total,routine,RWA,Rwanda,2094,0,0,<NA>,<NA>,0.97739230319175640638,both,<NA>
yf-preventive-default_nocovid,"YF:YF,routine,with:default_nocovid",YF,total,routine,RWA,Rwanda,2095,0,0,<NA>,<NA>,0.97739230319175640638,both,<NA>
yf-preventive-default_nocovid,"YF:YF,routine,with:default_nocovid",YF,total,routine,RWA,Rwanda,2096,0,0,<NA>,<NA>,0.97739230319175640638,both,<NA>
yf-preventive-default_nocovid,"YF:YF,routine,with:default_nocovid",YF,total,routine,RWA,Rwanda,2097,0,0,<NA>,<NA>,0.97739230319175640638,both,<NA>
yf-preventive-default_nocovid,"YF:YF,routine,with:default_nocovid",YF,total,routine,RWA,Rwanda,2098,0,0,<NA>,<NA>,0.97739230319175640638,both,<NA>
yf-preventive-default_nocovid,"YF:YF,routine,with:default_nocovid",YF,total,routine,RWA,Rwanda,2099,0,0,<NA>,<NA>,0.97739230319175640638,both,<NA>
yf-preventive-default_nocovid,"YF:YF,routine,with:default_nocovid",YF,total,routine,RWA,Rwanda,2100,0,0,<NA>,<NA>,0.97739230319175640638,both,<NA>
yf-preventive-default_nocovid,"YF:YF,routine,with:default_nocovid",YF,total,routine,SDN,Sudan,2022,0,0,<NA>,<NA>,0,both,<NA>
yf-preventive-default_nocovid,"YF:YF,routine,with:default_nocovid",YF,total,routine,SDN,Sudan,2023,0,0,<NA>,<NA>,0,both,<NA>
yf-preventive-default_nocovid,"YF:YF,routine,with:default_nocovid",YF,total,routine,SDN,Sudan,2024,0,0,<NA>,<NA>,0.91569484865855554911,both,<NA>
yf-preventive-default_nocovid,"YF:YF,routine,with:default_nocovid",YF,total,routine,SDN,Sudan,2025,0,0,<NA>,<NA>,0.90748074041580339966,both,<NA>
yf-preventive-default_nocovid,"YF:YF,routine,with:default_nocovid",YF,total,routine,SDN,Sudan,2026,0,0,<NA>,<NA>,0.89846630653280212808,both,<NA>
yf-preventive-default_nocovid,"YF:YF,routine,with:default_nocovid",YF,total,routine,SDN,Sudan,2027,0,0,<NA>,<NA>,0.88857356883937033132,both,<NA>
yf-preventive-default_nocovid,"YF:YF,routine,with:default_nocovid",YF,total,routine,SDN,Sudan,2028,0,0,<NA>,<NA>,0.87771695151417217229,both,<NA>
yf-preventive-default_nocovid,"YF:YF,routine,with:default_nocovid",YF,total,routine,SDN,Sudan,2029,0,0,<NA>,<NA>,0.86580254082237251279,both,<NA>
yf-preventive-default_nocovid,"YF:YF,routine,with:default_nocovid",YF,total,routine,SDN,Sudan,2030,0,0,<NA>,<NA>,0.85272727272727277814,both,<NA>
yf-preventive-default_nocovid,"YF:YF,routine,with:default_nocovid",YF,total,routine,SDN,Sudan,2031,0,0,<NA>,<NA>,0.86272727272727278702,both,<NA>
yf-preventive-default_nocovid,"YF:YF,routine,with:default_nocovid",YF,total,routine,SDN,Sudan,2032,0,0,<NA>,<NA>,0.8727272727272727959,both,<NA>
yf-preventive-default_nocovid,"YF:YF,routine,with:default_nocovid",YF,total,routine,SDN,Sudan,2033,0,0,<NA>,<NA>,0.88272727272727280479,both,<NA>
yf-preventive-default_nocovid,"YF:YF,routine,with:default_nocovid",YF,total,routine,SDN,Sudan,2034,0,0,<NA>,<NA>,0.89272727272727281367,both,<NA>
yf-preventive-default_nocovid,"YF:YF,routine,with:default_nocovid",YF,total,routine,SDN,Sudan,2035,0,0,<NA>,<NA>,0.90272727272727282255,both,<NA>
yf-preventive-default_nocovid,"YF:YF,routine,with:default_nocovid",YF,total,routine,SDN,Sudan,2036,0,0,<NA>,<NA>,0.91272727272727283143,both,<NA>
yf-preventive-default_nocovid,"YF:YF,routine,with:default_nocovid",YF,total,routine,SDN,Sudan,2037,0,0,<NA>,<NA>,0.91569484865855554911,both,<NA>
yf-preventive-default_nocovid,"YF:YF,routine,with:default_nocovid",YF,total,routine,SDN,Sudan,2038,0,0,<NA>,<NA>,0.91569484865855554911,both,<NA>
yf-preventive-default_nocovid,"YF:YF,routine,with:default_nocovid",YF,total,routine,SDN,Sudan,2039,0,0,<NA>,<NA>,0.91569484865855554911,both,<NA>
yf-preventive-default_nocovid,"YF:YF,routine,with:default_nocovid",YF,total,routine,SDN,Sudan,2040,0,0,<NA>,<NA>,0.91569484865855554911,both,<NA>
yf-preventive-default_nocovid,"YF:YF,routine,with:default_nocovid",YF,total,routine,SDN,Sudan,2041,0,0,<NA>,<NA>,0.91569484865855554911,both,<NA>
yf-preventive-default_nocovid,"YF:YF,routine,with:default_nocovid",YF,total,routine,SDN,Sudan,2042,0,0,<NA>,<NA>,0.91569484865855554911,both,<NA>
yf-preventive-default_nocovid,"YF:YF,routine,with:default_nocovid",YF,total,routine,SDN,Sudan,2043,0,0,<NA>,<NA>,0.91569484865855554911,both,<NA>
yf-preventive-default_nocovid,"YF:YF,routine,with:default_nocovid",YF,total,routine,SDN,Sudan,2044,0,0,<NA>,<NA>,0.91569484865855554911,both,<NA>
yf-preventive-default_nocovid,"YF:YF,routine,with:default_nocovid",YF,total,routine,SDN,Sudan,2045,0,0,<NA>,<NA>,0.91569484865855554911,both,<NA>
yf-preventive-default_nocovid,"YF:YF,routine,with:default_nocovid",YF,total,routine,SDN,Sudan,2046,0,0,<NA>,<NA>,0.91569484865855554911,both,<NA>
yf-preventive-default_nocovid,"YF:YF,routine,with:default_nocovid",YF,total,routine,SDN,Sudan,2047,0,0,<NA>,<NA>,0.91569484865855554911,both,<NA>
yf-preventive-default_nocovid,"YF:YF,routine,with:default_nocovid",YF,total,routine,SDN,Sudan,2048,0,0,<NA>,<NA>,0.91569484865855554911,both,<NA>
yf-preventive-default_nocovid,"YF:YF,routine,with:default_nocovid",YF,total,routine,SDN,Sudan,2049,0,0,<NA>,<NA>,0.91569484865855554911,both,<NA>
yf-preventive-default_nocovid,"YF:YF,routine,with:default_nocovid",YF,total,routine,SDN,Sudan,2050,0,0,<NA>,<NA>,0.91569484865855554911,both,<NA>
yf-preventive-default_nocovid,"YF:YF,routine,with:default_nocovid",YF,total,routine,SDN,Sudan,2051,0,0,<NA>,<NA>,0.91569484865855554911,both,<NA>
yf-preventive-default_nocovid,"YF:YF,routine,with:default_nocovid",YF,total,routine,SDN,Sudan,2052,0,0,<NA>,<NA>,0.91569484865855554911,both,<NA>
yf-preventive-default_nocovid,"YF:YF,routine,with:default_nocovid",YF,total,routine,SDN,Sudan,2053,0,0,<NA>,<NA>,0.91569484865855554911,both,<NA>
yf-preventive-default_nocovid,"YF:YF,routine,with:default_nocovid",YF,total,routine,SDN,Sudan,2054,0,0,<NA>,<NA>,0.91569484865855554911,both,<NA>
yf-preventive-default_nocovid,"YF:YF,routine,with:default_nocovid",YF,total,routine,SDN,Sudan,2055,0,0,<NA>,<NA>,0.91569484865855554911,both,<NA>
yf-preventive-default_nocovid,"YF:YF,routine,with:default_nocovid",YF,total,routine,SDN,Sudan,2056,0,0,<NA>,<NA>,0.91569484865855554911,both,<NA>
yf-preventive-default_nocovid,"YF:YF,routine,with:default_nocovid",YF,total,routine,SDN,Sudan,2057,0,0,<NA>,<NA>,0.91569484865855554911,both,<NA>
yf-preventive-default_nocovid,"YF:YF,routine,with:default_nocovid",YF,total,routine,SDN,Sudan,2058,0,0,<NA>,<NA>,0.91569484865855554911,both,<NA>
yf-preventive-default_nocovid,"YF:YF,routine,with:default_nocovid",YF,total,routine,SDN,Sudan,2059,0,0,<NA>,<NA>,0.91569484865855554911,both,<NA>
yf-preventive-default_nocovid,"YF:YF,routine,with:default_nocovid",YF,total,routine,SDN,Sudan,2060,0,0,<NA>,<NA>,0.91569484865855554911,both,<NA>
yf-preventive-default_nocovid,"YF:YF,routine,with:default_nocovid",YF,total,routine,SDN,Sudan,2061,0,0,<NA>,<NA>,0.91569484865855554911,both,<NA>
yf-preventive-default_nocovid,"YF:YF,routine,with:default_nocovid",YF,total,routine,SDN,Sudan,2062,0,0,<NA>,<NA>,0.91569484865855554911,both,<NA>
yf-preventive-default_nocovid,"YF:YF,routine,with:default_nocovid",YF,total,routine,SDN,Sudan,2063,0,0,<NA>,<NA>,0.91569484865855554911,both,<NA>
yf-preventive-default_nocovid,"YF:YF,routine,with:default_nocovid",YF,total,routine,SDN,Sudan,2064,0,0,<NA>,<NA>,0.91569484865855554911,both,<NA>
yf-preventive-default_nocovid,"YF:YF,routine,with:default_nocovid",YF,total,routine,SDN,Sudan,2065,0,0,<NA>,<NA>,0.91569484865855554911,both,<NA>
yf-preventive-default_nocovid,"YF:YF,routine,with:default_nocovid",YF,total,routine,SDN,Sudan,2066,0,0,<NA>,<NA>,0.91569484865855554911,both,<NA>
yf-preventive-default_nocovid,"YF:YF,routine,with:default_nocovid",YF,total,routine,SDN,Sudan,2067,0,0,<NA>,<NA>,0.91569484865855554911,both,<NA>
yf-preventive-default_nocovid,"YF:YF,routine,with:default_nocovid",YF,total,routine,SDN,Sudan,2068,0,0,<NA>,<NA>,0.91569484865855554911,both,<NA>
yf-preventive-default_nocovid,"YF:YF,routine,with:default_nocovid",YF,total,routine,SDN,Sudan,2069,0,0,<NA>,<NA>,0.91569484865855554911,both,<NA>
yf-preventive-default_nocovid,"YF:YF,routine,with:default_nocovid",YF,total,routine,SDN,Sudan,2070,0,0,<NA>,<NA>,0.91569484865855554911,both,<NA>
yf-preventive-default_nocovid,"YF:YF,routine,with:default_nocovid",YF,total,routine,SDN,Sudan,2071,0,0,<NA>,<NA>,0.91569484865855554911,both,<NA>
yf-preventive-default_nocovid,"YF:YF,routine,with:default_nocovid",YF,total,routine,SDN,Sudan,2072,0,0,<NA>,<NA>,0.91569484865855554911,both,<NA>
yf-preventive-default_nocovid,"YF:YF,routine,with:default_nocovid",YF,total,routine,SDN,Sudan,2073,0,0,<NA>,<NA>,0.91569484865855554911,both,<NA>
yf-preventive-default_nocovid,"YF:YF,routine,with:default_nocovid",YF,total,routine,SDN,Sudan,2074,0,0,<NA>,<NA>,0.91569484865855554911,both,<NA>
yf-preventive-default_nocovid,"YF:YF,routine,with:default_nocovid",YF,total,routine,SDN,Sudan,2075,0,0,<NA>,<NA>,0.91569484865855554911,both,<NA>
yf-preventive-default_nocovid,"YF:YF,routine,with:default_nocovid",YF,total,routine,SDN,Sudan,2076,0,0,<NA>,<NA>,0.91569484865855554911,both,<NA>
yf-preventive-default_nocovid,"YF:YF,routine,with:default_nocovid",YF,total,routine,SDN,Sudan,2077,0,0,<NA>,<NA>,0.91569484865855554911,both,<NA>
yf-preventive-default_nocovid,"YF:YF,routine,with:default_nocovid",YF,total,routine,SDN,Sudan,2078,0,0,<NA>,<NA>,0.91569484865855554911,both,<NA>
yf-preventive-default_nocovid,"YF:YF,routine,with:default_nocovid",YF,total,routine,SDN,Sudan,2079,0,0,<NA>,<NA>,0.91569484865855554911,both,<NA>
yf-preventive-default_nocovid,"YF:YF,routine,with:default_nocovid",YF,total,routine,SDN,Sudan,2080,0,0,<NA>,<NA>,0.91569484865855554911,both,<NA>
yf-preventive-default_nocovid,"YF:YF,routine,with:default_nocovid",YF,total,routine,SDN,Sudan,2081,0,0,<NA>,<NA>,0.91569484865855554911,both,<NA>
yf-preventive-default_nocovid,"YF:YF,routine,with:default_nocovid",YF,total,routine,SDN,Sudan,2082,0,0,<NA>,<NA>,0.91569484865855554911,both,<NA>
yf-preventive-default_nocovid,"YF:YF,routine,with:default_nocovid",YF,total,routine,SDN,Sudan,2083,0,0,<NA>,<NA>,0.91569484865855554911,both,<NA>
yf-preventive-default_nocovid,"YF:YF,routine,with:default_nocovid",YF,total,routine,SDN,Sudan,2084,0,0,<NA>,<NA>,0.91569484865855554911,both,<NA>
yf-preventive-default_nocovid,"YF:YF,routine,with:default_nocovid",YF,total,routine,SDN,Sudan,2085,0,0,<NA>,<NA>,0.91569484865855554911,both,<NA>
yf-preventive-default_nocovid,"YF:YF,routine,with:default_nocovid",YF,total,routine,SDN,Sudan,2086,0,0,<NA>,<NA>,0.91569484865855554911,both,<NA>
yf-preventive-default_nocovid,"YF:YF,routine,with:default_nocovid",YF,total,routine,SDN,Sudan,2087,0,0,<NA>,<NA>,0.91569484865855554911,both,<NA>
yf-preventive-default_nocovid,"YF:YF,routine,with:default_nocovid",YF,total,routine,SDN,Sudan,2088,0,0,<NA>,<NA>,0.91569484865855554911,both,<NA>
yf-preventive-default_nocovid,"YF:YF,routine,with:default_nocovid",YF,total,routine,SDN,Sudan,2089,0,0,<NA>,<NA>,0.91569484865855554911,both,<NA>
yf-preventive-default_nocovid,"YF:YF,routine,with:default_nocovid",YF,total,routine,SDN,Sudan,2090,0,0,<NA>,<NA>,0.91569484865855554911,both,<NA>
yf-preventive-default_nocovid,"YF:YF,routine,with:default_nocovid",YF,total,routine,SDN,Sudan,2091,0,0,<NA>,<NA>,0.91569484865855554911,both,<NA>
yf-preventive-default_nocovid,"YF:YF,routine,with:default_nocovid",YF,total,routine,SDN,Sudan,2092,0,0,<NA>,<NA>,0.91569484865855554911,both,<NA>
yf-preventive-default_nocovid,"YF:YF,routine,with:default_nocovid",YF,total,routine,SDN,Sudan,2093,0,0,<NA>,<NA>,0.91569484865855554911,both,<NA>
yf-preventive-default_nocovid,"YF:YF,routine,with:default_nocovid",YF,total,routine,SDN,Sudan,2094,0,0,<NA>,<NA>,0.91569484865855554911,both,<NA>
yf-preventive-default_nocovid,"YF:YF,routine,with:default_nocovid",YF,total,routine,SDN,Sudan,2095,0,0,<NA>,<NA>,0.91569484865855554911,both,<NA>
yf-preventive-default_nocovid,"YF:YF,routine,with:default_nocovid",YF,total,routine,SDN,Sudan,2096,0,0,<NA>,<NA>,0.91569484865855554911,both,<NA>
yf-preventive-default_nocovid,"YF:YF,routine,with:default_nocovid",YF,total,routine,SDN,Sudan,2097,0,0,<NA>,<NA>,0.91569484865855554911,both,<NA>
yf-preventive-default_nocovid,"YF:YF,routine,with:default_nocovid",YF,total,routine,SDN,Sudan,2098,0,0,<NA>,<NA>,0.91569484865855554911,both,<NA>
yf-preventive-default_nocovid,"YF:YF,routine,with:default_nocovid",YF,total,routine,SDN,Sudan,2099,0,0,<NA>,<NA>,0.91569484865855554911,both,<NA>
yf-preventive-default_nocovid,"YF:YF,routine,with:default_nocovid",YF,total,routine,SDN,Sudan,2100,0,0,<NA>,<NA>,0.91569484865855554911,both,<NA>
yf-preventive-default_nocovid,"YF:YF,routine,with:default_nocovid",YF,total,routine,SEN,Senegal,1980,0,0,use default routine age for this projection,<NA>,0,both,<NA>
yf-preventive-default_nocovid,"YF:YF,routine,with:default_nocovid",YF,total,routine,SEN,Senegal,1981,0,0,use default routine age for this projection,<NA>,0,both,<NA>
yf-preventive-default_nocovid,"YF:YF,routine,with:default_nocovid",YF,total,routine,SEN,Senegal,1982,0,0,use default routine age for this projection,<NA>,0,both,<NA>
yf-preventive-default_nocovid,"YF:YF,routine,with:default_nocovid",YF,total,routine,SEN,Senegal,1983,0,0,use default routine age for this projection,<NA>,0,both,<NA>
yf-preventive-default_nocovid,"YF:YF,routine,with:default_nocovid",YF,total,routine,SEN,Senegal,1984,0,0,use default routine age for this projection,<NA>,0,both,<NA>
yf-preventive-default_nocovid,"YF:YF,routine,with:default_nocovid",YF,total,routine,SEN,Senegal,1985,0,0,use default routine age for this projection,<NA>,0,both,<NA>
yf-preventive-default_nocovid,"YF:YF,routine,with:default_nocovid",YF,total,routine,SEN,Senegal,1986,0,0,use default routine age for this projection,<NA>,0,both,<NA>
yf-preventive-default_nocovid,"YF:YF,routine,with:default_nocovid",YF,total,routine,SEN,Senegal,1987,0,0,use default routine age for this projection,<NA>,0,both,<NA>
yf-preventive-default_nocovid,"YF:YF,routine,with:default_nocovid",YF,total,routine,SEN,Senegal,1988,0,0,use default routine age for this projection,<NA>,0,both,<NA>
yf-preventive-default_nocovid,"YF:YF,routine,with:default_nocovid",YF,total,routine,SEN,Senegal,1989,0,0,use default routine age for this projection,<NA>,0,both,<NA>
yf-preventive-default_nocovid,"YF:YF,routine,with:default_nocovid",YF,total,routine,SEN,Senegal,1990,0,0,use default routine age for this projection,<NA>,0,both,<NA>
yf-preventive-default_nocovid,"YF:YF,routine,with:default_nocovid",YF,total,routine,SEN,Senegal,1991,0,0,use default routine age for this projection,<NA>,0,both,<NA>
yf-preventive-default_nocovid,"YF:YF,routine,with:default_nocovid",YF,total,routine,SEN,Senegal,1992,0,0,use default routine age for this projection,<NA>,0,both,<NA>
yf-preventive-default_nocovid,"YF:YF,routine,with:default_nocovid",YF,total,routine,SEN,Senegal,1993,0,0,use default routine age for this projection,<NA>,0,both,<NA>
yf-preventive-default_nocovid,"YF:YF,routine,with:default_nocovid",YF,total,routine,SEN,Senegal,1994,0,0,use default routine age for this projection,<NA>,0,both,<NA>
yf-preventive-default_nocovid,"YF:YF,routine,with:default_nocovid",YF,total,routine,SEN,Senegal,1995,0,0,use default routine age for this projection,<NA>,0,both,<NA>
yf-preventive-default_nocovid,"YF:YF,routine,with:default_nocovid",YF,total,routine,SEN,Senegal,1996,0,0,use default routine age for this projection,<NA>,0,both,<NA>
yf-preventive-default_nocovid,"YF:YF,routine,with:default_nocovid",YF,total,routine,SEN,Senegal,1997,0,0,use default routine age for this projection,<NA>,0,both,<NA>
yf-preventive-default_nocovid,"YF:YF,routine,with:default_nocovid",YF,total,routine,SEN,Senegal,1998,0,0,default routine age,<NA>,0.5,both,<NA>
yf-preventive-default_nocovid,"YF:YF,routine,with:default_nocovid",YF,total,routine,SEN,Senegal,1999,0,0,default routine age,<NA>,0.42999999999999999334,both,<NA>
yf-preventive-default_nocovid,"YF:YF,routine,with:default_nocovid",YF,total,routine,SEN,Senegal,2000,0,0,default routine age,<NA>,0.34000000000000002442,both,<NA>
yf-preventive-default_nocovid,"YF:YF,routine,with:default_nocovid",YF,total,routine,SEN,Senegal,2001,0,0,default routine age,<NA>,0.34000000000000002442,both,<NA>
yf-preventive-default_nocovid,"YF:YF,routine,with:default_nocovid",YF,total,routine,SEN,Senegal,2002,0,0,default routine age,<NA>,0.53000000000000002665,both,<NA>
yf-preventive-default_nocovid,"YF:YF,routine,with:default_nocovid",YF,total,routine,SEN,Senegal,2003,0,0,default routine age,<NA>,0.58999999999999996891,both,<NA>
yf-preventive-default_nocovid,"YF:YF,routine,with:default_nocovid",YF,total,routine,SEN,Senegal,2004,0,0,default routine age,<NA>,0.75,both,<NA>
yf-preventive-default_nocovid,"YF:YF,routine,with:default_nocovid",YF,total,routine,SEN,Senegal,2005,0,0,default routine age,<NA>,0.75,both,<NA>
yf-preventive-default_nocovid,"YF:YF,routine,with:default_nocovid",YF,total,routine,SEN,Senegal,2006,0,0,default routine age,<NA>,0.80000000000000004441,both,<NA>
yf-preventive-default_nocovid,"YF:YF,routine,with:default_nocovid",YF,total,routine,SEN,Senegal,2007,0,0,default routine age,<NA>,0.85999999999999998668,both,<NA>
yf-preventive-default_nocovid,"YF:YF,routine,with:default_nocovid",YF,total,routine,SEN,Senegal,2008,0,0,default routine age,<NA>,0.81000000000000005329,both,<NA>
yf-preventive-default_nocovid,"YF:YF,routine,with:default_nocovid",YF,total,routine,SEN,Senegal,2009,0,0,default routine age,<NA>,0.76000000000000000888,both,<NA>
yf-preventive-default_nocovid,"YF:YF,routine,with:default_nocovid",YF,total,routine,SEN,Senegal,2010,0,0,default routine age,<NA>,0.80000000000000004441,both,<NA>
yf-preventive-default_nocovid,"YF:YF,routine,with:default_nocovid",YF,total,routine,SEN,Senegal,2011,0,0,default routine age,<NA>,0.83999999999999996891,both,<NA>
yf-preventive-default_nocovid,"YF:YF,routine,with:default_nocovid",YF,total,routine,SEN,Senegal,2012,0,0,default routine age,<NA>,0.80000000000000004441,both,<NA>
yf-preventive-default_nocovid,"YF:YF,routine,with:default_nocovid",YF,total,routine,SEN,Senegal,2013,0,0,default routine age,<NA>,0.82999999999999996003,both,<NA>
yf-preventive-default_nocovid,"YF:YF,routine,with:default_nocovid",YF,total,routine,SEN,Senegal,2014,0,0,default routine age,<NA>,0.80000000000000004441,both,<NA>
yf-preventive-default_nocovid,"YF:YF,routine,with:default_nocovid",YF,total,routine,SEN,Senegal,2015,0,0,default routine age,<NA>,0.80000000000000004441,both,<NA>
yf-preventive-default_nocovid,"YF:YF,routine,with:default_nocovid",YF,total,routine,SEN,Senegal,2016,0,0,default routine age,<NA>,0.77000000000000001776,both,<NA>
yf-preventive-default_nocovid,"YF:YF,routine,with:default_nocovid",YF,total,routine,SEN,Senegal,2017,0,0,default routine age,<NA>,0.79000000000000003553,both,<NA>
yf-preventive-default_nocovid,"YF:YF,routine,with:default_nocovid",YF,total,routine,SEN,Senegal,2018,0,0,default routine age,<NA>,0.79000000000000003553,both,<NA>
yf-preventive-default_nocovid,"YF:YF,routine,with:default_nocovid",YF,total,routine,SEN,Senegal,2019,0,0,default routine age,<NA>,0.81999999999999995115,both,<NA>
yf-preventive-default_nocovid,"YF:YF,routine,with:default_nocovid",YF,total,routine,SEN,Senegal,2020,0,0,default routine age,<NA>,0.88000000000000000444,both,<NA>
yf-preventive-default_nocovid,"YF:YF,routine,with:default_nocovid",YF,total,routine,SEN,Senegal,2021,0,0,default routine age,<NA>,0.88097046397055578382,both,<NA>
yf-preventive-default_nocovid,"YF:YF,routine,with:default_nocovid",YF,total,routine,SEN,Senegal,2022,0,0,<NA>,<NA>,0.88193307960512701271,both,<NA>
yf-preventive-default_nocovid,"YF:YF,routine,with:default_nocovid",YF,total,routine,SEN,Senegal,2023,0,0,<NA>,<NA>,0.88288791037477443169,both,<NA>
yf-preventive-default_nocovid,"YF:YF,routine,with:default_nocovid",YF,total,routine,SEN,Senegal,2024,0,0,<NA>,<NA>,0.88383501923725593663,both,<NA>
yf-preventive-default_nocovid,"YF:YF,routine,with:default_nocovid",YF,total,routine,SEN,Senegal,2025,0,0,<NA>,<NA>,0.88477446864117714753,both,<NA>
yf-preventive-default_nocovid,"YF:YF,routine,with:default_nocovid",YF,total,routine,SEN,Senegal,2026,0,0,<NA>,<NA>,0.88570632053010944773,both,<NA>
yf-preventive-default_nocovid,"YF:YF,routine,with:default_nocovid",YF,total,routine,SEN,Senegal,2027,0,0,<NA>,<NA>,0.88663063634667427237,both,<NA>
yf-preventive-default_nocovid,"YF:YF,routine,with:default_nocovid",YF,total,routine,SEN,Senegal,2028,0,0,<NA>,<NA>,0.88754747703659409019,both,<NA>
yf-preventive-default_nocovid,"YF:YF,routine,with:default_nocovid",YF,total,routine,SEN,Senegal,2029,0,0,<NA>,<NA>,0.88845690305271141085,both,<NA>
yf-preventive-default_nocovid,"YF:YF,routine,with:default_nocovid",YF,total,routine,SEN,Senegal,2030,0,0,<NA>,<NA>,0.88935897435897437457,both,<NA>
yf-preventive-default_nocovid,"YF:YF,routine,with:default_nocovid",YF,total,routine,SEN,Senegal,2031,0,0,<NA>,<NA>,0.89935897435897438346,both,<NA>
yf-preventive-default_nocovid,"YF:YF,routine,with:default_nocovid",YF,total,routine,SEN,Senegal,2032,0,0,<NA>,<NA>,0.9000000000000000222,both,<NA>
yf-preventive-default_nocovid,"YF:YF,routine,with:default_nocovid",YF,total,routine,SEN,Senegal,2033,0,0,<NA>,<NA>,0.9000000000000000222,both,<NA>
yf-preventive-default_nocovid,"YF:YF,routine,with:default_nocovid",YF,total,routine,SEN,Senegal,2034,0,0,<NA>,<NA>,0.9000000000000000222,both,<NA>
yf-preventive-default_nocovid,"YF:YF,routine,with:default_nocovid",YF,total,routine,SEN,Senegal,2035,0,0,<NA>,<NA>,0.9000000000000000222,both,<NA>
yf-preventive-default_nocovid,"YF:YF,routine,with:default_nocovid",YF,total,routine,SEN,Senegal,2036,0,0,<NA>,<NA>,0.9000000000000000222,both,<NA>
yf-preventive-default_nocovid,"YF:YF,routine,with:default_nocovid",YF,total,routine,SEN,Senegal,2037,0,0,<NA>,<NA>,0.9000000000000000222,both,<NA>
yf-preventive-default_nocovid,"YF:YF,routine,with:default_nocovid",YF,total,routine,SEN,Senegal,2038,0,0,<NA>,<NA>,0.9000000000000000222,both,<NA>
yf-preventive-default_nocovid,"YF:YF,routine,with:default_nocovid",YF,total,routine,SEN,Senegal,2039,0,0,<NA>,<NA>,0.9000000000000000222,both,<NA>
yf-preventive-default_nocovid,"YF:YF,routine,with:default_nocovid",YF,total,routine,SEN,Senegal,2040,0,0,<NA>,<NA>,0.9000000000000000222,both,<NA>
yf-preventive-default_nocovid,"YF:YF,routine,with:default_nocovid",YF,total,routine,SEN,Senegal,2041,0,0,<NA>,<NA>,0.9000000000000000222,both,<NA>
yf-preventive-default_nocovid,"YF:YF,routine,with:default_nocovid",YF,total,routine,SEN,Senegal,2042,0,0,<NA>,<NA>,0.9000000000000000222,both,<NA>
yf-preventive-default_nocovid,"YF:YF,routine,with:default_nocovid",YF,total,routine,SEN,Senegal,2043,0,0,<NA>,<NA>,0.9000000000000000222,both,<NA>
yf-preventive-default_nocovid,"YF:YF,routine,with:default_nocovid",YF,total,routine,SEN,Senegal,2044,0,0,<NA>,<NA>,0.9000000000000000222,both,<NA>
yf-preventive-default_nocovid,"YF:YF,routine,with:default_nocovid",YF,total,routine,SEN,Senegal,2045,0,0,<NA>,<NA>,0.9000000000000000222,both,<NA>
yf-preventive-default_nocovid,"YF:YF,routine,with:default_nocovid",YF,total,routine,SEN,Senegal,2046,0,0,<NA>,<NA>,0.9000000000000000222,both,<NA>
yf-preventive-default_nocovid,"YF:YF,routine,with:default_nocovid",YF,total,routine,SEN,Senegal,2047,0,0,<NA>,<NA>,0.9000000000000000222,both,<NA>
yf-preventive-default_nocovid,"YF:YF,routine,with:default_nocovid",YF,total,routine,SEN,Senegal,2048,0,0,<NA>,<NA>,0.9000000000000000222,both,<NA>
yf-preventive-default_nocovid,"YF:YF,routine,with:default_nocovid",YF,total,routine,SEN,Senegal,2049,0,0,<NA>,<NA>,0.9000000000000000222,both,<NA>
yf-preventive-default_nocovid,"YF:YF,routine,with:default_nocovid",YF,total,routine,SEN,Senegal,2050,0,0,<NA>,<NA>,0.9000000000000000222,both,<NA>
yf-preventive-default_nocovid,"YF:YF,routine,with:default_nocovid",YF,total,routine,SEN,Senegal,2051,0,0,<NA>,<NA>,0.9000000000000000222,both,<NA>
yf-preventive-default_nocovid,"YF:YF,routine,with:default_nocovid",YF,total,routine,SEN,Senegal,2052,0,0,<NA>,<NA>,0.9000000000000000222,both,<NA>
yf-preventive-default_nocovid,"YF:YF,routine,with:default_nocovid",YF,total,routine,SEN,Senegal,2053,0,0,<NA>,<NA>,0.9000000000000000222,both,<NA>
yf-preventive-default_nocovid,"YF:YF,routine,with:default_nocovid",YF,total,routine,SEN,Senegal,2054,0,0,<NA>,<NA>,0.9000000000000000222,both,<NA>
yf-preventive-default_nocovid,"YF:YF,routine,with:default_nocovid",YF,total,routine,SEN,Senegal,2055,0,0,<NA>,<NA>,0.9000000000000000222,both,<NA>
yf-preventive-default_nocovid,"YF:YF,routine,with:default_nocovid",YF,total,routine,SEN,Senegal,2056,0,0,<NA>,<NA>,0.9000000000000000222,both,<NA>
yf-preventive-default_nocovid,"YF:YF,routine,with:default_nocovid",YF,total,routine,SEN,Senegal,2057,0,0,<NA>,<NA>,0.9000000000000000222,both,<NA>
yf-preventive-default_nocovid,"YF:YF,routine,with:default_nocovid",YF,total,routine,SEN,Senegal,2058,0,0,<NA>,<NA>,0.9000000000000000222,both,<NA>
yf-preventive-default_nocovid,"YF:YF,routine,with:default_nocovid",YF,total,routine,SEN,Senegal,2059,0,0,<NA>,<NA>,0.9000000000000000222,both,<NA>
yf-preventive-default_nocovid,"YF:YF,routine,with:default_nocovid",YF,total,routine,SEN,Senegal,2060,0,0,<NA>,<NA>,0.9000000000000000222,both,<NA>
yf-preventive-default_nocovid,"YF:YF,routine,with:default_nocovid",YF,total,routine,SEN,Senegal,2061,0,0,<NA>,<NA>,0.9000000000000000222,both,<NA>
yf-preventive-default_nocovid,"YF:YF,routine,with:default_nocovid",YF,total,routine,SEN,Senegal,2062,0,0,<NA>,<NA>,0.9000000000000000222,both,<NA>
yf-preventive-default_nocovid,"YF:YF,routine,with:default_nocovid",YF,total,routine,SEN,Senegal,2063,0,0,<NA>,<NA>,0.9000000000000000222,both,<NA>
yf-preventive-default_nocovid,"YF:YF,routine,with:default_nocovid",YF,total,routine,SEN,Senegal,2064,0,0,<NA>,<NA>,0.9000000000000000222,both,<NA>
yf-preventive-default_nocovid,"YF:YF,routine,with:default_nocovid",YF,total,routine,SEN,Senegal,2065,0,0,<NA>,<NA>,0.9000000000000000222,both,<NA>
yf-preventive-default_nocovid,"YF:YF,routine,with:default_nocovid",YF,total,routine,SEN,Senegal,2066,0,0,<NA>,<NA>,0.9000000000000000222,both,<NA>
yf-preventive-default_nocovid,"YF:YF,routine,with:default_nocovid",YF,total,routine,SEN,Senegal,2067,0,0,<NA>,<NA>,0.9000000000000000222,both,<NA>
yf-preventive-default_nocovid,"YF:YF,routine,with:default_nocovid",YF,total,routine,SEN,Senegal,2068,0,0,<NA>,<NA>,0.9000000000000000222,both,<NA>
yf-preventive-default_nocovid,"YF:YF,routine,with:default_nocovid",YF,total,routine,SEN,Senegal,2069,0,0,<NA>,<NA>,0.9000000000000000222,both,<NA>
yf-preventive-default_nocovid,"YF:YF,routine,with:default_nocovid",YF,total,routine,SEN,Senegal,2070,0,0,<NA>,<NA>,0.9000000000000000222,both,<NA>
yf-preventive-default_nocovid,"YF:YF,routine,with:default_nocovid",YF,total,routine,SEN,Senegal,2071,0,0,<NA>,<NA>,0.9000000000000000222,both,<NA>
yf-preventive-default_nocovid,"YF:YF,routine,with:default_nocovid",YF,total,routine,SEN,Senegal,2072,0,0,<NA>,<NA>,0.9000000000000000222,both,<NA>
yf-preventive-default_nocovid,"YF:YF,routine,with:default_nocovid",YF,total,routine,SEN,Senegal,2073,0,0,<NA>,<NA>,0.9000000000000000222,both,<NA>
yf-preventive-default_nocovid,"YF:YF,routine,with:default_nocovid",YF,total,routine,SEN,Senegal,2074,0,0,<NA>,<NA>,0.9000000000000000222,both,<NA>
yf-preventive-default_nocovid,"YF:YF,routine,with:default_nocovid",YF,total,routine,SEN,Senegal,2075,0,0,<NA>,<NA>,0.9000000000000000222,both,<NA>
yf-preventive-default_nocovid,"YF:YF,routine,with:default_nocovid",YF,total,routine,SEN,Senegal,2076,0,0,<NA>,<NA>,0.9000000000000000222,both,<NA>
yf-preventive-default_nocovid,"YF:YF,routine,with:default_nocovid",YF,total,routine,SEN,Senegal,2077,0,0,<NA>,<NA>,0.9000000000000000222,both,<NA>
yf-preventive-default_nocovid,"YF:YF,routine,with:default_nocovid",YF,total,routine,SEN,Senegal,2078,0,0,<NA>,<NA>,0.9000000000000000222,both,<NA>
yf-preventive-default_nocovid,"YF:YF,routine,with:default_nocovid",YF,total,routine,SEN,Senegal,2079,0,0,<NA>,<NA>,0.9000000000000000222,both,<NA>
yf-preventive-default_nocovid,"YF:YF,routine,with:default_nocovid",YF,total,routine,SEN,Senegal,2080,0,0,<NA>,<NA>,0.9000000000000000222,both,<NA>
yf-preventive-default_nocovid,"YF:YF,routine,with:default_nocovid",YF,total,routine,SEN,Senegal,2081,0,0,<NA>,<NA>,0.9000000000000000222,both,<NA>
yf-preventive-default_nocovid,"YF:YF,routine,with:default_nocovid",YF,total,routine,SEN,Senegal,2082,0,0,<NA>,<NA>,0.9000000000000000222,both,<NA>
yf-preventive-default_nocovid,"YF:YF,routine,with:default_nocovid",YF,total,routine,SEN,Senegal,2083,0,0,<NA>,<NA>,0.9000000000000000222,both,<NA>
yf-preventive-default_nocovid,"YF:YF,routine,with:default_nocovid",YF,total,routine,SEN,Senegal,2084,0,0,<NA>,<NA>,0.9000000000000000222,both,<NA>
yf-preventive-default_nocovid,"YF:YF,routine,with:default_nocovid",YF,total,routine,SEN,Senegal,2085,0,0,<NA>,<NA>,0.9000000000000000222,both,<NA>
yf-preventive-default_nocovid,"YF:YF,routine,with:default_nocovid",YF,total,routine,SEN,Senegal,2086,0,0,<NA>,<NA>,0.9000000000000000222,both,<NA>
yf-preventive-default_nocovid,"YF:YF,routine,with:default_nocovid",YF,total,routine,SEN,Senegal,2087,0,0,<NA>,<NA>,0.9000000000000000222,both,<NA>
yf-preventive-default_nocovid,"YF:YF,routine,with:default_nocovid",YF,total,routine,SEN,Senegal,2088,0,0,<NA>,<NA>,0.9000000000000000222,both,<NA>
yf-preventive-default_nocovid,"YF:YF,routine,with:default_nocovid",YF,total,routine,SEN,Senegal,2089,0,0,<NA>,<NA>,0.9000000000000000222,both,<NA>
yf-preventive-default_nocovid,"YF:YF,routine,with:default_nocovid",YF,total,routine,SEN,Senegal,2090,0,0,<NA>,<NA>,0.9000000000000000222,both,<NA>
yf-preventive-default_nocovid,"YF:YF,routine,with:default_nocovid",YF,total,routine,SEN,Senegal,2091,0,0,<NA>,<NA>,0.9000000000000000222,both,<NA>
yf-preventive-default_nocovid,"YF:YF,routine,with:default_nocovid",YF,total,routine,SEN,Senegal,2092,0,0,<NA>,<NA>,0.9000000000000000222,both,<NA>
yf-preventive-default_nocovid,"YF:YF,routine,with:default_nocovid",YF,total,routine,SEN,Senegal,2093,0,0,<NA>,<NA>,0.9000000000000000222,both,<NA>
yf-preventive-default_nocovid,"YF:YF,routine,with:default_nocovid",YF,total,routine,SEN,Senegal,2094,0,0,<NA>,<NA>,0.9000000000000000222,both,<NA>
yf-preventive-default_nocovid,"YF:YF,routine,with:default_nocovid",YF,total,routine,SEN,Senegal,2095,0,0,<NA>,<NA>,0.9000000000000000222,both,<NA>
yf-preventive-default_nocovid,"YF:YF,routine,with:default_nocovid",YF,total,routine,SEN,Senegal,2096,0,0,<NA>,<NA>,0.9000000000000000222,both,<NA>
yf-preventive-default_nocovid,"YF:YF,routine,with:default_nocovid",YF,total,routine,SEN,Senegal,2097,0,0,<NA>,<NA>,0.9000000000000000222,both,<NA>
yf-preventive-default_nocovid,"YF:YF,routine,with:default_nocovid",YF,total,routine,SEN,Senegal,2098,0,0,<NA>,<NA>,0.9000000000000000222,both,<NA>
yf-preventive-default_nocovid,"YF:YF,routine,with:default_nocovid",YF,total,routine,SEN,Senegal,2099,0,0,<NA>,<NA>,0.9000000000000000222,both,<NA>
yf-preventive-default_nocovid,"YF:YF,routine,with:default_nocovid",YF,total,routine,SEN,Senegal,2100,0,0,<NA>,<NA>,0.9000000000000000222,both,<NA>
yf-preventive-default_nocovid,"YF:YF,routine,with:default_nocovid",YF,total,routine,SLE,Sierra Leone,1980,0,0,use default routine age for this projection,<NA>,0,both,<NA>
yf-preventive-default_nocovid,"YF:YF,routine,with:default_nocovid",YF,total,routine,SLE,Sierra Leone,1981,0,0,use default routine age for this projection,<NA>,0,both,<NA>
yf-preventive-default_nocovid,"YF:YF,routine,with:default_nocovid",YF,total,routine,SLE,Sierra Leone,1982,0,0,use default routine age for this projection,<NA>,0,both,<NA>
yf-preventive-default_nocovid,"YF:YF,routine,with:default_nocovid",YF,total,routine,SLE,Sierra Leone,1983,0,0,use default routine age for this projection,<NA>,0,both,<NA>
yf-preventive-default_nocovid,"YF:YF,routine,with:default_nocovid",YF,total,routine,SLE,Sierra Leone,1984,0,0,use default routine age for this projection,<NA>,0,both,<NA>
yf-preventive-default_nocovid,"YF:YF,routine,with:default_nocovid",YF,total,routine,SLE,Sierra Leone,1985,0,0,use default routine age for this projection,<NA>,0,both,<NA>
yf-preventive-default_nocovid,"YF:YF,routine,with:default_nocovid",YF,total,routine,SLE,Sierra Leone,1986,0,0,use default routine age for this projection,<NA>,0,both,<NA>
yf-preventive-default_nocovid,"YF:YF,routine,with:default_nocovid",YF,total,routine,SLE,Sierra Leone,1987,0,0,use default routine age for this projection,<NA>,0,both,<NA>
yf-preventive-default_nocovid,"YF:YF,routine,with:default_nocovid",YF,total,routine,SLE,Sierra Leone,1988,0,0,use default routine age for this projection,<NA>,0,both,<NA>
yf-preventive-default_nocovid,"YF:YF,routine,with:default_nocovid",YF,total,routine,SLE,Sierra Leone,1989,0,0,use default routine age for this projection,<NA>,0,both,<NA>
yf-preventive-default_nocovid,"YF:YF,routine,with:default_nocovid",YF,total,routine,SLE,Sierra Leone,1990,0,0,use default routine age for this projection,<NA>,0,both,<NA>
yf-preventive-default_nocovid,"YF:YF,routine,with:default_nocovid",YF,total,routine,SLE,Sierra Leone,1991,0,0,use default routine age for this projection,<NA>,0,both,<NA>
yf-preventive-default_nocovid,"YF:YF,routine,with:default_nocovid",YF,total,routine,SLE,Sierra Leone,1992,0,0,use default routine age for this projection,<NA>,0,both,<NA>
yf-preventive-default_nocovid,"YF:YF,routine,with:default_nocovid",YF,total,routine,SLE,Sierra Leone,1993,0,0,use default routine age for this projection,<NA>,0,both,<NA>
yf-preventive-default_nocovid,"YF:YF,routine,with:default_nocovid",YF,total,routine,SLE,Sierra Leone,1994,0,0,use default routine age for this projection,<NA>,0,both,<NA>
yf-preventive-default_nocovid,"YF:YF,routine,with:default_nocovid",YF,total,routine,SLE,Sierra Leone,1995,0,0,use default routine age for this projection,<NA>,0,both,<NA>
yf-preventive-default_nocovid,"YF:YF,routine,with:default_nocovid",YF,total,routine,SLE,Sierra Leone,1996,0,0,use default routine age for this projection,<NA>,0,both,<NA>
yf-preventive-default_nocovid,"YF:YF,routine,with:default_nocovid",YF,total,routine,SLE,Sierra Leone,1997,0,0,use default routine age for this projection,<NA>,0,both,<NA>
yf-preventive-default_nocovid,"YF:YF,routine,with:default_nocovid",YF,total,routine,SLE,Sierra Leone,1998,0,0,use default routine age for this projection,<NA>,0,both,<NA>
yf-preventive-default_nocovid,"YF:YF,routine,with:default_nocovid",YF,total,routine,SLE,Sierra Leone,1999,0,0,use default routine age for this projection,<NA>,0,both,<NA>
yf-preventive-default_nocovid,"YF:YF,routine,with:default_nocovid",YF,total,routine,SLE,Sierra Leone,2000,0,0,use default routine age for this projection,<NA>,0,both,<NA>
yf-preventive-default_nocovid,"YF:YF,routine,with:default_nocovid",YF,total,routine,SLE,Sierra Leone,2001,0,0,use default routine age for this projection,<NA>,0,both,<NA>
yf-preventive-default_nocovid,"YF:YF,routine,with:default_nocovid",YF,total,routine,SLE,Sierra Leone,2002,0,0,default routine age,<NA>,0.5999999999999999778,both,<NA>
yf-preventive-default_nocovid,"YF:YF,routine,with:default_nocovid",YF,total,routine,SLE,Sierra Leone,2003,0,0,default routine age,<NA>,0.61999999999999999556,both,<NA>
yf-preventive-default_nocovid,"YF:YF,routine,with:default_nocovid",YF,total,routine,SLE,Sierra Leone,2004,0,0,default routine age,<NA>,0.64000000000000001332,both,<NA>
yf-preventive-default_nocovid,"YF:YF,routine,with:default_nocovid",YF,total,routine,SLE,Sierra Leone,2005,0,0,default routine age,<NA>,0.63000000000000000444,both,<NA>
yf-preventive-default_nocovid,"YF:YF,routine,with:default_nocovid",YF,total,routine,SLE,Sierra Leone,2006,0,0,default routine age,<NA>,0.60999999999999998668,both,<NA>
yf-preventive-default_nocovid,"YF:YF,routine,with:default_nocovid",YF,total,routine,SLE,Sierra Leone,2007,0,0,default routine age,<NA>,0.5999999999999999778,both,<NA>
yf-preventive-default_nocovid,"YF:YF,routine,with:default_nocovid",YF,total,routine,SLE,Sierra Leone,2008,0,0,default routine age,<NA>,0.64000000000000001332,both,<NA>
yf-preventive-default_nocovid,"YF:YF,routine,with:default_nocovid",YF,total,routine,SLE,Sierra Leone,2009,0,0,default routine age,<NA>,0.80000000000000004441,both,<NA>
yf-preventive-default_nocovid,"YF:YF,routine,with:default_nocovid",YF,total,routine,SLE,Sierra Leone,2010,0,0,default routine age,<NA>,0.81999999999999995115,both,<NA>
yf-preventive-default_nocovid,"YF:YF,routine,with:default_nocovid",YF,total,routine,SLE,Sierra Leone,2011,0,0,default routine age,<NA>,0.82999999999999996003,both,<NA>
yf-preventive-default_nocovid,"YF:YF,routine,with:default_nocovid",YF,total,routine,SLE,Sierra Leone,2012,0,0,default routine age,<NA>,0.8499999999999999778,both,<NA>
yf-preventive-default_nocovid,"YF:YF,routine,with:default_nocovid",YF,total,routine,SLE,Sierra Leone,2013,0,0,default routine age,<NA>,0.8499999999999999778,both,<NA>
yf-preventive-default_nocovid,"YF:YF,routine,with:default_nocovid",YF,total,routine,SLE,Sierra Leone,2014,0,0,default routine age,<NA>,0.80000000000000004441,both,<NA>
yf-preventive-default_nocovid,"YF:YF,routine,with:default_nocovid",YF,total,routine,SLE,Sierra Leone,2015,0,0,default routine age,<NA>,0.78000000000000002665,both,<NA>
yf-preventive-default_nocovid,"YF:YF,routine,with:default_nocovid",YF,total,routine,SLE,Sierra Leone,2016,0,0,default routine age,<NA>,0.80000000000000004441,both,<NA>
yf-preventive-default_nocovid,"YF:YF,routine,with:default_nocovid",YF,total,routine,SLE,Sierra Leone,2017,0,0,default routine age,<NA>,0.80000000000000004441,both,<NA>
yf-preventive-default_nocovid,"YF:YF,routine,with:default_nocovid",YF,total,routine,SLE,Sierra Leone,2018,0,0,default routine age,<NA>,0.8499999999999999778,both,<NA>
yf-preventive-default_nocovid,"YF:YF,routine,with:default_nocovid",YF,total,routine,SLE,Sierra Leone,2019,0,0,default routine age,<NA>,0.9000000000000000222,both,<NA>
yf-preventive-default_nocovid,"YF:YF,routine,with:default_nocovid",YF,total,routine,SLE,Sierra Leone,2020,0,0,default routine age,<NA>,0.90909397517487366969,both,<NA>
yf-preventive-default_nocovid,"YF:YF,routine,with:default_nocovid",YF,total,routine,SLE,Sierra Leone,2021,0,0,default routine age,<NA>,0.91743681325257964154,both,<NA>
yf-preventive-default_nocovid,"YF:YF,routine,with:default_nocovid",YF,total,routine,SLE,Sierra Leone,2022,0,0,<NA>,<NA>,0.9124642987375801706,both,<NA>
yf-preventive-default_nocovid,"YF:YF,routine,with:default_nocovid",YF,total,routine,SLE,Sierra Leone,2023,0,0,<NA>,<NA>,0.90719230570708297989,both,<NA>
yf-preventive-default_nocovid,"YF:YF,routine,with:default_nocovid",YF,total,routine,SLE,Sierra Leone,2024,0,0,<NA>,<NA>,0.9016027975357601143,both,<NA>
yf-preventive-default_nocovid,"YF:YF,routine,with:default_nocovid",YF,total,routine,SLE,Sierra Leone,2025,0,0,<NA>,<NA>,0.89567665131049878369,both,<NA>
yf-preventive-default_nocovid,"YF:YF,routine,with:default_nocovid",YF,total,routine,SLE,Sierra Leone,2026,0,0,<NA>,<NA>,0.8893935924067906118,both,<NA>
yf-preventive-default_nocovid,"YF:YF,routine,with:default_nocovid",YF,total,routine,SLE,Sierra Leone,2027,0,0,<NA>,<NA>,0.88273212512486842751,both,<NA>
yf-preventive-default_nocovid,"YF:YF,routine,with:default_nocovid",YF,total,routine,SLE,Sierra Leone,2028,0,0,<NA>,<NA>,0.87566945914827987174,both,<NA>
yf-preventive-default_nocovid,"YF:YF,routine,with:default_nocovid",YF,total,routine,SLE,Sierra Leone,2029,0,0,<NA>,<NA>,0.86818143157329974446,both,<NA>
yf-preventive-default_nocovid,"YF:YF,routine,with:default_nocovid",YF,total,routine,SLE,Sierra Leone,2030,0,0,<NA>,<NA>,0.86024242424242425287,both,<NA>
yf-preventive-default_nocovid,"YF:YF,routine,with:default_nocovid",YF,total,routine,SLE,Sierra Leone,2031,0,0,<NA>,<NA>,0.87024242424242426175,both,<NA>
yf-preventive-default_nocovid,"YF:YF,routine,with:default_nocovid",YF,total,routine,SLE,Sierra Leone,2032,0,0,<NA>,<NA>,0.88024242424242427063,both,<NA>
yf-preventive-default_nocovid,"YF:YF,routine,with:default_nocovid",YF,total,routine,SLE,Sierra Leone,2033,0,0,<NA>,<NA>,0.89024242424242427951,both,<NA>
yf-preventive-default_nocovid,"YF:YF,routine,with:default_nocovid",YF,total,routine,SLE,Sierra Leone,2034,0,0,<NA>,<NA>,0.9000000000000000222,both,<NA>
yf-preventive-default_nocovid,"YF:YF,routine,with:default_nocovid",YF,total,routine,SLE,Sierra Leone,2035,0,0,<NA>,<NA>,0.9000000000000000222,both,<NA>
yf-preventive-default_nocovid,"YF:YF,routine,with:default_nocovid",YF,total,routine,SLE,Sierra Leone,2036,0,0,<NA>,<NA>,0.9000000000000000222,both,<NA>
yf-preventive-default_nocovid,"YF:YF,routine,with:default_nocovid",YF,total,routine,SLE,Sierra Leone,2037,0,0,<NA>,<NA>,0.9000000000000000222,both,<NA>
yf-preventive-default_nocovid,"YF:YF,routine,with:default_nocovid",YF,total,routine,SLE,Sierra Leone,2038,0,0,<NA>,<NA>,0.9000000000000000222,both,<NA>
yf-preventive-default_nocovid,"YF:YF,routine,with:default_nocovid",YF,total,routine,SLE,Sierra Leone,2039,0,0,<NA>,<NA>,0.9000000000000000222,both,<NA>
yf-preventive-default_nocovid,"YF:YF,routine,with:default_nocovid",YF,total,routine,SLE,Sierra Leone,2040,0,0,<NA>,<NA>,0.9000000000000000222,both,<NA>
yf-preventive-default_nocovid,"YF:YF,routine,with:default_nocovid",YF,total,routine,SLE,Sierra Leone,2041,0,0,<NA>,<NA>,0.9000000000000000222,both,<NA>
yf-preventive-default_nocovid,"YF:YF,routine,with:default_nocovid",YF,total,routine,SLE,Sierra Leone,2042,0,0,<NA>,<NA>,0.9000000000000000222,both,<NA>
yf-preventive-default_nocovid,"YF:YF,routine,with:default_nocovid",YF,total,routine,SLE,Sierra Leone,2043,0,0,<NA>,<NA>,0.9000000000000000222,both,<NA>
yf-preventive-default_nocovid,"YF:YF,routine,with:default_nocovid",YF,total,routine,SLE,Sierra Leone,2044,0,0,<NA>,<NA>,0.9000000000000000222,both,<NA>
yf-preventive-default_nocovid,"YF:YF,routine,with:default_nocovid",YF,total,routine,SLE,Sierra Leone,2045,0,0,<NA>,<NA>,0.9000000000000000222,both,<NA>
yf-preventive-default_nocovid,"YF:YF,routine,with:default_nocovid",YF,total,routine,SLE,Sierra Leone,2046,0,0,<NA>,<NA>,0.9000000000000000222,both,<NA>
yf-preventive-default_nocovid,"YF:YF,routine,with:default_nocovid",YF,total,routine,SLE,Sierra Leone,2047,0,0,<NA>,<NA>,0.9000000000000000222,both,<NA>
yf-preventive-default_nocovid,"YF:YF,routine,with:default_nocovid",YF,total,routine,SLE,Sierra Leone,2048,0,0,<NA>,<NA>,0.9000000000000000222,both,<NA>
yf-preventive-default_nocovid,"YF:YF,routine,with:default_nocovid",YF,total,routine,SLE,Sierra Leone,2049,0,0,<NA>,<NA>,0.9000000000000000222,both,<NA>
yf-preventive-default_nocovid,"YF:YF,routine,with:default_nocovid",YF,total,routine,SLE,Sierra Leone,2050,0,0,<NA>,<NA>,0.9000000000000000222,both,<NA>
yf-preventive-default_nocovid,"YF:YF,routine,with:default_nocovid",YF,total,routine,SLE,Sierra Leone,2051,0,0,<NA>,<NA>,0.9000000000000000222,both,<NA>
yf-preventive-default_nocovid,"YF:YF,routine,with:default_nocovid",YF,total,routine,SLE,Sierra Leone,2052,0,0,<NA>,<NA>,0.9000000000000000222,both,<NA>
yf-preventive-default_nocovid,"YF:YF,routine,with:default_nocovid",YF,total,routine,SLE,Sierra Leone,2053,0,0,<NA>,<NA>,0.9000000000000000222,both,<NA>
yf-preventive-default_nocovid,"YF:YF,routine,with:default_nocovid",YF,total,routine,SLE,Sierra Leone,2054,0,0,<NA>,<NA>,0.9000000000000000222,both,<NA>
yf-preventive-default_nocovid,"YF:YF,routine,with:default_nocovid",YF,total,routine,SLE,Sierra Leone,2055,0,0,<NA>,<NA>,0.9000000000000000222,both,<NA>
yf-preventive-default_nocovid,"YF:YF,routine,with:default_nocovid",YF,total,routine,SLE,Sierra Leone,2056,0,0,<NA>,<NA>,0.9000000000000000222,both,<NA>
yf-preventive-default_nocovid,"YF:YF,routine,with:default_nocovid",YF,total,routine,SLE,Sierra Leone,2057,0,0,<NA>,<NA>,0.9000000000000000222,both,<NA>
yf-preventive-default_nocovid,"YF:YF,routine,with:default_nocovid",YF,total,routine,SLE,Sierra Leone,2058,0,0,<NA>,<NA>,0.9000000000000000222,both,<NA>
yf-preventive-default_nocovid,"YF:YF,routine,with:default_nocovid",YF,total,routine,SLE,Sierra Leone,2059,0,0,<NA>,<NA>,0.9000000000000000222,both,<NA>
yf-preventive-default_nocovid,"YF:YF,routine,with:default_nocovid",YF,total,routine,SLE,Sierra Leone,2060,0,0,<NA>,<NA>,0.9000000000000000222,both,<NA>
yf-preventive-default_nocovid,"YF:YF,routine,with:default_nocovid",YF,total,routine,SLE,Sierra Leone,2061,0,0,<NA>,<NA>,0.9000000000000000222,both,<NA>
yf-preventive-default_nocovid,"YF:YF,routine,with:default_nocovid",YF,total,routine,SLE,Sierra Leone,2062,0,0,<NA>,<NA>,0.9000000000000000222,both,<NA>
yf-preventive-default_nocovid,"YF:YF,routine,with:default_nocovid",YF,total,routine,SLE,Sierra Leone,2063,0,0,<NA>,<NA>,0.9000000000000000222,both,<NA>
yf-preventive-default_nocovid,"YF:YF,routine,with:default_nocovid",YF,total,routine,SLE,Sierra Leone,2064,0,0,<NA>,<NA>,0.9000000000000000222,both,<NA>
yf-preventive-default_nocovid,"YF:YF,routine,with:default_nocovid",YF,total,routine,SLE,Sierra Leone,2065,0,0,<NA>,<NA>,0.9000000000000000222,both,<NA>
yf-preventive-default_nocovid,"YF:YF,routine,with:default_nocovid",YF,total,routine,SLE,Sierra Leone,2066,0,0,<NA>,<NA>,0.9000000000000000222,both,<NA>
yf-preventive-default_nocovid,"YF:YF,routine,with:default_nocovid",YF,total,routine,SLE,Sierra Leone,2067,0,0,<NA>,<NA>,0.9000000000000000222,both,<NA>
yf-preventive-default_nocovid,"YF:YF,routine,with:default_nocovid",YF,total,routine,SLE,Sierra Leone,2068,0,0,<NA>,<NA>,0.9000000000000000222,both,<NA>
yf-preventive-default_nocovid,"YF:YF,routine,with:default_nocovid",YF,total,routine,SLE,Sierra Leone,2069,0,0,<NA>,<NA>,0.9000000000000000222,both,<NA>
yf-preventive-default_nocovid,"YF:YF,routine,with:default_nocovid",YF,total,routine,SLE,Sierra Leone,2070,0,0,<NA>,<NA>,0.9000000000000000222,both,<NA>
yf-preventive-default_nocovid,"YF:YF,routine,with:default_nocovid",YF,total,routine,SLE,Sierra Leone,2071,0,0,<NA>,<NA>,0.9000000000000000222,both,<NA>
yf-preventive-default_nocovid,"YF:YF,routine,with:default_nocovid",YF,total,routine,SLE,Sierra Leone,2072,0,0,<NA>,<NA>,0.9000000000000000222,both,<NA>
yf-preventive-default_nocovid,"YF:YF,routine,with:default_nocovid",YF,total,routine,SLE,Sierra Leone,2073,0,0,<NA>,<NA>,0.9000000000000000222,both,<NA>
yf-preventive-default_nocovid,"YF:YF,routine,with:default_nocovid",YF,total,routine,SLE,Sierra Leone,2074,0,0,<NA>,<NA>,0.9000000000000000222,both,<NA>
yf-preventive-default_nocovid,"YF:YF,routine,with:default_nocovid",YF,total,routine,SLE,Sierra Leone,2075,0,0,<NA>,<NA>,0.9000000000000000222,both,<NA>
yf-preventive-default_nocovid,"YF:YF,routine,with:default_nocovid",YF,total,routine,SLE,Sierra Leone,2076,0,0,<NA>,<NA>,0.9000000000000000222,both,<NA>
yf-preventive-default_nocovid,"YF:YF,routine,with:default_nocovid",YF,total,routine,SLE,Sierra Leone,2077,0,0,<NA>,<NA>,0.9000000000000000222,both,<NA>
yf-preventive-default_nocovid,"YF:YF,routine,with:default_nocovid",YF,total,routine,SLE,Sierra Leone,2078,0,0,<NA>,<NA>,0.9000000000000000222,both,<NA>
yf-preventive-default_nocovid,"YF:YF,routine,with:default_nocovid",YF,total,routine,SLE,Sierra Leone,2079,0,0,<NA>,<NA>,0.9000000000000000222,both,<NA>
yf-preventive-default_nocovid,"YF:YF,routine,with:default_nocovid",YF,total,routine,SLE,Sierra Leone,2080,0,0,<NA>,<NA>,0.9000000000000000222,both,<NA>
yf-preventive-default_nocovid,"YF:YF,routine,with:default_nocovid",YF,total,routine,SLE,Sierra Leone,2081,0,0,<NA>,<NA>,0.9000000000000000222,both,<NA>
yf-preventive-default_nocovid,"YF:YF,routine,with:default_nocovid",YF,total,routine,SLE,Sierra Leone,2082,0,0,<NA>,<NA>,0.9000000000000000222,both,<NA>
yf-preventive-default_nocovid,"YF:YF,routine,with:default_nocovid",YF,total,routine,SLE,Sierra Leone,2083,0,0,<NA>,<NA>,0.9000000000000000222,both,<NA>
yf-preventive-default_nocovid,"YF:YF,routine,with:default_nocovid",YF,total,routine,SLE,Sierra Leone,2084,0,0,<NA>,<NA>,0.9000000000000000222,both,<NA>
yf-preventive-default_nocovid,"YF:YF,routine,with:default_nocovid",YF,total,routine,SLE,Sierra Leone,2085,0,0,<NA>,<NA>,0.9000000000000000222,both,<NA>
yf-preventive-default_nocovid,"YF:YF,routine,with:default_nocovid",YF,total,routine,SLE,Sierra Leone,2086,0,0,<NA>,<NA>,0.9000000000000000222,both,<NA>
yf-preventive-default_nocovid,"YF:YF,routine,with:default_nocovid",YF,total,routine,SLE,Sierra Leone,2087,0,0,<NA>,<NA>,0.9000000000000000222,both,<NA>
yf-preventive-default_nocovid,"YF:YF,routine,with:default_nocovid",YF,total,routine,SLE,Sierra Leone,2088,0,0,<NA>,<NA>,0.9000000000000000222,both,<NA>
yf-preventive-default_nocovid,"YF:YF,routine,with:default_nocovid",YF,total,routine,SLE,Sierra Leone,2089,0,0,<NA>,<NA>,0.9000000000000000222,both,<NA>
yf-preventive-default_nocovid,"YF:YF,routine,with:default_nocovid",YF,total,routine,SLE,Sierra Leone,2090,0,0,<NA>,<NA>,0.9000000000000000222,both,<NA>
yf-preventive-default_nocovid,"YF:YF,routine,with:default_nocovid",YF,total,routine,SLE,Sierra Leone,2091,0,0,<NA>,<NA>,0.9000000000000000222,both,<NA>
yf-preventive-default_nocovid,"YF:YF,routine,with:default_nocovid",YF,total,routine,SLE,Sierra Leone,2092,0,0,<NA>,<NA>,0.9000000000000000222,both,<NA>
yf-preventive-default_nocovid,"YF:YF,routine,with:default_nocovid",YF,total,routine,SLE,Sierra Leone,2093,0,0,<NA>,<NA>,0.9000000000000000222,both,<NA>
yf-preventive-default_nocovid,"YF:YF,routine,with:default_nocovid",YF,total,routine,SLE,Sierra Leone,2094,0,0,<NA>,<NA>,0.9000000000000000222,both,<NA>
yf-preventive-default_nocovid,"YF:YF,routine,with:default_nocovid",YF,total,routine,SLE,Sierra Leone,2095,0,0,<NA>,<NA>,0.9000000000000000222,both,<NA>
yf-preventive-default_nocovid,"YF:YF,routine,with:default_nocovid",YF,total,routine,SLE,Sierra Leone,2096,0,0,<NA>,<NA>,0.9000000000000000222,both,<NA>
yf-preventive-default_nocovid,"YF:YF,routine,with:default_nocovid",YF,total,routine,SLE,Sierra Leone,2097,0,0,<NA>,<NA>,0.9000000000000000222,both,<NA>
yf-preventive-default_nocovid,"YF:YF,routine,with:default_nocovid",YF,total,routine,SLE,Sierra Leone,2098,0,0,<NA>,<NA>,0.9000000000000000222,both,<NA>
yf-preventive-default_nocovid,"YF:YF,routine,with:default_nocovid",YF,total,routine,SLE,Sierra Leone,2099,0,0,<NA>,<NA>,0.9000000000000000222,both,<NA>
yf-preventive-default_nocovid,"YF:YF,routine,with:default_nocovid",YF,total,routine,SLE,Sierra Leone,2100,0,0,<NA>,<NA>,0.9000000000000000222,both,<NA>
yf-preventive-default_nocovid,"YF:YF,routine,with:default_nocovid",YF,total,routine,SOM,Somalia,2022,0,0,<NA>,<NA>,0,both,<NA>
yf-preventive-default_nocovid,"YF:YF,routine,with:default_nocovid",YF,total,routine,SOM,Somalia,2023,0,0,<NA>,<NA>,0,both,<NA>
yf-preventive-default_nocovid,"YF:YF,routine,with:default_nocovid",YF,total,routine,SOM,Somalia,2024,0,0,<NA>,<NA>,0,both,<NA>
yf-preventive-default_nocovid,"YF:YF,routine,with:default_nocovid",YF,total,routine,SOM,Somalia,2025,0,0,<NA>,<NA>,0,both,<NA>
yf-preventive-default_nocovid,"YF:YF,routine,with:default_nocovid",YF,total,routine,SOM,Somalia,2026,0,0,<NA>,<NA>,0,both,<NA>
yf-preventive-default_nocovid,"YF:YF,routine,with:default_nocovid",YF,total,routine,SOM,Somalia,2027,0,0,<NA>,<NA>,0.49090280912580797068,both,<NA>
yf-preventive-default_nocovid,"YF:YF,routine,with:default_nocovid",YF,total,routine,SOM,Somalia,2028,0,0,<NA>,<NA>,0.5002980003011315846,both,<NA>
yf-preventive-default_nocovid,"YF:YF,routine,with:default_nocovid",YF,total,routine,SOM,Somalia,2029,0,0,<NA>,<NA>,0.50951980686777309515,both,<NA>
yf-preventive-default_nocovid,"YF:YF,routine,with:default_nocovid",YF,total,routine,SOM,Somalia,2030,0,0,<NA>,<NA>,0.51857142857142857206,both,<NA>
yf-preventive-default_nocovid,"YF:YF,routine,with:default_nocovid",YF,total,routine,SOM,Somalia,2031,0,0,<NA>,<NA>,0.52857142857142858094,both,<NA>
yf-preventive-default_nocovid,"YF:YF,routine,with:default_nocovid",YF,total,routine,SOM,Somalia,2032,0,0,<NA>,<NA>,0.53857142857142858983,both,<NA>
yf-preventive-default_nocovid,"YF:YF,routine,with:default_nocovid",YF,total,routine,SOM,Somalia,2033,0,0,<NA>,<NA>,0.54857142857142859871,both,<NA>
yf-preventive-default_nocovid,"YF:YF,routine,with:default_nocovid",YF,total,routine,SOM,Somalia,2034,0,0,<NA>,<NA>,0.55857142857142860759,both,<NA>
yf-preventive-default_nocovid,"YF:YF,routine,with:default_nocovid",YF,total,routine,SOM,Somalia,2035,0,0,<NA>,<NA>,0.56857142857142861647,both,<NA>
yf-preventive-default_nocovid,"YF:YF,routine,with:default_nocovid",YF,total,routine,SOM,Somalia,2036,0,0,<NA>,<NA>,0.57857142857142851433,both,<NA>
yf-preventive-default_nocovid,"YF:YF,routine,with:default_nocovid",YF,total,routine,SOM,Somalia,2037,0,0,<NA>,<NA>,0.58857142857142852321,both,<NA>
yf-preventive-default_nocovid,"YF:YF,routine,with:default_nocovid",YF,total,routine,SOM,Somalia,2038,0,0,<NA>,<NA>,0.59857142857142853209,both,<NA>
yf-preventive-default_nocovid,"YF:YF,routine,with:default_nocovid",YF,total,routine,SOM,Somalia,2039,0,0,<NA>,<NA>,0.60857142857142854098,both,<NA>
yf-preventive-default_nocovid,"YF:YF,routine,with:default_nocovid",YF,total,routine,SOM,Somalia,2040,0,0,<NA>,<NA>,0.61857142857142854986,both,<NA>
yf-preventive-default_nocovid,"YF:YF,routine,with:default_nocovid",YF,total,routine,SOM,Somalia,2041,0,0,<NA>,<NA>,0.62857142857142855874,both,<NA>
yf-preventive-default_nocovid,"YF:YF,routine,with:default_nocovid",YF,total,routine,SOM,Somalia,2042,0,0,<NA>,<NA>,0.63857142857142856762,both,<NA>
yf-preventive-default_nocovid,"YF:YF,routine,with:default_nocovid",YF,total,routine,SOM,Somalia,2043,0,0,<NA>,<NA>,0.6485714285714285765,both,<NA>
yf-preventive-default_nocovid,"YF:YF,routine,with:default_nocovid",YF,total,routine,SOM,Somalia,2044,0,0,<NA>,<NA>,0.65857142857142858539,both,<NA>
yf-preventive-default_nocovid,"YF:YF,routine,with:default_nocovid",YF,total,routine,SOM,Somalia,2045,0,0,<NA>,<NA>,0.66857142857142859427,both,<NA>
yf-preventive-default_nocovid,"YF:YF,routine,with:default_nocovid",YF,total,routine,SOM,Somalia,2046,0,0,<NA>,<NA>,0.67857142857142860315,both,<NA>
yf-preventive-default_nocovid,"YF:YF,routine,with:default_nocovid",YF,total,routine,SOM,Somalia,2047,0,0,<NA>,<NA>,0.68857142857142861203,both,<NA>
yf-preventive-default_nocovid,"YF:YF,routine,with:default_nocovid",YF,total,routine,SOM,Somalia,2048,0,0,<NA>,<NA>,0.69857142857142862091,both,<NA>
yf-preventive-default_nocovid,"YF:YF,routine,with:default_nocovid",YF,total,routine,SOM,Somalia,2049,0,0,<NA>,<NA>,0.70857142857142862979,both,<NA>
yf-preventive-default_nocovid,"YF:YF,routine,with:default_nocovid",YF,total,routine,SOM,Somalia,2050,0,0,<NA>,<NA>,0.71857142857142863868,both,<NA>
yf-preventive-default_nocovid,"YF:YF,routine,with:default_nocovid",YF,total,routine,SOM,Somalia,2051,0,0,<NA>,<NA>,0.72857142857142853654,both,<NA>
yf-preventive-default_nocovid,"YF:YF,routine,with:default_nocovid",YF,total,routine,SOM,Somalia,2052,0,0,<NA>,<NA>,0.73857142857142854542,both,<NA>
yf-preventive-default_nocovid,"YF:YF,routine,with:default_nocovid",YF,total,routine,SOM,Somalia,2053,0,0,<NA>,<NA>,0.7485714285714285543,both,<NA>
yf-preventive-default_nocovid,"YF:YF,routine,with:default_nocovid",YF,total,routine,SOM,Somalia,2054,0,0,<NA>,<NA>,0.75857142857142856318,both,<NA>
yf-preventive-default_nocovid,"YF:YF,routine,with:default_nocovid",YF,total,routine,SOM,Somalia,2055,0,0,<NA>,<NA>,0.76857142857142857206,both,<NA>
yf-preventive-default_nocovid,"YF:YF,routine,with:default_nocovid",YF,total,routine,SOM,Somalia,2056,0,0,<NA>,<NA>,0.77857142857142858094,both,<NA>
yf-preventive-default_nocovid,"YF:YF,routine,with:default_nocovid",YF,total,routine,SOM,Somalia,2057,0,0,<NA>,<NA>,0.78857142857142858983,both,<NA>
yf-preventive-default_nocovid,"YF:YF,routine,with:default_nocovid",YF,total,routine,SOM,Somalia,2058,0,0,<NA>,<NA>,0.79857142857142859871,both,<NA>
yf-preventive-default_nocovid,"YF:YF,routine,with:default_nocovid",YF,total,routine,SOM,Somalia,2059,0,0,<NA>,<NA>,0.80857142857142849657,both,<NA>
yf-preventive-default_nocovid,"YF:YF,routine,with:default_nocovid",YF,total,routine,SOM,Somalia,2060,0,0,<NA>,<NA>,0.81857142857142850545,both,<NA>
yf-preventive-default_nocovid,"YF:YF,routine,with:default_nocovid",YF,total,routine,SOM,Somalia,2061,0,0,<NA>,<NA>,0.82857142857142851433,both,<NA>
yf-preventive-default_nocovid,"YF:YF,routine,with:default_nocovid",YF,total,routine,SOM,Somalia,2062,0,0,<NA>,<NA>,0.83857142857142852321,both,<NA>
yf-preventive-default_nocovid,"YF:YF,routine,with:default_nocovid",YF,total,routine,SOM,Somalia,2063,0,0,<NA>,<NA>,0.84857142857142853209,both,<NA>
yf-preventive-default_nocovid,"YF:YF,routine,with:default_nocovid",YF,total,routine,SOM,Somalia,2064,0,0,<NA>,<NA>,0.85857142857142854098,both,<NA>
yf-preventive-default_nocovid,"YF:YF,routine,with:default_nocovid",YF,total,routine,SOM,Somalia,2065,0,0,<NA>,<NA>,0.86857142857142854986,both,<NA>
yf-preventive-default_nocovid,"YF:YF,routine,with:default_nocovid",YF,total,routine,SOM,Somalia,2066,0,0,<NA>,<NA>,0.87857142857142855874,both,<NA>
yf-preventive-default_nocovid,"YF:YF,routine,with:default_nocovid",YF,total,routine,SOM,Somalia,2067,0,0,<NA>,<NA>,0.88857142857142856762,both,<NA>
yf-preventive-default_nocovid,"YF:YF,routine,with:default_nocovid",YF,total,routine,SOM,Somalia,2068,0,0,<NA>,<NA>,0.8985714285714285765,both,<NA>
yf-preventive-default_nocovid,"YF:YF,routine,with:default_nocovid",YF,total,routine,SOM,Somalia,2069,0,0,<NA>,<NA>,0.9000000000000000222,both,<NA>
yf-preventive-default_nocovid,"YF:YF,routine,with:default_nocovid",YF,total,routine,SOM,Somalia,2070,0,0,<NA>,<NA>,0.9000000000000000222,both,<NA>
yf-preventive-default_nocovid,"YF:YF,routine,with:default_nocovid",YF,total,routine,SOM,Somalia,2071,0,0,<NA>,<NA>,0.9000000000000000222,both,<NA>
yf-preventive-default_nocovid,"YF:YF,routine,with:default_nocovid",YF,total,routine,SOM,Somalia,2072,0,0,<NA>,<NA>,0.9000000000000000222,both,<NA>
yf-preventive-default_nocovid,"YF:YF,routine,with:default_nocovid",YF,total,routine,SOM,Somalia,2073,0,0,<NA>,<NA>,0.9000000000000000222,both,<NA>
yf-preventive-default_nocovid,"YF:YF,routine,with:default_nocovid",YF,total,routine,SOM,Somalia,2074,0,0,<NA>,<NA>,0.9000000000000000222,both,<NA>
yf-preventive-default_nocovid,"YF:YF,routine,with:default_nocovid",YF,total,routine,SOM,Somalia,2075,0,0,<NA>,<NA>,0.9000000000000000222,both,<NA>
yf-preventive-default_nocovid,"YF:YF,routine,with:default_nocovid",YF,total,routine,SOM,Somalia,2076,0,0,<NA>,<NA>,0.9000000000000000222,both,<NA>
yf-preventive-default_nocovid,"YF:YF,routine,with:default_nocovid",YF,total,routine,SOM,Somalia,2077,0,0,<NA>,<NA>,0.9000000000000000222,both,<NA>
yf-preventive-default_nocovid,"YF:YF,routine,with:default_nocovid",YF,total,routine,SOM,Somalia,2078,0,0,<NA>,<NA>,0.9000000000000000222,both,<NA>
yf-preventive-default_nocovid,"YF:YF,routine,with:default_nocovid",YF,total,routine,SOM,Somalia,2079,0,0,<NA>,<NA>,0.9000000000000000222,both,<NA>
yf-preventive-default_nocovid,"YF:YF,routine,with:default_nocovid",YF,total,routine,SOM,Somalia,2080,0,0,<NA>,<NA>,0.9000000000000000222,both,<NA>
yf-preventive-default_nocovid,"YF:YF,routine,with:default_nocovid",YF,total,routine,SOM,Somalia,2081,0,0,<NA>,<NA>,0.9000000000000000222,both,<NA>
yf-preventive-default_nocovid,"YF:YF,routine,with:default_nocovid",YF,total,routine,SOM,Somalia,2082,0,0,<NA>,<NA>,0.9000000000000000222,both,<NA>
yf-preventive-default_nocovid,"YF:YF,routine,with:default_nocovid",YF,total,routine,SOM,Somalia,2083,0,0,<NA>,<NA>,0.9000000000000000222,both,<NA>
yf-preventive-default_nocovid,"YF:YF,routine,with:default_nocovid",YF,total,routine,SOM,Somalia,2084,0,0,<NA>,<NA>,0.9000000000000000222,both,<NA>
yf-preventive-default_nocovid,"YF:YF,routine,with:default_nocovid",YF,total,routine,SOM,Somalia,2085,0,0,<NA>,<NA>,0.9000000000000000222,both,<NA>
yf-preventive-default_nocovid,"YF:YF,routine,with:default_nocovid",YF,total,routine,SOM,Somalia,2086,0,0,<NA>,<NA>,0.9000000000000000222,both,<NA>
yf-preventive-default_nocovid,"YF:YF,routine,with:default_nocovid",YF,total,routine,SOM,Somalia,2087,0,0,<NA>,<NA>,0.9000000000000000222,both,<NA>
yf-preventive-default_nocovid,"YF:YF,routine,with:default_nocovid",YF,total,routine,SOM,Somalia,2088,0,0,<NA>,<NA>,0.9000000000000000222,both,<NA>
yf-preventive-default_nocovid,"YF:YF,routine,with:default_nocovid",YF,total,routine,SOM,Somalia,2089,0,0,<NA>,<NA>,0.9000000000000000222,both,<NA>
yf-preventive-default_nocovid,"YF:YF,routine,with:default_nocovid",YF,total,routine,SOM,Somalia,2090,0,0,<NA>,<NA>,0.9000000000000000222,both,<NA>
yf-preventive-default_nocovid,"YF:YF,routine,with:default_nocovid",YF,total,routine,SOM,Somalia,2091,0,0,<NA>,<NA>,0.9000000000000000222,both,<NA>
yf-preventive-default_nocovid,"YF:YF,routine,with:default_nocovid",YF,total,routine,SOM,Somalia,2092,0,0,<NA>,<NA>,0.9000000000000000222,both,<NA>
yf-preventive-default_nocovid,"YF:YF,routine,with:default_nocovid",YF,total,routine,SOM,Somalia,2093,0,0,<NA>,<NA>,0.9000000000000000222,both,<NA>
yf-preventive-default_nocovid,"YF:YF,routine,with:default_nocovid",YF,total,routine,SOM,Somalia,2094,0,0,<NA>,<NA>,0.9000000000000000222,both,<NA>
yf-preventive-default_nocovid,"YF:YF,routine,with:default_nocovid",YF,total,routine,SOM,Somalia,2095,0,0,<NA>,<NA>,0.9000000000000000222,both,<NA>
yf-preventive-default_nocovid,"YF:YF,routine,with:default_nocovid",YF,total,routine,SOM,Somalia,2096,0,0,<NA>,<NA>,0.9000000000000000222,both,<NA>
yf-preventive-default_nocovid,"YF:YF,routine,with:default_nocovid",YF,total,routine,SOM,Somalia,2097,0,0,<NA>,<NA>,0.9000000000000000222,both,<NA>
yf-preventive-default_nocovid,"YF:YF,routine,with:default_nocovid",YF,total,routine,SOM,Somalia,2098,0,0,<NA>,<NA>,0.9000000000000000222,both,<NA>
yf-preventive-default_nocovid,"YF:YF,routine,with:default_nocovid",YF,total,routine,SOM,Somalia,2099,0,0,<NA>,<NA>,0.9000000000000000222,both,<NA>
yf-preventive-default_nocovid,"YF:YF,routine,with:default_nocovid",YF,total,routine,SOM,Somalia,2100,0,0,<NA>,<NA>,0.9000000000000000222,both,<NA>
yf-preventive-default_nocovid,"YF:YF,routine,with:default_nocovid",YF,total,routine,SSD,South Sudan,2022,0,0,<NA>,<NA>,0,both,<NA>
yf-preventive-default_nocovid,"YF:YF,routine,with:default_nocovid",YF,total,routine,SSD,South Sudan,2023,0,0,<NA>,<NA>,0,both,<NA>
yf-preventive-default_nocovid,"YF:YF,routine,with:default_nocovid",YF,total,routine,SSD,South Sudan,2024,0,0,<NA>,<NA>,0,both,<NA>
yf-preventive-default_nocovid,"YF:YF,routine,with:default_nocovid",YF,total,routine,SSD,South Sudan,2025,0,0,<NA>,<NA>,0,both,<NA>
yf-preventive-default_nocovid,"YF:YF,routine,with:default_nocovid",YF,total,routine,SSD,South Sudan,2026,0,0,<NA>,<NA>,0,both,<NA>
yf-preventive-default_nocovid,"YF:YF,routine,with:default_nocovid",YF,total,routine,SSD,South Sudan,2027,0,0,<NA>,<NA>,0.59840651335930894472,both,<NA>
yf-preventive-default_nocovid,"YF:YF,routine,with:default_nocovid",YF,total,routine,SSD,South Sudan,2028,0,0,<NA>,<NA>,0.6118849855935724058,both,<NA>
yf-preventive-default_nocovid,"YF:YF,routine,with:default_nocovid",YF,total,routine,SSD,South Sudan,2029,0,0,<NA>,<NA>,0.62491108691094321426,both,<NA>
yf-preventive-default_nocovid,"YF:YF,routine,with:default_nocovid",YF,total,routine,SSD,South Sudan,2030,0,0,<NA>,<NA>,0.63749999999999995559,both,<NA>
yf-preventive-default_nocovid,"YF:YF,routine,with:default_nocovid",YF,total,routine,SSD,South Sudan,2031,0,0,<NA>,<NA>,0.64749999999999996447,both,<NA>
yf-preventive-default_nocovid,"YF:YF,routine,with:default_nocovid",YF,total,routine,SSD,South Sudan,2032,0,0,<NA>,<NA>,0.65749999999999997335,both,<NA>
yf-preventive-default_nocovid,"YF:YF,routine,with:default_nocovid",YF,total,routine,SSD,South Sudan,2033,0,0,<NA>,<NA>,0.66749999999999998224,both,<NA>
yf-preventive-default_nocovid,"YF:YF,routine,with:default_nocovid",YF,total,routine,SSD,South Sudan,2034,0,0,<NA>,<NA>,0.67749999999999999112,both,<NA>
yf-preventive-default_nocovid,"YF:YF,routine,with:default_nocovid",YF,total,routine,SSD,South Sudan,2035,0,0,<NA>,<NA>,0.6875,both,<NA>
yf-preventive-default_nocovid,"YF:YF,routine,with:default_nocovid",YF,total,routine,SSD,South Sudan,2036,0,0,<NA>,<NA>,0.69750000000000000888,both,<NA>
yf-preventive-default_nocovid,"YF:YF,routine,with:default_nocovid",YF,total,routine,SSD,South Sudan,2037,0,0,<NA>,<NA>,0.70750000000000001776,both,<NA>
yf-preventive-default_nocovid,"YF:YF,routine,with:default_nocovid",YF,total,routine,SSD,South Sudan,2038,0,0,<NA>,<NA>,0.71749999999999991562,both,<NA>
yf-preventive-default_nocovid,"YF:YF,routine,with:default_nocovid",YF,total,routine,SSD,South Sudan,2039,0,0,<NA>,<NA>,0.7274999999999999245,both,<NA>
yf-preventive-default_nocovid,"YF:YF,routine,with:default_nocovid",YF,total,routine,SSD,South Sudan,2040,0,0,<NA>,<NA>,0.73749999999999993339,both,<NA>
yf-preventive-default_nocovid,"YF:YF,routine,with:default_nocovid",YF,total,routine,SSD,South Sudan,2041,0,0,<NA>,<NA>,0.74749999999999994227,both,<NA>
yf-preventive-default_nocovid,"YF:YF,routine,with:default_nocovid",YF,total,routine,SSD,South Sudan,2042,0,0,<NA>,<NA>,0.75749999999999995115,both,<NA>
yf-preventive-default_nocovid,"YF:YF,routine,with:default_nocovid",YF,total,routine,SSD,South Sudan,2043,0,0,<NA>,<NA>,0.76749999999999996003,both,<NA>
yf-preventive-default_nocovid,"YF:YF,routine,with:default_nocovid",YF,total,routine,SSD,South Sudan,2044,0,0,<NA>,<NA>,0.77749999999999996891,both,<NA>
yf-preventive-default_nocovid,"YF:YF,routine,with:default_nocovid",YF,total,routine,SSD,South Sudan,2045,0,0,<NA>,<NA>,0.7874999999999999778,both,<NA>
yf-preventive-default_nocovid,"YF:YF,routine,with:default_nocovid",YF,total,routine,SSD,South Sudan,2046,0,0,<NA>,<NA>,0.79749999999999998668,both,<NA>
yf-preventive-default_nocovid,"YF:YF,routine,with:default_nocovid",YF,total,routine,SSD,South Sudan,2047,0,0,<NA>,<NA>,0.80749999999999999556,both,<NA>
yf-preventive-default_nocovid,"YF:YF,routine,with:default_nocovid",YF,total,routine,SSD,South Sudan,2048,0,0,<NA>,<NA>,0.81749999999999989342,both,<NA>
yf-preventive-default_nocovid,"YF:YF,routine,with:default_nocovid",YF,total,routine,SSD,South Sudan,2049,0,0,<NA>,<NA>,0.8274999999999999023,both,<NA>
yf-preventive-default_nocovid,"YF:YF,routine,with:default_nocovid",YF,total,routine,SSD,South Sudan,2050,0,0,<NA>,<NA>,0.83749999999999991118,both,<NA>
yf-preventive-default_nocovid,"YF:YF,routine,with:default_nocovid",YF,total,routine,SSD,South Sudan,2051,0,0,<NA>,<NA>,0.84749999999999992006,both,<NA>
yf-preventive-default_nocovid,"YF:YF,routine,with:default_nocovid",YF,total,routine,SSD,South Sudan,2052,0,0,<NA>,<NA>,0.85749999999999992895,both,<NA>
yf-preventive-default_nocovid,"YF:YF,routine,with:default_nocovid",YF,total,routine,SSD,South Sudan,2053,0,0,<NA>,<NA>,0.86749999999999993783,both,<NA>
yf-preventive-default_nocovid,"YF:YF,routine,with:default_nocovid",YF,total,routine,SSD,South Sudan,2054,0,0,<NA>,<NA>,0.87749999999999994671,both,<NA>
yf-preventive-default_nocovid,"YF:YF,routine,with:default_nocovid",YF,total,routine,SSD,South Sudan,2055,0,0,<NA>,<NA>,0.88749999999999995559,both,<NA>
yf-preventive-default_nocovid,"YF:YF,routine,with:default_nocovid",YF,total,routine,SSD,South Sudan,2056,0,0,<NA>,<NA>,0.89749999999999996447,both,<NA>
yf-preventive-default_nocovid,"YF:YF,routine,with:default_nocovid",YF,total,routine,SSD,South Sudan,2057,0,0,<NA>,<NA>,0.9000000000000000222,both,<NA>
yf-preventive-default_nocovid,"YF:YF,routine,with:default_nocovid",YF,total,routine,SSD,South Sudan,2058,0,0,<NA>,<NA>,0.9000000000000000222,both,<NA>
yf-preventive-default_nocovid,"YF:YF,routine,with:default_nocovid",YF,total,routine,SSD,South Sudan,2059,0,0,<NA>,<NA>,0.9000000000000000222,both,<NA>
yf-preventive-default_nocovid,"YF:YF,routine,with:default_nocovid",YF,total,routine,SSD,South Sudan,2060,0,0,<NA>,<NA>,0.9000000000000000222,both,<NA>
yf-preventive-default_nocovid,"YF:YF,routine,with:default_nocovid",YF,total,routine,SSD,South Sudan,2061,0,0,<NA>,<NA>,0.9000000000000000222,both,<NA>
yf-preventive-default_nocovid,"YF:YF,routine,with:default_nocovid",YF,total,routine,SSD,South Sudan,2062,0,0,<NA>,<NA>,0.9000000000000000222,both,<NA>
yf-preventive-default_nocovid,"YF:YF,routine,with:default_nocovid",YF,total,routine,SSD,South Sudan,2063,0,0,<NA>,<NA>,0.9000000000000000222,both,<NA>
yf-preventive-default_nocovid,"YF:YF,routine,with:default_nocovid",YF,total,routine,SSD,South Sudan,2064,0,0,<NA>,<NA>,0.9000000000000000222,both,<NA>
yf-preventive-default_nocovid,"YF:YF,routine,with:default_nocovid",YF,total,routine,SSD,South Sudan,2065,0,0,<NA>,<NA>,0.9000000000000000222,both,<NA>
yf-preventive-default_nocovid,"YF:YF,routine,with:default_nocovid",YF,total,routine,SSD,South Sudan,2066,0,0,<NA>,<NA>,0.9000000000000000222,both,<NA>
yf-preventive-default_nocovid,"YF:YF,routine,with:default_nocovid",YF,total,routine,SSD,South Sudan,2067,0,0,<NA>,<NA>,0.9000000000000000222,both,<NA>
yf-preventive-default_nocovid,"YF:YF,routine,with:default_nocovid",YF,total,routine,SSD,South Sudan,2068,0,0,<NA>,<NA>,0.9000000000000000222,both,<NA>
yf-preventive-default_nocovid,"YF:YF,routine,with:default_nocovid",YF,total,routine,SSD,South Sudan,2069,0,0,<NA>,<NA>,0.9000000000000000222,both,<NA>
yf-preventive-default_nocovid,"YF:YF,routine,with:default_nocovid",YF,total,routine,SSD,South Sudan,2070,0,0,<NA>,<NA>,0.9000000000000000222,both,<NA>
yf-preventive-default_nocovid,"YF:YF,routine,with:default_nocovid",YF,total,routine,SSD,South Sudan,2071,0,0,<NA>,<NA>,0.9000000000000000222,both,<NA>
yf-preventive-default_nocovid,"YF:YF,routine,with:default_nocovid",YF,total,routine,SSD,South Sudan,2072,0,0,<NA>,<NA>,0.9000000000000000222,both,<NA>
yf-preventive-default_nocovid,"YF:YF,routine,with:default_nocovid",YF,total,routine,SSD,South Sudan,2073,0,0,<NA>,<NA>,0.9000000000000000222,both,<NA>
yf-preventive-default_nocovid,"YF:YF,routine,with:default_nocovid",YF,total,routine,SSD,South Sudan,2074,0,0,<NA>,<NA>,0.9000000000000000222,both,<NA>
yf-preventive-default_nocovid,"YF:YF,routine,with:default_nocovid",YF,total,routine,SSD,South Sudan,2075,0,0,<NA>,<NA>,0.9000000000000000222,both,<NA>
yf-preventive-default_nocovid,"YF:YF,routine,with:default_nocovid",YF,total,routine,SSD,South Sudan,2076,0,0,<NA>,<NA>,0.9000000000000000222,both,<NA>
yf-preventive-default_nocovid,"YF:YF,routine,with:default_nocovid",YF,total,routine,SSD,South Sudan,2077,0,0,<NA>,<NA>,0.9000000000000000222,both,<NA>
yf-preventive-default_nocovid,"YF:YF,routine,with:default_nocovid",YF,total,routine,SSD,South Sudan,2078,0,0,<NA>,<NA>,0.9000000000000000222,both,<NA>
yf-preventive-default_nocovid,"YF:YF,routine,with:default_nocovid",YF,total,routine,SSD,South Sudan,2079,0,0,<NA>,<NA>,0.9000000000000000222,both,<NA>
yf-preventive-default_nocovid,"YF:YF,routine,with:default_nocovid",YF,total,routine,SSD,South Sudan,2080,0,0,<NA>,<NA>,0.9000000000000000222,both,<NA>
yf-preventive-default_nocovid,"YF:YF,routine,with:default_nocovid",YF,total,routine,SSD,South Sudan,2081,0,0,<NA>,<NA>,0.9000000000000000222,both,<NA>
yf-preventive-default_nocovid,"YF:YF,routine,with:default_nocovid",YF,total,routine,SSD,South Sudan,2082,0,0,<NA>,<NA>,0.9000000000000000222,both,<NA>
yf-preventive-default_nocovid,"YF:YF,routine,with:default_nocovid",YF,total,routine,SSD,South Sudan,2083,0,0,<NA>,<NA>,0.9000000000000000222,both,<NA>
yf-preventive-default_nocovid,"YF:YF,routine,with:default_nocovid",YF,total,routine,SSD,South Sudan,2084,0,0,<NA>,<NA>,0.9000000000000000222,both,<NA>
yf-preventive-default_nocovid,"YF:YF,routine,with:default_nocovid",YF,total,routine,SSD,South Sudan,2085,0,0,<NA>,<NA>,0.9000000000000000222,both,<NA>
yf-preventive-default_nocovid,"YF:YF,routine,with:default_nocovid",YF,total,routine,SSD,South Sudan,2086,0,0,<NA>,<NA>,0.9000000000000000222,both,<NA>
yf-preventive-default_nocovid,"YF:YF,routine,with:default_nocovid",YF,total,routine,SSD,South Sudan,2087,0,0,<NA>,<NA>,0.9000000000000000222,both,<NA>
yf-preventive-default_nocovid,"YF:YF,routine,with:default_nocovid",YF,total,routine,SSD,South Sudan,2088,0,0,<NA>,<NA>,0.9000000000000000222,both,<NA>
yf-preventive-default_nocovid,"YF:YF,routine,with:default_nocovid",YF,total,routine,SSD,South Sudan,2089,0,0,<NA>,<NA>,0.9000000000000000222,both,<NA>
yf-preventive-default_nocovid,"YF:YF,routine,with:default_nocovid",YF,total,routine,SSD,South Sudan,2090,0,0,<NA>,<NA>,0.9000000000000000222,both,<NA>
yf-preventive-default_nocovid,"YF:YF,routine,with:default_nocovid",YF,total,routine,SSD,South Sudan,2091,0,0,<NA>,<NA>,0.9000000000000000222,both,<NA>
yf-preventive-default_nocovid,"YF:YF,routine,with:default_nocovid",YF,total,routine,SSD,South Sudan,2092,0,0,<NA>,<NA>,0.9000000000000000222,both,<NA>
yf-preventive-default_nocovid,"YF:YF,routine,with:default_nocovid",YF,total,routine,SSD,South Sudan,2093,0,0,<NA>,<NA>,0.9000000000000000222,both,<NA>
yf-preventive-default_nocovid,"YF:YF,routine,with:default_nocovid",YF,total,routine,SSD,South Sudan,2094,0,0,<NA>,<NA>,0.9000000000000000222,both,<NA>
yf-preventive-default_nocovid,"YF:YF,routine,with:default_nocovid",YF,total,routine,SSD,South Sudan,2095,0,0,<NA>,<NA>,0.9000000000000000222,both,<NA>
yf-preventive-default_nocovid,"YF:YF,routine,with:default_nocovid",YF,total,routine,SSD,South Sudan,2096,0,0,<NA>,<NA>,0.9000000000000000222,both,<NA>
yf-preventive-default_nocovid,"YF:YF,routine,with:default_nocovid",YF,total,routine,SSD,South Sudan,2097,0,0,<NA>,<NA>,0.9000000000000000222,both,<NA>
yf-preventive-default_nocovid,"YF:YF,routine,with:default_nocovid",YF,total,routine,SSD,South Sudan,2098,0,0,<NA>,<NA>,0.9000000000000000222,both,<NA>
yf-preventive-default_nocovid,"YF:YF,routine,with:default_nocovid",YF,total,routine,SSD,South Sudan,2099,0,0,<NA>,<NA>,0.9000000000000000222,both,<NA>
yf-preventive-default_nocovid,"YF:YF,routine,with:default_nocovid",YF,total,routine,SSD,South Sudan,2100,0,0,<NA>,<NA>,0.9000000000000000222,both,<NA>
yf-preventive-default_nocovid,"YF:YF,routine,with:default_nocovid",YF,total,routine,TCD,Chad,1980,0,0,use default routine age for this projection,<NA>,0,both,<NA>
yf-preventive-default_nocovid,"YF:YF,routine,with:default_nocovid",YF,total,routine,TCD,Chad,1981,0,0,use default routine age for this projection,<NA>,0,both,<NA>
yf-preventive-default_nocovid,"YF:YF,routine,with:default_nocovid",YF,total,routine,TCD,Chad,1982,0,0,use default routine age for this projection,<NA>,0,both,<NA>
yf-preventive-default_nocovid,"YF:YF,routine,with:default_nocovid",YF,total,routine,TCD,Chad,1983,0,0,use default routine age for this projection,<NA>,0,both,<NA>
yf-preventive-default_nocovid,"YF:YF,routine,with:default_nocovid",YF,total,routine,TCD,Chad,1984,0,0,use default routine age for this projection,<NA>,0,both,<NA>
yf-preventive-default_nocovid,"YF:YF,routine,with:default_nocovid",YF,total,routine,TCD,Chad,1985,0,0,use default routine age for this projection,<NA>,0,both,<NA>
yf-preventive-default_nocovid,"YF:YF,routine,with:default_nocovid",YF,total,routine,TCD,Chad,1986,0,0,use default routine age for this projection,<NA>,0,both,<NA>
yf-preventive-default_nocovid,"YF:YF,routine,with:default_nocovid",YF,total,routine,TCD,Chad,1987,0,0,use default routine age for this projection,<NA>,0,both,<NA>
yf-preventive-default_nocovid,"YF:YF,routine,with:default_nocovid",YF,total,routine,TCD,Chad,1988,0,0,use default routine age for this projection,<NA>,0,both,<NA>
yf-preventive-default_nocovid,"YF:YF,routine,with:default_nocovid",YF,total,routine,TCD,Chad,1989,0,0,use default routine age for this projection,<NA>,0,both,<NA>
yf-preventive-default_nocovid,"YF:YF,routine,with:default_nocovid",YF,total,routine,TCD,Chad,1990,0,0,use default routine age for this projection,<NA>,0,both,<NA>
yf-preventive-default_nocovid,"YF:YF,routine,with:default_nocovid",YF,total,routine,TCD,Chad,1991,0,0,use default routine age for this projection,<NA>,0,both,<NA>
yf-preventive-default_nocovid,"YF:YF,routine,with:default_nocovid",YF,total,routine,TCD,Chad,1992,0,0,use default routine age for this projection,<NA>,0,both,<NA>
yf-preventive-default_nocovid,"YF:YF,routine,with:default_nocovid",YF,total,routine,TCD,Chad,1993,0,0,use default routine age for this projection,<NA>,0,both,<NA>
yf-preventive-default_nocovid,"YF:YF,routine,with:default_nocovid",YF,total,routine,TCD,Chad,1994,0,0,use default routine age for this projection,<NA>,0,both,<NA>
yf-preventive-default_nocovid,"YF:YF,routine,with:default_nocovid",YF,total,routine,TCD,Chad,1995,0,0,use default routine age for this projection,<NA>,0,both,<NA>
yf-preventive-default_nocovid,"YF:YF,routine,with:default_nocovid",YF,total,routine,TCD,Chad,1996,0,0,use default routine age for this projection,<NA>,0,both,<NA>
yf-preventive-default_nocovid,"YF:YF,routine,with:default_nocovid",YF,total,routine,TCD,Chad,1997,0,0,default routine age,<NA>,0.13000000000000000444,both,<NA>
yf-preventive-default_nocovid,"YF:YF,routine,with:default_nocovid",YF,total,routine,TCD,Chad,1998,0,0,default routine age,<NA>,0.13000000000000000444,both,<NA>
yf-preventive-default_nocovid,"YF:YF,routine,with:default_nocovid",YF,total,routine,TCD,Chad,1999,0,0,default routine age,<NA>,0.30999999999999999778,both,<NA>
yf-preventive-default_nocovid,"YF:YF,routine,with:default_nocovid",YF,total,routine,TCD,Chad,2000,0,0,default routine age,<NA>,0.28000000000000002665,both,<NA>
yf-preventive-default_nocovid,"YF:YF,routine,with:default_nocovid",YF,total,routine,TCD,Chad,2001,0,0,default routine age,<NA>,0.26000000000000000888,both,<NA>
yf-preventive-default_nocovid,"YF:YF,routine,with:default_nocovid",YF,total,routine,TCD,Chad,2002,0,0,default routine age,<NA>,0.23000000000000000999,both,<NA>
yf-preventive-default_nocovid,"YF:YF,routine,with:default_nocovid",YF,total,routine,TCD,Chad,2003,0,0,default routine age,<NA>,0.2000000000000000111,both,<NA>
yf-preventive-default_nocovid,"YF:YF,routine,with:default_nocovid",YF,total,routine,TCD,Chad,2004,0,0,default routine age,<NA>,0.23999999999999999112,both,<NA>
yf-preventive-default_nocovid,"YF:YF,routine,with:default_nocovid",YF,total,routine,TCD,Chad,2005,0,0,default routine age,<NA>,0.33000000000000001554,both,<NA>
yf-preventive-default_nocovid,"YF:YF,routine,with:default_nocovid",YF,total,routine,TCD,Chad,2006,0,0,default routine age,<NA>,0.4000000000000000222,both,<NA>
yf-preventive-default_nocovid,"YF:YF,routine,with:default_nocovid",YF,total,routine,TCD,Chad,2007,0,0,default routine age,<NA>,0.39000000000000001332,both,<NA>
yf-preventive-default_nocovid,"YF:YF,routine,with:default_nocovid",YF,total,routine,TCD,Chad,2008,0,0,default routine age,<NA>,0.33000000000000001554,both,<NA>
yf-preventive-default_nocovid,"YF:YF,routine,with:default_nocovid",YF,total,routine,TCD,Chad,2009,0,0,default routine age,<NA>,0.32000000000000000666,both,<NA>
yf-preventive-default_nocovid,"YF:YF,routine,with:default_nocovid",YF,total,routine,TCD,Chad,2010,0,0,default routine age,<NA>,0.40999999999999997558,both,<NA>
yf-preventive-default_nocovid,"YF:YF,routine,with:default_nocovid",YF,total,routine,TCD,Chad,2011,0,0,default routine age,<NA>,0.4500000000000000111,both,<NA>
yf-preventive-default_nocovid,"YF:YF,routine,with:default_nocovid",YF,total,routine,TCD,Chad,2012,0,0,default routine age,<NA>,0.51000000000000000888,both,<NA>
yf-preventive-default_nocovid,"YF:YF,routine,with:default_nocovid",YF,total,routine,TCD,Chad,2013,0,0,default routine age,<NA>,0.44000000000000000222,both,<NA>
yf-preventive-default_nocovid,"YF:YF,routine,with:default_nocovid",YF,total,routine,TCD,Chad,2014,0,0,default routine age,<NA>,0.34000000000000002442,both,<NA>
yf-preventive-default_nocovid,"YF:YF,routine,with:default_nocovid",YF,total,routine,TCD,Chad,2015,0,0,default routine age,<NA>,0.40999999999999997558,both,<NA>
yf-preventive-default_nocovid,"YF:YF,routine,with:default_nocovid",YF,total,routine,TCD,Chad,2016,0,0,default routine age,<NA>,0.28999999999999998002,both,<NA>
yf-preventive-default_nocovid,"YF:YF,routine,with:default_nocovid",YF,total,routine,TCD,Chad,2017,0,0,default routine age,<NA>,0.28999999999999998002,both,<NA>
yf-preventive-default_nocovid,"YF:YF,routine,with:default_nocovid",YF,total,routine,TCD,Chad,2018,0,0,default routine age,<NA>,0.3499999999999999778,both,<NA>
yf-preventive-default_nocovid,"YF:YF,routine,with:default_nocovid",YF,total,routine,TCD,Chad,2019,0,0,default routine age,<NA>,0.3499999999999999778,both,<NA>
yf-preventive-default_nocovid,"YF:YF,routine,with:default_nocovid",YF,total,routine,TCD,Chad,2020,0,0,default routine age,<NA>,0.3499999999999999778,both,<NA>
yf-preventive-default_nocovid,"YF:YF,routine,with:default_nocovid",YF,total,routine,TCD,Chad,2021,0,0,default routine age,<NA>,0.4500000000000000111,both,<NA>
yf-preventive-default_nocovid,"YF:YF,routine,with:default_nocovid",YF,total,routine,TCD,Chad,2022,0,0,<NA>,<NA>,0.47044472721727736975,both,<NA>
yf-preventive-default_nocovid,"YF:YF,routine,with:default_nocovid",YF,total,routine,TCD,Chad,2023,0,0,<NA>,<NA>,0.4901294783054841453,both,<NA>
yf-preventive-default_nocovid,"YF:YF,routine,with:default_nocovid",YF,total,routine,TCD,Chad,2024,0,0,<NA>,<NA>,0.50908250327307569272,both,<NA>
yf-preventive-default_nocovid,"YF:YF,routine,with:default_nocovid",YF,total,routine,TCD,Chad,2025,0,0,<NA>,<NA>,0.52733100201265870055,both,<NA>
yf-preventive-default_nocovid,"YF:YF,routine,with:default_nocovid",YF,total,routine,TCD,Chad,2026,0,0,<NA>,<NA>,0.54490116333614058153,both,<NA>
yf-preventive-default_nocovid,"YF:YF,routine,with:default_nocovid",YF,total,routine,TCD,Chad,2027,0,0,<NA>,<NA>,0.56181820255885495108,both,<NA>
yf-preventive-default_nocovid,"YF:YF,routine,with:default_nocovid",YF,total,routine,TCD,Chad,2028,0,0,<NA>,<NA>,0.57810639768660143645,both,<NA>
yf-preventive-default_nocovid,"YF:YF,routine,with:default_nocovid",YF,total,routine,TCD,Chad,2029,0,0,<NA>,<NA>,0.59378912425753227478,both,<NA>
yf-preventive-default_nocovid,"YF:YF,routine,with:default_nocovid",YF,total,routine,TCD,Chad,2030,0,0,<NA>,<NA>,0.60888888888888892392,both,<NA>
yf-preventive-default_nocovid,"YF:YF,routine,with:default_nocovid",YF,total,routine,TCD,Chad,2031,0,0,<NA>,<NA>,0.6188888888888889328,both,<NA>
yf-preventive-default_nocovid,"YF:YF,routine,with:default_nocovid",YF,total,routine,TCD,Chad,2032,0,0,<NA>,<NA>,0.62888888888888894169,both,<NA>
yf-preventive-default_nocovid,"YF:YF,routine,with:default_nocovid",YF,total,routine,TCD,Chad,2033,0,0,<NA>,<NA>,0.63888888888888895057,both,<NA>
yf-preventive-default_nocovid,"YF:YF,routine,with:default_nocovid",YF,total,routine,TCD,Chad,2034,0,0,<NA>,<NA>,0.64888888888888895945,both,<NA>
yf-preventive-default_nocovid,"YF:YF,routine,with:default_nocovid",YF,total,routine,TCD,Chad,2035,0,0,<NA>,<NA>,0.65888888888888896833,both,<NA>
yf-preventive-default_nocovid,"YF:YF,routine,with:default_nocovid",YF,total,routine,TCD,Chad,2036,0,0,<NA>,<NA>,0.66888888888888886619,both,<NA>
yf-preventive-default_nocovid,"YF:YF,routine,with:default_nocovid",YF,total,routine,TCD,Chad,2037,0,0,<NA>,<NA>,0.67888888888888887507,both,<NA>
yf-preventive-default_nocovid,"YF:YF,routine,with:default_nocovid",YF,total,routine,TCD,Chad,2038,0,0,<NA>,<NA>,0.68888888888888888395,both,<NA>
yf-preventive-default_nocovid,"YF:YF,routine,with:default_nocovid",YF,total,routine,TCD,Chad,2039,0,0,<NA>,<NA>,0.69888888888888889284,both,<NA>
yf-preventive-default_nocovid,"YF:YF,routine,with:default_nocovid",YF,total,routine,TCD,Chad,2040,0,0,<NA>,<NA>,0.70888888888888890172,both,<NA>
yf-preventive-default_nocovid,"YF:YF,routine,with:default_nocovid",YF,total,routine,TCD,Chad,2041,0,0,<NA>,<NA>,0.7188888888888889106,both,<NA>
yf-preventive-default_nocovid,"YF:YF,routine,with:default_nocovid",YF,total,routine,TCD,Chad,2042,0,0,<NA>,<NA>,0.72888888888888891948,both,<NA>
yf-preventive-default_nocovid,"YF:YF,routine,with:default_nocovid",YF,total,routine,TCD,Chad,2043,0,0,<NA>,<NA>,0.73888888888888892836,both,<NA>
yf-preventive-default_nocovid,"YF:YF,routine,with:default_nocovid",YF,total,routine,TCD,Chad,2044,0,0,<NA>,<NA>,0.74888888888888893725,both,<NA>
yf-preventive-default_nocovid,"YF:YF,routine,with:default_nocovid",YF,total,routine,TCD,Chad,2045,0,0,<NA>,<NA>,0.75888888888888894613,both,<NA>
yf-preventive-default_nocovid,"YF:YF,routine,with:default_nocovid",YF,total,routine,TCD,Chad,2046,0,0,<NA>,<NA>,0.76888888888888895501,both,<NA>
yf-preventive-default_nocovid,"YF:YF,routine,with:default_nocovid",YF,total,routine,TCD,Chad,2047,0,0,<NA>,<NA>,0.77888888888888896389,both,<NA>
yf-preventive-default_nocovid,"YF:YF,routine,with:default_nocovid",YF,total,routine,TCD,Chad,2048,0,0,<NA>,<NA>,0.78888888888888897277,both,<NA>
yf-preventive-default_nocovid,"YF:YF,routine,with:default_nocovid",YF,total,routine,TCD,Chad,2049,0,0,<NA>,<NA>,0.79888888888888898165,both,<NA>
yf-preventive-default_nocovid,"YF:YF,routine,with:default_nocovid",YF,total,routine,TCD,Chad,2050,0,0,<NA>,<NA>,0.80888888888888899054,both,<NA>
yf-preventive-default_nocovid,"YF:YF,routine,with:default_nocovid",YF,total,routine,TCD,Chad,2051,0,0,<NA>,<NA>,0.8188888888888888884,both,<NA>
yf-preventive-default_nocovid,"YF:YF,routine,with:default_nocovid",YF,total,routine,TCD,Chad,2052,0,0,<NA>,<NA>,0.82888888888888889728,both,<NA>
yf-preventive-default_nocovid,"YF:YF,routine,with:default_nocovid",YF,total,routine,TCD,Chad,2053,0,0,<NA>,<NA>,0.83888888888888890616,both,<NA>
yf-preventive-default_nocovid,"YF:YF,routine,with:default_nocovid",YF,total,routine,TCD,Chad,2054,0,0,<NA>,<NA>,0.84888888888888891504,both,<NA>
yf-preventive-default_nocovid,"YF:YF,routine,with:default_nocovid",YF,total,routine,TCD,Chad,2055,0,0,<NA>,<NA>,0.85888888888888892392,both,<NA>
yf-preventive-default_nocovid,"YF:YF,routine,with:default_nocovid",YF,total,routine,TCD,Chad,2056,0,0,<NA>,<NA>,0.8688888888888889328,both,<NA>
yf-preventive-default_nocovid,"YF:YF,routine,with:default_nocovid",YF,total,routine,TCD,Chad,2057,0,0,<NA>,<NA>,0.87888888888888894169,both,<NA>
yf-preventive-default_nocovid,"YF:YF,routine,with:default_nocovid",YF,total,routine,TCD,Chad,2058,0,0,<NA>,<NA>,0.88888888888888895057,both,<NA>
yf-preventive-default_nocovid,"YF:YF,routine,with:default_nocovid",YF,total,routine,TCD,Chad,2059,0,0,<NA>,<NA>,0.89888888888888884843,both,<NA>
yf-preventive-default_nocovid,"YF:YF,routine,with:default_nocovid",YF,total,routine,TCD,Chad,2060,0,0,<NA>,<NA>,0.9000000000000000222,both,<NA>
yf-preventive-default_nocovid,"YF:YF,routine,with:default_nocovid",YF,total,routine,TCD,Chad,2061,0,0,<NA>,<NA>,0.9000000000000000222,both,<NA>
yf-preventive-default_nocovid,"YF:YF,routine,with:default_nocovid",YF,total,routine,TCD,Chad,2062,0,0,<NA>,<NA>,0.9000000000000000222,both,<NA>
yf-preventive-default_nocovid,"YF:YF,routine,with:default_nocovid",YF,total,routine,TCD,Chad,2063,0,0,<NA>,<NA>,0.9000000000000000222,both,<NA>
yf-preventive-default_nocovid,"YF:YF,routine,with:default_nocovid",YF,total,routine,TCD,Chad,2064,0,0,<NA>,<NA>,0.9000000000000000222,both,<NA>
yf-preventive-default_nocovid,"YF:YF,routine,with:default_nocovid",YF,total,routine,TCD,Chad,2065,0,0,<NA>,<NA>,0.9000000000000000222,both,<NA>
yf-preventive-default_nocovid,"YF:YF,routine,with:default_nocovid",YF,total,routine,TCD,Chad,2066,0,0,<NA>,<NA>,0.9000000000000000222,both,<NA>
yf-preventive-default_nocovid,"YF:YF,routine,with:default_nocovid",YF,total,routine,TCD,Chad,2067,0,0,<NA>,<NA>,0.9000000000000000222,both,<NA>
yf-preventive-default_nocovid,"YF:YF,routine,with:default_nocovid",YF,total,routine,TCD,Chad,2068,0,0,<NA>,<NA>,0.9000000000000000222,both,<NA>
yf-preventive-default_nocovid,"YF:YF,routine,with:default_nocovid",YF,total,routine,TCD,Chad,2069,0,0,<NA>,<NA>,0.9000000000000000222,both,<NA>
yf-preventive-default_nocovid,"YF:YF,routine,with:default_nocovid",YF,total,routine,TCD,Chad,2070,0,0,<NA>,<NA>,0.9000000000000000222,both,<NA>
yf-preventive-default_nocovid,"YF:YF,routine,with:default_nocovid",YF,total,routine,TCD,Chad,2071,0,0,<NA>,<NA>,0.9000000000000000222,both,<NA>
yf-preventive-default_nocovid,"YF:YF,routine,with:default_nocovid",YF,total,routine,TCD,Chad,2072,0,0,<NA>,<NA>,0.9000000000000000222,both,<NA>
yf-preventive-default_nocovid,"YF:YF,routine,with:default_nocovid",YF,total,routine,TCD,Chad,2073,0,0,<NA>,<NA>,0.9000000000000000222,both,<NA>
yf-preventive-default_nocovid,"YF:YF,routine,with:default_nocovid",YF,total,routine,TCD,Chad,2074,0,0,<NA>,<NA>,0.9000000000000000222,both,<NA>
yf-preventive-default_nocovid,"YF:YF,routine,with:default_nocovid",YF,total,routine,TCD,Chad,2075,0,0,<NA>,<NA>,0.9000000000000000222,both,<NA>
yf-preventive-default_nocovid,"YF:YF,routine,with:default_nocovid",YF,total,routine,TCD,Chad,2076,0,0,<NA>,<NA>,0.9000000000000000222,both,<NA>
yf-preventive-default_nocovid,"YF:YF,routine,with:default_nocovid",YF,total,routine,TCD,Chad,2077,0,0,<NA>,<NA>,0.9000000000000000222,both,<NA>
yf-preventive-default_nocovid,"YF:YF,routine,with:default_nocovid",YF,total,routine,TCD,Chad,2078,0,0,<NA>,<NA>,0.9000000000000000222,both,<NA>
yf-preventive-default_nocovid,"YF:YF,routine,with:default_nocovid",YF,total,routine,TCD,Chad,2079,0,0,<NA>,<NA>,0.9000000000000000222,both,<NA>
yf-preventive-default_nocovid,"YF:YF,routine,with:default_nocovid",YF,total,routine,TCD,Chad,2080,0,0,<NA>,<NA>,0.9000000000000000222,both,<NA>
yf-preventive-default_nocovid,"YF:YF,routine,with:default_nocovid",YF,total,routine,TCD,Chad,2081,0,0,<NA>,<NA>,0.9000000000000000222,both,<NA>
yf-preventive-default_nocovid,"YF:YF,routine,with:default_nocovid",YF,total,routine,TCD,Chad,2082,0,0,<NA>,<NA>,0.9000000000000000222,both,<NA>
yf-preventive-default_nocovid,"YF:YF,routine,with:default_nocovid",YF,total,routine,TCD,Chad,2083,0,0,<NA>,<NA>,0.9000000000000000222,both,<NA>
yf-preventive-default_nocovid,"YF:YF,routine,with:default_nocovid",YF,total,routine,TCD,Chad,2084,0,0,<NA>,<NA>,0.9000000000000000222,both,<NA>
yf-preventive-default_nocovid,"YF:YF,routine,with:default_nocovid",YF,total,routine,TCD,Chad,2085,0,0,<NA>,<NA>,0.9000000000000000222,both,<NA>
yf-preventive-default_nocovid,"YF:YF,routine,with:default_nocovid",YF,total,routine,TCD,Chad,2086,0,0,<NA>,<NA>,0.9000000000000000222,both,<NA>
yf-preventive-default_nocovid,"YF:YF,routine,with:default_nocovid",YF,total,routine,TCD,Chad,2087,0,0,<NA>,<NA>,0.9000000000000000222,both,<NA>
yf-preventive-default_nocovid,"YF:YF,routine,with:default_nocovid",YF,total,routine,TCD,Chad,2088,0,0,<NA>,<NA>,0.9000000000000000222,both,<NA>
yf-preventive-default_nocovid,"YF:YF,routine,with:default_nocovid",YF,total,routine,TCD,Chad,2089,0,0,<NA>,<NA>,0.9000000000000000222,both,<NA>
yf-preventive-default_nocovid,"YF:YF,routine,with:default_nocovid",YF,total,routine,TCD,Chad,2090,0,0,<NA>,<NA>,0.9000000000000000222,both,<NA>
yf-preventive-default_nocovid,"YF:YF,routine,with:default_nocovid",YF,total,routine,TCD,Chad,2091,0,0,<NA>,<NA>,0.9000000000000000222,both,<NA>
yf-preventive-default_nocovid,"YF:YF,routine,with:default_nocovid",YF,total,routine,TCD,Chad,2092,0,0,<NA>,<NA>,0.9000000000000000222,both,<NA>
yf-preventive-default_nocovid,"YF:YF,routine,with:default_nocovid",YF,total,routine,TCD,Chad,2093,0,0,<NA>,<NA>,0.9000000000000000222,both,<NA>
yf-preventive-default_nocovid,"YF:YF,routine,with:default_nocovid",YF,total,routine,TCD,Chad,2094,0,0,<NA>,<NA>,0.9000000000000000222,both,<NA>
yf-preventive-default_nocovid,"YF:YF,routine,with:default_nocovid",YF,total,routine,TCD,Chad,2095,0,0,<NA>,<NA>,0.9000000000000000222,both,<NA>
yf-preventive-default_nocovid,"YF:YF,routine,with:default_nocovid",YF,total,routine,TCD,Chad,2096,0,0,<NA>,<NA>,0.9000000000000000222,both,<NA>
yf-preventive-default_nocovid,"YF:YF,routine,with:default_nocovid",YF,total,routine,TCD,Chad,2097,0,0,<NA>,<NA>,0.9000000000000000222,both,<NA>
yf-preventive-default_nocovid,"YF:YF,routine,with:default_nocovid",YF,total,routine,TCD,Chad,2098,0,0,<NA>,<NA>,0.9000000000000000222,both,<NA>
yf-preventive-default_nocovid,"YF:YF,routine,with:default_nocovid",YF,total,routine,TCD,Chad,2099,0,0,<NA>,<NA>,0.9000000000000000222,both,<NA>
yf-preventive-default_nocovid,"YF:YF,routine,with:default_nocovid",YF,total,routine,TCD,Chad,2100,0,0,<NA>,<NA>,0.9000000000000000222,both,<NA>
yf-preventive-default_nocovid,"YF:YF,routine,with:default_nocovid",YF,total,routine,TGO,Togo,1980,0,0,use default routine age for this projection,<NA>,0,both,<NA>
yf-preventive-default_nocovid,"YF:YF,routine,with:default_nocovid",YF,total,routine,TGO,Togo,1981,0,0,use default routine age for this projection,<NA>,0,both,<NA>
yf-preventive-default_nocovid,"YF:YF,routine,with:default_nocovid",YF,total,routine,TGO,Togo,1982,0,0,use default routine age for this projection,<NA>,0,both,<NA>
yf-preventive-default_nocovid,"YF:YF,routine,with:default_nocovid",YF,total,routine,TGO,Togo,1983,0,0,use default routine age for this projection,<NA>,0,both,<NA>
yf-preventive-default_nocovid,"YF:YF,routine,with:default_nocovid",YF,total,routine,TGO,Togo,1984,0,0,use default routine age for this projection,<NA>,0,both,<NA>
yf-preventive-default_nocovid,"YF:YF,routine,with:default_nocovid",YF,total,routine,TGO,Togo,1985,0,0,use default routine age for this projection,<NA>,0,both,<NA>
yf-preventive-default_nocovid,"YF:YF,routine,with:default_nocovid",YF,total,routine,TGO,Togo,1986,0,0,use default routine age for this projection,<NA>,0,both,<NA>
yf-preventive-default_nocovid,"YF:YF,routine,with:default_nocovid",YF,total,routine,TGO,Togo,1987,0,0,use default routine age for this projection,<NA>,0,both,<NA>
yf-preventive-default_nocovid,"YF:YF,routine,with:default_nocovid",YF,total,routine,TGO,Togo,1988,0,0,use default routine age for this projection,<NA>,0,both,<NA>
yf-preventive-default_nocovid,"YF:YF,routine,with:default_nocovid",YF,total,routine,TGO,Togo,1989,0,0,use default routine age for this projection,<NA>,0,both,<NA>
yf-preventive-default_nocovid,"YF:YF,routine,with:default_nocovid",YF,total,routine,TGO,Togo,1990,0,0,use default routine age for this projection,<NA>,0,both,<NA>
yf-preventive-default_nocovid,"YF:YF,routine,with:default_nocovid",YF,total,routine,TGO,Togo,1991,0,0,use default routine age for this projection,<NA>,0,both,<NA>
yf-preventive-default_nocovid,"YF:YF,routine,with:default_nocovid",YF,total,routine,TGO,Togo,1992,0,0,use default routine age for this projection,<NA>,0,both,<NA>
yf-preventive-default_nocovid,"YF:YF,routine,with:default_nocovid",YF,total,routine,TGO,Togo,1993,0,0,use default routine age for this projection,<NA>,0,both,<NA>
yf-preventive-default_nocovid,"YF:YF,routine,with:default_nocovid",YF,total,routine,TGO,Togo,1994,0,0,use default routine age for this projection,<NA>,0,both,<NA>
yf-preventive-default_nocovid,"YF:YF,routine,with:default_nocovid",YF,total,routine,TGO,Togo,1995,0,0,use default routine age for this projection,<NA>,0,both,<NA>
yf-preventive-default_nocovid,"YF:YF,routine,with:default_nocovid",YF,total,routine,TGO,Togo,1996,0,0,use default routine age for this projection,<NA>,0,both,<NA>
yf-preventive-default_nocovid,"YF:YF,routine,with:default_nocovid",YF,total,routine,TGO,Togo,1997,0,0,use default routine age for this projection,<NA>,0,both,<NA>
yf-preventive-default_nocovid,"YF:YF,routine,with:default_nocovid",YF,total,routine,TGO,Togo,1998,0,0,use default routine age for this projection,<NA>,0,both,<NA>
yf-preventive-default_nocovid,"YF:YF,routine,with:default_nocovid",YF,total,routine,TGO,Togo,1999,0,0,use default routine age for this projection,<NA>,0,both,<NA>
yf-preventive-default_nocovid,"YF:YF,routine,with:default_nocovid",YF,total,routine,TGO,Togo,2000,0,0,use default routine age for this projection,<NA>,0,both,<NA>
yf-preventive-default_nocovid,"YF:YF,routine,with:default_nocovid",YF,total,routine,TGO,Togo,2001,0,0,use default routine age for this projection,<NA>,0,both,<NA>
yf-preventive-default_nocovid,"YF:YF,routine,with:default_nocovid",YF,total,routine,TGO,Togo,2002,0,0,use default routine age for this projection,<NA>,0,both,<NA>
yf-preventive-default_nocovid,"YF:YF,routine,with:default_nocovid",YF,total,routine,TGO,Togo,2003,0,0,use default routine age for this projection,<NA>,0,both,<NA>
yf-preventive-default_nocovid,"YF:YF,routine,with:default_nocovid",YF,total,routine,TGO,Togo,2004,0,0,default routine age,<NA>,0.01000000000000000021,both,<NA>
yf-preventive-default_nocovid,"YF:YF,routine,with:default_nocovid",YF,total,routine,TGO,Togo,2005,0,0,default routine age,<NA>,0.56000000000000005329,both,<NA>
yf-preventive-default_nocovid,"YF:YF,routine,with:default_nocovid",YF,total,routine,TGO,Togo,2006,0,0,default routine age,<NA>,0.76000000000000000888,both,<NA>
yf-preventive-default_nocovid,"YF:YF,routine,with:default_nocovid",YF,total,routine,TGO,Togo,2007,0,0,default routine age,<NA>,0.67000000000000003997,both,<NA>
yf-preventive-default_nocovid,"YF:YF,routine,with:default_nocovid",YF,total,routine,TGO,Togo,2008,0,0,default routine age,<NA>,0.63000000000000000444,both,<NA>
yf-preventive-default_nocovid,"YF:YF,routine,with:default_nocovid",YF,total,routine,TGO,Togo,2009,0,0,default routine age,<NA>,0.64000000000000001332,both,<NA>
yf-preventive-default_nocovid,"YF:YF,routine,with:default_nocovid",YF,total,routine,TGO,Togo,2010,0,0,default routine age,<NA>,0.67000000000000003997,both,<NA>
yf-preventive-default_nocovid,"YF:YF,routine,with:default_nocovid",YF,total,routine,TGO,Togo,2011,0,0,default routine age,<NA>,0.71999999999999997335,both,<NA>
yf-preventive-default_nocovid,"YF:YF,routine,with:default_nocovid",YF,total,routine,TGO,Togo,2012,0,0,default routine age,<NA>,0.71999999999999997335,both,<NA>
yf-preventive-default_nocovid,"YF:YF,routine,with:default_nocovid",YF,total,routine,TGO,Togo,2013,0,0,default routine age,<NA>,0.71999999999999997335,both,<NA>
yf-preventive-default_nocovid,"YF:YF,routine,with:default_nocovid",YF,total,routine,TGO,Togo,2014,0,0,default routine age,<NA>,0.75,both,<NA>
yf-preventive-default_nocovid,"YF:YF,routine,with:default_nocovid",YF,total,routine,TGO,Togo,2015,0,0,default routine age,<NA>,0.70999999999999996447,both,<NA>
yf-preventive-default_nocovid,"YF:YF,routine,with:default_nocovid",YF,total,routine,TGO,Togo,2016,0,0,default routine age,<NA>,0.68000000000000004885,both,<NA>
yf-preventive-default_nocovid,"YF:YF,routine,with:default_nocovid",YF,total,routine,TGO,Togo,2017,0,0,default routine age,<NA>,0.72999999999999998224,both,<NA>
yf-preventive-default_nocovid,"YF:YF,routine,with:default_nocovid",YF,total,routine,TGO,Togo,2018,0,0,default routine age,<NA>,0.68000000000000004885,both,<NA>
yf-preventive-default_nocovid,"YF:YF,routine,with:default_nocovid",YF,total,routine,TGO,Togo,2019,0,0,default routine age,<NA>,0.70999999999999996447,both,<NA>
yf-preventive-default_nocovid,"YF:YF,routine,with:default_nocovid",YF,total,routine,TGO,Togo,2020,0,0,default routine age,<NA>,0.66000000000000003109,both,<NA>
yf-preventive-default_nocovid,"YF:YF,routine,with:default_nocovid",YF,total,routine,TGO,Togo,2021,0,0,default routine age,<NA>,0.68500000000000005329,both,<NA>
yf-preventive-default_nocovid,"YF:YF,routine,with:default_nocovid",YF,total,routine,TGO,Togo,2022,0,0,<NA>,<NA>,0.7084964536855825612,both,<NA>
yf-preventive-default_nocovid,"YF:YF,routine,with:default_nocovid",YF,total,routine,TGO,Togo,2023,0,0,<NA>,<NA>,0.73024026186069290745,both,<NA>
yf-preventive-default_nocovid,"YF:YF,routine,with:default_nocovid",YF,total,routine,TGO,Togo,2024,0,0,<NA>,<NA>,0.75036215771283609755,both,<NA>
yf-preventive-default_nocovid,"YF:YF,routine,with:default_nocovid",YF,total,routine,TGO,Togo,2025,0,0,<NA>,<NA>,0.7689831227905158384,both,<NA>
yf-preventive-default_nocovid,"YF:YF,routine,with:default_nocovid",YF,total,routine,TGO,Togo,2026,0,0,<NA>,<NA>,0.7862151143966762401,both,<NA>
yf-preventive-default_nocovid,"YF:YF,routine,with:default_nocovid",YF,total,routine,TGO,Togo,2027,0,0,<NA>,<NA>,0.8021617387244732722,both,<NA>
yf-preventive-default_nocovid,"YF:YF,routine,with:default_nocovid",YF,total,routine,TGO,Togo,2028,0,0,<NA>,<NA>,0.81691887378255767516,both,<NA>
yf-preventive-default_nocovid,"YF:YF,routine,with:default_nocovid",YF,total,routine,TGO,Togo,2029,0,0,<NA>,<NA>,0.83057524585516862015,both,<NA>
yf-preventive-default_nocovid,"YF:YF,routine,with:default_nocovid",YF,total,routine,TGO,Togo,2030,0,0,<NA>,<NA>,0.84321296296296299744,both,<NA>
yf-preventive-default_nocovid,"YF:YF,routine,with:default_nocovid",YF,total,routine,TGO,Togo,2031,0,0,<NA>,<NA>,0.85321296296296300632,both,<NA>
yf-preventive-default_nocovid,"YF:YF,routine,with:default_nocovid",YF,total,routine,TGO,Togo,2032,0,0,<NA>,<NA>,0.8632129629629630152,both,<NA>
yf-preventive-default_nocovid,"YF:YF,routine,with:default_nocovid",YF,total,routine,TGO,Togo,2033,0,0,<NA>,<NA>,0.87321296296296302408,both,<NA>
yf-preventive-default_nocovid,"YF:YF,routine,with:default_nocovid",YF,total,routine,TGO,Togo,2034,0,0,<NA>,<NA>,0.88321296296296303296,both,<NA>
yf-preventive-default_nocovid,"YF:YF,routine,with:default_nocovid",YF,total,routine,TGO,Togo,2035,0,0,<NA>,<NA>,0.89321296296296304185,both,<NA>
yf-preventive-default_nocovid,"YF:YF,routine,with:default_nocovid",YF,total,routine,TGO,Togo,2036,0,0,<NA>,<NA>,0.9000000000000000222,both,<NA>
yf-preventive-default_nocovid,"YF:YF,routine,with:default_nocovid",YF,total,routine,TGO,Togo,2037,0,0,<NA>,<NA>,0.9000000000000000222,both,<NA>
yf-preventive-default_nocovid,"YF:YF,routine,with:default_nocovid",YF,total,routine,TGO,Togo,2038,0,0,<NA>,<NA>,0.9000000000000000222,both,<NA>
yf-preventive-default_nocovid,"YF:YF,routine,with:default_nocovid",YF,total,routine,TGO,Togo,2039,0,0,<NA>,<NA>,0.9000000000000000222,both,<NA>
yf-preventive-default_nocovid,"YF:YF,routine,with:default_nocovid",YF,total,routine,TGO,Togo,2040,0,0,<NA>,<NA>,0.9000000000000000222,both,<NA>
yf-preventive-default_nocovid,"YF:YF,routine,with:default_nocovid",YF,total,routine,TGO,Togo,2041,0,0,<NA>,<NA>,0.9000000000000000222,both,<NA>
yf-preventive-default_nocovid,"YF:YF,routine,with:default_nocovid",YF,total,routine,TGO,Togo,2042,0,0,<NA>,<NA>,0.9000000000000000222,both,<NA>
yf-preventive-default_nocovid,"YF:YF,routine,with:default_nocovid",YF,total,routine,TGO,Togo,2043,0,0,<NA>,<NA>,0.9000000000000000222,both,<NA>
yf-preventive-default_nocovid,"YF:YF,routine,with:default_nocovid",YF,total,routine,TGO,Togo,2044,0,0,<NA>,<NA>,0.9000000000000000222,both,<NA>
yf-preventive-default_nocovid,"YF:YF,routine,with:default_nocovid",YF,total,routine,TGO,Togo,2045,0,0,<NA>,<NA>,0.9000000000000000222,both,<NA>
yf-preventive-default_nocovid,"YF:YF,routine,with:default_nocovid",YF,total,routine,TGO,Togo,2046,0,0,<NA>,<NA>,0.9000000000000000222,both,<NA>
yf-preventive-default_nocovid,"YF:YF,routine,with:default_nocovid",YF,total,routine,TGO,Togo,2047,0,0,<NA>,<NA>,0.9000000000000000222,both,<NA>
yf-preventive-default_nocovid,"YF:YF,routine,with:default_nocovid",YF,total,routine,TGO,Togo,2048,0,0,<NA>,<NA>,0.9000000000000000222,both,<NA>
yf-preventive-default_nocovid,"YF:YF,routine,with:default_nocovid",YF,total,routine,TGO,Togo,2049,0,0,<NA>,<NA>,0.9000000000000000222,both,<NA>
yf-preventive-default_nocovid,"YF:YF,routine,with:default_nocovid",YF,total,routine,TGO,Togo,2050,0,0,<NA>,<NA>,0.9000000000000000222,both,<NA>
yf-preventive-default_nocovid,"YF:YF,routine,with:default_nocovid",YF,total,routine,TGO,Togo,2051,0,0,<NA>,<NA>,0.9000000000000000222,both,<NA>
yf-preventive-default_nocovid,"YF:YF,routine,with:default_nocovid",YF,total,routine,TGO,Togo,2052,0,0,<NA>,<NA>,0.9000000000000000222,both,<NA>
yf-preventive-default_nocovid,"YF:YF,routine,with:default_nocovid",YF,total,routine,TGO,Togo,2053,0,0,<NA>,<NA>,0.9000000000000000222,both,<NA>
yf-preventive-default_nocovid,"YF:YF,routine,with:default_nocovid",YF,total,routine,TGO,Togo,2054,0,0,<NA>,<NA>,0.9000000000000000222,both,<NA>
yf-preventive-default_nocovid,"YF:YF,routine,with:default_nocovid",YF,total,routine,TGO,Togo,2055,0,0,<NA>,<NA>,0.9000000000000000222,both,<NA>
yf-preventive-default_nocovid,"YF:YF,routine,with:default_nocovid",YF,total,routine,TGO,Togo,2056,0,0,<NA>,<NA>,0.9000000000000000222,both,<NA>
yf-preventive-default_nocovid,"YF:YF,routine,with:default_nocovid",YF,total,routine,TGO,Togo,2057,0,0,<NA>,<NA>,0.9000000000000000222,both,<NA>
yf-preventive-default_nocovid,"YF:YF,routine,with:default_nocovid",YF,total,routine,TGO,Togo,2058,0,0,<NA>,<NA>,0.9000000000000000222,both,<NA>
yf-preventive-default_nocovid,"YF:YF,routine,with:default_nocovid",YF,total,routine,TGO,Togo,2059,0,0,<NA>,<NA>,0.9000000000000000222,both,<NA>
yf-preventive-default_nocovid,"YF:YF,routine,with:default_nocovid",YF,total,routine,TGO,Togo,2060,0,0,<NA>,<NA>,0.9000000000000000222,both,<NA>
yf-preventive-default_nocovid,"YF:YF,routine,with:default_nocovid",YF,total,routine,TGO,Togo,2061,0,0,<NA>,<NA>,0.9000000000000000222,both,<NA>
yf-preventive-default_nocovid,"YF:YF,routine,with:default_nocovid",YF,total,routine,TGO,Togo,2062,0,0,<NA>,<NA>,0.9000000000000000222,both,<NA>
yf-preventive-default_nocovid,"YF:YF,routine,with:default_nocovid",YF,total,routine,TGO,Togo,2063,0,0,<NA>,<NA>,0.9000000000000000222,both,<NA>
yf-preventive-default_nocovid,"YF:YF,routine,with:default_nocovid",YF,total,routine,TGO,Togo,2064,0,0,<NA>,<NA>,0.9000000000000000222,both,<NA>
yf-preventive-default_nocovid,"YF:YF,routine,with:default_nocovid",YF,total,routine,TGO,Togo,2065,0,0,<NA>,<NA>,0.9000000000000000222,both,<NA>
yf-preventive-default_nocovid,"YF:YF,routine,with:default_nocovid",YF,total,routine,TGO,Togo,2066,0,0,<NA>,<NA>,0.9000000000000000222,both,<NA>
yf-preventive-default_nocovid,"YF:YF,routine,with:default_nocovid",YF,total,routine,TGO,Togo,2067,0,0,<NA>,<NA>,0.9000000000000000222,both,<NA>
yf-preventive-default_nocovid,"YF:YF,routine,with:default_nocovid",YF,total,routine,TGO,Togo,2068,0,0,<NA>,<NA>,0.9000000000000000222,both,<NA>
yf-preventive-default_nocovid,"YF:YF,routine,with:default_nocovid",YF,total,routine,TGO,Togo,2069,0,0,<NA>,<NA>,0.9000000000000000222,both,<NA>
yf-preventive-default_nocovid,"YF:YF,routine,with:default_nocovid",YF,total,routine,TGO,Togo,2070,0,0,<NA>,<NA>,0.9000000000000000222,both,<NA>
yf-preventive-default_nocovid,"YF:YF,routine,with:default_nocovid",YF,total,routine,TGO,Togo,2071,0,0,<NA>,<NA>,0.9000000000000000222,both,<NA>
yf-preventive-default_nocovid,"YF:YF,routine,with:default_nocovid",YF,total,routine,TGO,Togo,2072,0,0,<NA>,<NA>,0.9000000000000000222,both,<NA>
yf-preventive-default_nocovid,"YF:YF,routine,with:default_nocovid",YF,total,routine,TGO,Togo,2073,0,0,<NA>,<NA>,0.9000000000000000222,both,<NA>
yf-preventive-default_nocovid,"YF:YF,routine,with:default_nocovid",YF,total,routine,TGO,Togo,2074,0,0,<NA>,<NA>,0.9000000000000000222,both,<NA>
yf-preventive-default_nocovid,"YF:YF,routine,with:default_nocovid",YF,total,routine,TGO,Togo,2075,0,0,<NA>,<NA>,0.9000000000000000222,both,<NA>
yf-preventive-default_nocovid,"YF:YF,routine,with:default_nocovid",YF,total,routine,TGO,Togo,2076,0,0,<NA>,<NA>,0.9000000000000000222,both,<NA>
yf-preventive-default_nocovid,"YF:YF,routine,with:default_nocovid",YF,total,routine,TGO,Togo,2077,0,0,<NA>,<NA>,0.9000000000000000222,both,<NA>
yf-preventive-default_nocovid,"YF:YF,routine,with:default_nocovid",YF,total,routine,TGO,Togo,2078,0,0,<NA>,<NA>,0.9000000000000000222,both,<NA>
yf-preventive-default_nocovid,"YF:YF,routine,with:default_nocovid",YF,total,routine,TGO,Togo,2079,0,0,<NA>,<NA>,0.9000000000000000222,both,<NA>
yf-preventive-default_nocovid,"YF:YF,routine,with:default_nocovid",YF,total,routine,TGO,Togo,2080,0,0,<NA>,<NA>,0.9000000000000000222,both,<NA>
yf-preventive-default_nocovid,"YF:YF,routine,with:default_nocovid",YF,total,routine,TGO,Togo,2081,0,0,<NA>,<NA>,0.9000000000000000222,both,<NA>
yf-preventive-default_nocovid,"YF:YF,routine,with:default_nocovid",YF,total,routine,TGO,Togo,2082,0,0,<NA>,<NA>,0.9000000000000000222,both,<NA>
yf-preventive-default_nocovid,"YF:YF,routine,with:default_nocovid",YF,total,routine,TGO,Togo,2083,0,0,<NA>,<NA>,0.9000000000000000222,both,<NA>
yf-preventive-default_nocovid,"YF:YF,routine,with:default_nocovid",YF,total,routine,TGO,Togo,2084,0,0,<NA>,<NA>,0.9000000000000000222,both,<NA>
yf-preventive-default_nocovid,"YF:YF,routine,with:default_nocovid",YF,total,routine,TGO,Togo,2085,0,0,<NA>,<NA>,0.9000000000000000222,both,<NA>
yf-preventive-default_nocovid,"YF:YF,routine,with:default_nocovid",YF,total,routine,TGO,Togo,2086,0,0,<NA>,<NA>,0.9000000000000000222,both,<NA>
yf-preventive-default_nocovid,"YF:YF,routine,with:default_nocovid",YF,total,routine,TGO,Togo,2087,0,0,<NA>,<NA>,0.9000000000000000222,both,<NA>
yf-preventive-default_nocovid,"YF:YF,routine,with:default_nocovid",YF,total,routine,TGO,Togo,2088,0,0,<NA>,<NA>,0.9000000000000000222,both,<NA>
yf-preventive-default_nocovid,"YF:YF,routine,with:default_nocovid",YF,total,routine,TGO,Togo,2089,0,0,<NA>,<NA>,0.9000000000000000222,both,<NA>
yf-preventive-default_nocovid,"YF:YF,routine,with:default_nocovid",YF,total,routine,TGO,Togo,2090,0,0,<NA>,<NA>,0.9000000000000000222,both,<NA>
yf-preventive-default_nocovid,"YF:YF,routine,with:default_nocovid",YF,total,routine,TGO,Togo,2091,0,0,<NA>,<NA>,0.9000000000000000222,both,<NA>
yf-preventive-default_nocovid,"YF:YF,routine,with:default_nocovid",YF,total,routine,TGO,Togo,2092,0,0,<NA>,<NA>,0.9000000000000000222,both,<NA>
yf-preventive-default_nocovid,"YF:YF,routine,with:default_nocovid",YF,total,routine,TGO,Togo,2093,0,0,<NA>,<NA>,0.9000000000000000222,both,<NA>
yf-preventive-default_nocovid,"YF:YF,routine,with:default_nocovid",YF,total,routine,TGO,Togo,2094,0,0,<NA>,<NA>,0.9000000000000000222,both,<NA>
yf-preventive-default_nocovid,"YF:YF,routine,with:default_nocovid",YF,total,routine,TGO,Togo,2095,0,0,<NA>,<NA>,0.9000000000000000222,both,<NA>
yf-preventive-default_nocovid,"YF:YF,routine,with:default_nocovid",YF,total,routine,TGO,Togo,2096,0,0,<NA>,<NA>,0.9000000000000000222,both,<NA>
yf-preventive-default_nocovid,"YF:YF,routine,with:default_nocovid",YF,total,routine,TGO,Togo,2097,0,0,<NA>,<NA>,0.9000000000000000222,both,<NA>
yf-preventive-default_nocovid,"YF:YF,routine,with:default_nocovid",YF,total,routine,TGO,Togo,2098,0,0,<NA>,<NA>,0.9000000000000000222,both,<NA>
yf-preventive-default_nocovid,"YF:YF,routine,with:default_nocovid",YF,total,routine,TGO,Togo,2099,0,0,<NA>,<NA>,0.9000000000000000222,both,<NA>
yf-preventive-default_nocovid,"YF:YF,routine,with:default_nocovid",YF,total,routine,TGO,Togo,2100,0,0,<NA>,<NA>,0.9000000000000000222,both,<NA>
yf-preventive-default_nocovid,"YF:YF,routine,with:default_nocovid",YF,total,routine,TZA,"Tanzania, United Republic of",2022,0,0,<NA>,<NA>,0,both,<NA>
yf-preventive-default_nocovid,"YF:YF,routine,with:default_nocovid",YF,total,routine,TZA,"Tanzania, United Republic of",2023,0,0,<NA>,<NA>,0,both,<NA>
yf-preventive-default_nocovid,"YF:YF,routine,with:default_nocovid",YF,total,routine,TZA,"Tanzania, United Republic of",2024,0,0,<NA>,<NA>,0,both,<NA>
yf-preventive-default_nocovid,"YF:YF,routine,with:default_nocovid",YF,total,routine,TZA,"Tanzania, United Republic of",2025,0,0,<NA>,<NA>,0.87751528314141991061,both,<NA>
yf-preventive-default_nocovid,"YF:YF,routine,with:default_nocovid",YF,total,routine,TZA,"Tanzania, United Republic of",2026,0,0,<NA>,<NA>,0.8730464133067609156,both,<NA>
yf-preventive-default_nocovid,"YF:YF,routine,with:default_nocovid",YF,total,routine,TZA,"Tanzania, United Republic of",2027,0,0,<NA>,<NA>,0.86841449621109401136,both,<NA>
yf-preventive-default_nocovid,"YF:YF,routine,with:default_nocovid",YF,total,routine,TZA,"Tanzania, United Republic of",2028,0,0,<NA>,<NA>,0.86361358305521351841,both,<NA>
yf-preventive-default_nocovid,"YF:YF,routine,with:default_nocovid",YF,total,routine,TZA,"Tanzania, United Republic of",2029,0,0,<NA>,<NA>,0.85863750799724924967,both,<NA>
yf-preventive-default_nocovid,"YF:YF,routine,with:default_nocovid",YF,total,routine,TZA,"Tanzania, United Republic of",2030,0,0,<NA>,<NA>,0.85347988023383847267,both,<NA>
yf-preventive-default_nocovid,"YF:YF,routine,with:default_nocovid",YF,total,routine,TZA,"Tanzania, United Republic of",2031,0,0,<NA>,<NA>,0.86347988023383848155,both,<NA>
yf-preventive-default_nocovid,"YF:YF,routine,with:default_nocovid",YF,total,routine,TZA,"Tanzania, United Republic of",2032,0,0,<NA>,<NA>,0.87347988023383849043,both,<NA>
yf-preventive-default_nocovid,"YF:YF,routine,with:default_nocovid",YF,total,routine,TZA,"Tanzania, United Republic of",2033,0,0,<NA>,<NA>,0.88347988023383849931,both,<NA>
yf-preventive-default_nocovid,"YF:YF,routine,with:default_nocovid",YF,total,routine,TZA,"Tanzania, United Republic of",2034,0,0,<NA>,<NA>,0.8934798802338385082,both,<NA>
yf-preventive-default_nocovid,"YF:YF,routine,with:default_nocovid",YF,total,routine,TZA,"Tanzania, United Republic of",2035,0,0,<NA>,<NA>,0.9000000000000000222,both,<NA>
yf-preventive-default_nocovid,"YF:YF,routine,with:default_nocovid",YF,total,routine,TZA,"Tanzania, United Republic of",2036,0,0,<NA>,<NA>,0.9000000000000000222,both,<NA>
yf-preventive-default_nocovid,"YF:YF,routine,with:default_nocovid",YF,total,routine,TZA,"Tanzania, United Republic of",2037,0,0,<NA>,<NA>,0.9000000000000000222,both,<NA>
yf-preventive-default_nocovid,"YF:YF,routine,with:default_nocovid",YF,total,routine,TZA,"Tanzania, United Republic of",2038,0,0,<NA>,<NA>,0.9000000000000000222,both,<NA>
yf-preventive-default_nocovid,"YF:YF,routine,with:default_nocovid",YF,total,routine,TZA,"Tanzania, United Republic of",2039,0,0,<NA>,<NA>,0.9000000000000000222,both,<NA>
yf-preventive-default_nocovid,"YF:YF,routine,with:default_nocovid",YF,total,routine,TZA,"Tanzania, United Republic of",2040,0,0,<NA>,<NA>,0.9000000000000000222,both,<NA>
yf-preventive-default_nocovid,"YF:YF,routine,with:default_nocovid",YF,total,routine,TZA,"Tanzania, United Republic of",2041,0,0,<NA>,<NA>,0.9000000000000000222,both,<NA>
yf-preventive-default_nocovid,"YF:YF,routine,with:default_nocovid",YF,total,routine,TZA,"Tanzania, United Republic of",2042,0,0,<NA>,<NA>,0.9000000000000000222,both,<NA>
yf-preventive-default_nocovid,"YF:YF,routine,with:default_nocovid",YF,total,routine,TZA,"Tanzania, United Republic of",2043,0,0,<NA>,<NA>,0.9000000000000000222,both,<NA>
yf-preventive-default_nocovid,"YF:YF,routine,with:default_nocovid",YF,total,routine,TZA,"Tanzania, United Republic of",2044,0,0,<NA>,<NA>,0.9000000000000000222,both,<NA>
yf-preventive-default_nocovid,"YF:YF,routine,with:default_nocovid",YF,total,routine,TZA,"Tanzania, United Republic of",2045,0,0,<NA>,<NA>,0.9000000000000000222,both,<NA>
yf-preventive-default_nocovid,"YF:YF,routine,with:default_nocovid",YF,total,routine,TZA,"Tanzania, United Republic of",2046,0,0,<NA>,<NA>,0.9000000000000000222,both,<NA>
yf-preventive-default_nocovid,"YF:YF,routine,with:default_nocovid",YF,total,routine,TZA,"Tanzania, United Republic of",2047,0,0,<NA>,<NA>,0.9000000000000000222,both,<NA>
yf-preventive-default_nocovid,"YF:YF,routine,with:default_nocovid",YF,total,routine,TZA,"Tanzania, United Republic of",2048,0,0,<NA>,<NA>,0.9000000000000000222,both,<NA>
yf-preventive-default_nocovid,"YF:YF,routine,with:default_nocovid",YF,total,routine,TZA,"Tanzania, United Republic of",2049,0,0,<NA>,<NA>,0.9000000000000000222,both,<NA>
yf-preventive-default_nocovid,"YF:YF,routine,with:default_nocovid",YF,total,routine,TZA,"Tanzania, United Republic of",2050,0,0,<NA>,<NA>,0.9000000000000000222,both,<NA>
yf-preventive-default_nocovid,"YF:YF,routine,with:default_nocovid",YF,total,routine,TZA,"Tanzania, United Republic of",2051,0,0,<NA>,<NA>,0.9000000000000000222,both,<NA>
yf-preventive-default_nocovid,"YF:YF,routine,with:default_nocovid",YF,total,routine,TZA,"Tanzania, United Republic of",2052,0,0,<NA>,<NA>,0.9000000000000000222,both,<NA>
yf-preventive-default_nocovid,"YF:YF,routine,with:default_nocovid",YF,total,routine,TZA,"Tanzania, United Republic of",2053,0,0,<NA>,<NA>,0.9000000000000000222,both,<NA>
yf-preventive-default_nocovid,"YF:YF,routine,with:default_nocovid",YF,total,routine,TZA,"Tanzania, United Republic of",2054,0,0,<NA>,<NA>,0.9000000000000000222,both,<NA>
yf-preventive-default_nocovid,"YF:YF,routine,with:default_nocovid",YF,total,routine,TZA,"Tanzania, United Republic of",2055,0,0,<NA>,<NA>,0.9000000000000000222,both,<NA>
yf-preventive-default_nocovid,"YF:YF,routine,with:default_nocovid",YF,total,routine,TZA,"Tanzania, United Republic of",2056,0,0,<NA>,<NA>,0.9000000000000000222,both,<NA>
yf-preventive-default_nocovid,"YF:YF,routine,with:default_nocovid",YF,total,routine,TZA,"Tanzania, United Republic of",2057,0,0,<NA>,<NA>,0.9000000000000000222,both,<NA>
yf-preventive-default_nocovid,"YF:YF,routine,with:default_nocovid",YF,total,routine,TZA,"Tanzania, United Republic of",2058,0,0,<NA>,<NA>,0.9000000000000000222,both,<NA>
yf-preventive-default_nocovid,"YF:YF,routine,with:default_nocovid",YF,total,routine,TZA,"Tanzania, United Republic of",2059,0,0,<NA>,<NA>,0.9000000000000000222,both,<NA>
yf-preventive-default_nocovid,"YF:YF,routine,with:default_nocovid",YF,total,routine,TZA,"Tanzania, United Republic of",2060,0,0,<NA>,<NA>,0.9000000000000000222,both,<NA>
yf-preventive-default_nocovid,"YF:YF,routine,with:default_nocovid",YF,total,routine,TZA,"Tanzania, United Republic of",2061,0,0,<NA>,<NA>,0.9000000000000000222,both,<NA>
yf-preventive-default_nocovid,"YF:YF,routine,with:default_nocovid",YF,total,routine,TZA,"Tanzania, United Republic of",2062,0,0,<NA>,<NA>,0.9000000000000000222,both,<NA>
yf-preventive-default_nocovid,"YF:YF,routine,with:default_nocovid",YF,total,routine,TZA,"Tanzania, United Republic of",2063,0,0,<NA>,<NA>,0.9000000000000000222,both,<NA>
yf-preventive-default_nocovid,"YF:YF,routine,with:default_nocovid",YF,total,routine,TZA,"Tanzania, United Republic of",2064,0,0,<NA>,<NA>,0.9000000000000000222,both,<NA>
yf-preventive-default_nocovid,"YF:YF,routine,with:default_nocovid",YF,total,routine,TZA,"Tanzania, United Republic of",2065,0,0,<NA>,<NA>,0.9000000000000000222,both,<NA>
yf-preventive-default_nocovid,"YF:YF,routine,with:default_nocovid",YF,total,routine,TZA,"Tanzania, United Republic of",2066,0,0,<NA>,<NA>,0.9000000000000000222,both,<NA>
yf-preventive-default_nocovid,"YF:YF,routine,with:default_nocovid",YF,total,routine,TZA,"Tanzania, United Republic of",2067,0,0,<NA>,<NA>,0.9000000000000000222,both,<NA>
yf-preventive-default_nocovid,"YF:YF,routine,with:default_nocovid",YF,total,routine,TZA,"Tanzania, United Republic of",2068,0,0,<NA>,<NA>,0.9000000000000000222,both,<NA>
yf-preventive-default_nocovid,"YF:YF,routine,with:default_nocovid",YF,total,routine,TZA,"Tanzania, United Republic of",2069,0,0,<NA>,<NA>,0.9000000000000000222,both,<NA>
yf-preventive-default_nocovid,"YF:YF,routine,with:default_nocovid",YF,total,routine,TZA,"Tanzania, United Republic of",2070,0,0,<NA>,<NA>,0.9000000000000000222,both,<NA>
yf-preventive-default_nocovid,"YF:YF,routine,with:default_nocovid",YF,total,routine,TZA,"Tanzania, United Republic of",2071,0,0,<NA>,<NA>,0.9000000000000000222,both,<NA>
yf-preventive-default_nocovid,"YF:YF,routine,with:default_nocovid",YF,total,routine,TZA,"Tanzania, United Republic of",2072,0,0,<NA>,<NA>,0.9000000000000000222,both,<NA>
yf-preventive-default_nocovid,"YF:YF,routine,with:default_nocovid",YF,total,routine,TZA,"Tanzania, United Republic of",2073,0,0,<NA>,<NA>,0.9000000000000000222,both,<NA>
yf-preventive-default_nocovid,"YF:YF,routine,with:default_nocovid",YF,total,routine,TZA,"Tanzania, United Republic of",2074,0,0,<NA>,<NA>,0.9000000000000000222,both,<NA>
yf-preventive-default_nocovid,"YF:YF,routine,with:default_nocovid",YF,total,routine,TZA,"Tanzania, United Republic of",2075,0,0,<NA>,<NA>,0.9000000000000000222,both,<NA>
yf-preventive-default_nocovid,"YF:YF,routine,with:default_nocovid",YF,total,routine,TZA,"Tanzania, United Republic of",2076,0,0,<NA>,<NA>,0.9000000000000000222,both,<NA>
yf-preventive-default_nocovid,"YF:YF,routine,with:default_nocovid",YF,total,routine,TZA,"Tanzania, United Republic of",2077,0,0,<NA>,<NA>,0.9000000000000000222,both,<NA>
yf-preventive-default_nocovid,"YF:YF,routine,with:default_nocovid",YF,total,routine,TZA,"Tanzania, United Republic of",2078,0,0,<NA>,<NA>,0.9000000000000000222,both,<NA>
yf-preventive-default_nocovid,"YF:YF,routine,with:default_nocovid",YF,total,routine,TZA,"Tanzania, United Republic of",2079,0,0,<NA>,<NA>,0.9000000000000000222,both,<NA>
yf-preventive-default_nocovid,"YF:YF,routine,with:default_nocovid",YF,total,routine,TZA,"Tanzania, United Republic of",2080,0,0,<NA>,<NA>,0.9000000000000000222,both,<NA>
yf-preventive-default_nocovid,"YF:YF,routine,with:default_nocovid",YF,total,routine,TZA,"Tanzania, United Republic of",2081,0,0,<NA>,<NA>,0.9000000000000000222,both,<NA>
yf-preventive-default_nocovid,"YF:YF,routine,with:default_nocovid",YF,total,routine,TZA,"Tanzania, United Republic of",2082,0,0,<NA>,<NA>,0.9000000000000000222,both,<NA>
yf-preventive-default_nocovid,"YF:YF,routine,with:default_nocovid",YF,total,routine,TZA,"Tanzania, United Republic of",2083,0,0,<NA>,<NA>,0.9000000000000000222,both,<NA>
yf-preventive-default_nocovid,"YF:YF,routine,with:default_nocovid",YF,total,routine,TZA,"Tanzania, United Republic of",2084,0,0,<NA>,<NA>,0.9000000000000000222,both,<NA>
yf-preventive-default_nocovid,"YF:YF,routine,with:default_nocovid",YF,total,routine,TZA,"Tanzania, United Republic of",2085,0,0,<NA>,<NA>,0.9000000000000000222,both,<NA>
yf-preventive-default_nocovid,"YF:YF,routine,with:default_nocovid",YF,total,routine,TZA,"Tanzania, United Republic of",2086,0,0,<NA>,<NA>,0.9000000000000000222,both,<NA>
yf-preventive-default_nocovid,"YF:YF,routine,with:default_nocovid",YF,total,routine,TZA,"Tanzania, United Republic of",2087,0,0,<NA>,<NA>,0.9000000000000000222,both,<NA>
yf-preventive-default_nocovid,"YF:YF,routine,with:default_nocovid",YF,total,routine,TZA,"Tanzania, United Republic of",2088,0,0,<NA>,<NA>,0.9000000000000000222,both,<NA>
yf-preventive-default_nocovid,"YF:YF,routine,with:default_nocovid",YF,total,routine,TZA,"Tanzania, United Republic of",2089,0,0,<NA>,<NA>,0.9000000000000000222,both,<NA>
yf-preventive-default_nocovid,"YF:YF,routine,with:default_nocovid",YF,total,routine,TZA,"Tanzania, United Republic of",2090,0,0,<NA>,<NA>,0.9000000000000000222,both,<NA>
yf-preventive-default_nocovid,"YF:YF,routine,with:default_nocovid",YF,total,routine,TZA,"Tanzania, United Republic of",2091,0,0,<NA>,<NA>,0.9000000000000000222,both,<NA>
yf-preventive-default_nocovid,"YF:YF,routine,with:default_nocovid",YF,total,routine,TZA,"Tanzania, United Republic of",2092,0,0,<NA>,<NA>,0.9000000000000000222,both,<NA>
yf-preventive-default_nocovid,"YF:YF,routine,with:default_nocovid",YF,total,routine,TZA,"Tanzania, United Republic of",2093,0,0,<NA>,<NA>,0.9000000000000000222,both,<NA>
yf-preventive-default_nocovid,"YF:YF,routine,with:default_nocovid",YF,total,routine,TZA,"Tanzania, United Republic of",2094,0,0,<NA>,<NA>,0.9000000000000000222,both,<NA>
yf-preventive-default_nocovid,"YF:YF,routine,with:default_nocovid",YF,total,routine,TZA,"Tanzania, United Republic of",2095,0,0,<NA>,<NA>,0.9000000000000000222,both,<NA>
yf-preventive-default_nocovid,"YF:YF,routine,with:default_nocovid",YF,total,routine,TZA,"Tanzania, United Republic of",2096,0,0,<NA>,<NA>,0.9000000000000000222,both,<NA>
yf-preventive-default_nocovid,"YF:YF,routine,with:default_nocovid",YF,total,routine,TZA,"Tanzania, United Republic of",2097,0,0,<NA>,<NA>,0.9000000000000000222,both,<NA>
yf-preventive-default_nocovid,"YF:YF,routine,with:default_nocovid",YF,total,routine,TZA,"Tanzania, United Republic of",2098,0,0,<NA>,<NA>,0.9000000000000000222,both,<NA>
yf-preventive-default_nocovid,"YF:YF,routine,with:default_nocovid",YF,total,routine,TZA,"Tanzania, United Republic of",2099,0,0,<NA>,<NA>,0.9000000000000000222,both,<NA>
yf-preventive-default_nocovid,"YF:YF,routine,with:default_nocovid",YF,total,routine,TZA,"Tanzania, United Republic of",2100,0,0,<NA>,<NA>,0.9000000000000000222,both,<NA>
yf-preventive-default_nocovid,"YF:YF,routine,with:default_nocovid",YF,total,routine,UGA,Uganda,2022,0,0,<NA>,<NA>,0,both,<NA>
yf-preventive-default_nocovid,"YF:YF,routine,with:default_nocovid",YF,total,routine,UGA,Uganda,2023,0,0,<NA>,<NA>,0,both,<NA>
yf-preventive-default_nocovid,"YF:YF,routine,with:default_nocovid",YF,total,routine,UGA,Uganda,2024,0,0,<NA>,<NA>,0,both,<NA>
yf-preventive-default_nocovid,"YF:YF,routine,with:default_nocovid",YF,total,routine,UGA,Uganda,2025,0,0,<NA>,<NA>,0.90710996729823267781,both,<NA>
yf-preventive-default_nocovid,"YF:YF,routine,with:default_nocovid",YF,total,routine,UGA,Uganda,2026,0,0,<NA>,<NA>,0.89792341292132848984,both,<NA>
yf-preventive-default_nocovid,"YF:YF,routine,with:default_nocovid",YF,total,routine,UGA,Uganda,2027,0,0,<NA>,<NA>,0.88782833500465141441,both,<NA>
yf-preventive-default_nocovid,"YF:YF,routine,with:default_nocovid",YF,total,routine,UGA,Uganda,2028,0,0,<NA>,<NA>,0.8767348832094939981,both,<NA>
yf-preventive-default_nocovid,"YF:YF,routine,with:default_nocovid",YF,total,routine,UGA,Uganda,2029,0,0,<NA>,<NA>,0.86454432125967695111,both,<NA>
yf-preventive-default_nocovid,"YF:YF,routine,with:default_nocovid",YF,total,routine,UGA,Uganda,2030,0,0,<NA>,<NA>,0.8511481481481482092,both,<NA>
yf-preventive-default_nocovid,"YF:YF,routine,with:default_nocovid",YF,total,routine,UGA,Uganda,2031,0,0,<NA>,<NA>,0.86114814814814821808,both,<NA>
yf-preventive-default_nocovid,"YF:YF,routine,with:default_nocovid",YF,total,routine,UGA,Uganda,2032,0,0,<NA>,<NA>,0.87114814814814822697,both,<NA>
yf-preventive-default_nocovid,"YF:YF,routine,with:default_nocovid",YF,total,routine,UGA,Uganda,2033,0,0,<NA>,<NA>,0.88114814814814823585,both,<NA>
yf-preventive-default_nocovid,"YF:YF,routine,with:default_nocovid",YF,total,routine,UGA,Uganda,2034,0,0,<NA>,<NA>,0.89114814814814824473,both,<NA>
yf-preventive-default_nocovid,"YF:YF,routine,with:default_nocovid",YF,total,routine,UGA,Uganda,2035,0,0,<NA>,<NA>,0.90114814814814825361,both,<NA>
yf-preventive-default_nocovid,"YF:YF,routine,with:default_nocovid",YF,total,routine,UGA,Uganda,2036,0,0,<NA>,<NA>,0.90710996729823267781,both,<NA>
yf-preventive-default_nocovid,"YF:YF,routine,with:default_nocovid",YF,total,routine,UGA,Uganda,2037,0,0,<NA>,<NA>,0.90710996729823267781,both,<NA>
yf-preventive-default_nocovid,"YF:YF,routine,with:default_nocovid",YF,total,routine,UGA,Uganda,2038,0,0,<NA>,<NA>,0.90710996729823267781,both,<NA>
yf-preventive-default_nocovid,"YF:YF,routine,with:default_nocovid",YF,total,routine,UGA,Uganda,2039,0,0,<NA>,<NA>,0.90710996729823267781,both,<NA>
yf-preventive-default_nocovid,"YF:YF,routine,with:default_nocovid",YF,total,routine,UGA,Uganda,2040,0,0,<NA>,<NA>,0.90710996729823267781,both,<NA>
yf-preventive-default_nocovid,"YF:YF,routine,with:default_nocovid",YF,total,routine,UGA,Uganda,2041,0,0,<NA>,<NA>,0.90710996729823267781,both,<NA>
yf-preventive-default_nocovid,"YF:YF,routine,with:default_nocovid",YF,total,routine,UGA,Uganda,2042,0,0,<NA>,<NA>,0.90710996729823267781,both,<NA>
yf-preventive-default_nocovid,"YF:YF,routine,with:default_nocovid",YF,total,routine,UGA,Uganda,2043,0,0,<NA>,<NA>,0.90710996729823267781,both,<NA>
yf-preventive-default_nocovid,"YF:YF,routine,with:default_nocovid",YF,total,routine,UGA,Uganda,2044,0,0,<NA>,<NA>,0.90710996729823267781,both,<NA>
yf-preventive-default_nocovid,"YF:YF,routine,with:default_nocovid",YF,total,routine,UGA,Uganda,2045,0,0,<NA>,<NA>,0.90710996729823267781,both,<NA>
yf-preventive-default_nocovid,"YF:YF,routine,with:default_nocovid",YF,total,routine,UGA,Uganda,2046,0,0,<NA>,<NA>,0.90710996729823267781,both,<NA>
yf-preventive-default_nocovid,"YF:YF,routine,with:default_nocovid",YF,total,routine,UGA,Uganda,2047,0,0,<NA>,<NA>,0.90710996729823267781,both,<NA>
yf-preventive-default_nocovid,"YF:YF,routine,with:default_nocovid",YF,total,routine,UGA,Uganda,2048,0,0,<NA>,<NA>,0.90710996729823267781,both,<NA>
yf-preventive-default_nocovid,"YF:YF,routine,with:default_nocovid",YF,total,routine,UGA,Uganda,2049,0,0,<NA>,<NA>,0.90710996729823267781,both,<NA>
yf-preventive-default_nocovid,"YF:YF,routine,with:default_nocovid",YF,total,routine,UGA,Uganda,2050,0,0,<NA>,<NA>,0.90710996729823267781,both,<NA>
yf-preventive-default_nocovid,"YF:YF,routine,with:default_nocovid",YF,total,routine,UGA,Uganda,2051,0,0,<NA>,<NA>,0.90710996729823267781,both,<NA>
yf-preventive-default_nocovid,"YF:YF,routine,with:default_nocovid",YF,total,routine,UGA,Uganda,2052,0,0,<NA>,<NA>,0.90710996729823267781,both,<NA>
yf-preventive-default_nocovid,"YF:YF,routine,with:default_nocovid",YF,total,routine,UGA,Uganda,2053,0,0,<NA>,<NA>,0.90710996729823267781,both,<NA>
yf-preventive-default_nocovid,"YF:YF,routine,with:default_nocovid",YF,total,routine,UGA,Uganda,2054,0,0,<NA>,<NA>,0.90710996729823267781,both,<NA>
yf-preventive-default_nocovid,"YF:YF,routine,with:default_nocovid",YF,total,routine,UGA,Uganda,2055,0,0,<NA>,<NA>,0.90710996729823267781,both,<NA>
yf-preventive-default_nocovid,"YF:YF,routine,with:default_nocovid",YF,total,routine,UGA,Uganda,2056,0,0,<NA>,<NA>,0.90710996729823267781,both,<NA>
yf-preventive-default_nocovid,"YF:YF,routine,with:default_nocovid",YF,total,routine,UGA,Uganda,2057,0,0,<NA>,<NA>,0.90710996729823267781,both,<NA>
yf-preventive-default_nocovid,"YF:YF,routine,with:default_nocovid",YF,total,routine,UGA,Uganda,2058,0,0,<NA>,<NA>,0.90710996729823267781,both,<NA>
yf-preventive-default_nocovid,"YF:YF,routine,with:default_nocovid",YF,total,routine,UGA,Uganda,2059,0,0,<NA>,<NA>,0.90710996729823267781,both,<NA>
yf-preventive-default_nocovid,"YF:YF,routine,with:default_nocovid",YF,total,routine,UGA,Uganda,2060,0,0,<NA>,<NA>,0.90710996729823267781,both,<NA>
yf-preventive-default_nocovid,"YF:YF,routine,with:default_nocovid",YF,total,routine,UGA,Uganda,2061,0,0,<NA>,<NA>,0.90710996729823267781,both,<NA>
yf-preventive-default_nocovid,"YF:YF,routine,with:default_nocovid",YF,total,routine,UGA,Uganda,2062,0,0,<NA>,<NA>,0.90710996729823267781,both,<NA>
yf-preventive-default_nocovid,"YF:YF,routine,with:default_nocovid",YF,total,routine,UGA,Uganda,2063,0,0,<NA>,<NA>,0.90710996729823267781,both,<NA>
yf-preventive-default_nocovid,"YF:YF,routine,with:default_nocovid",YF,total,routine,UGA,Uganda,2064,0,0,<NA>,<NA>,0.90710996729823267781,both,<NA>
yf-preventive-default_nocovid,"YF:YF,routine,with:default_nocovid",YF,total,routine,UGA,Uganda,2065,0,0,<NA>,<NA>,0.90710996729823267781,both,<NA>
yf-preventive-default_nocovid,"YF:YF,routine,with:default_nocovid",YF,total,routine,UGA,Uganda,2066,0,0,<NA>,<NA>,0.90710996729823267781,both,<NA>
yf-preventive-default_nocovid,"YF:YF,routine,with:default_nocovid",YF,total,routine,UGA,Uganda,2067,0,0,<NA>,<NA>,0.90710996729823267781,both,<NA>
yf-preventive-default_nocovid,"YF:YF,routine,with:default_nocovid",YF,total,routine,UGA,Uganda,2068,0,0,<NA>,<NA>,0.90710996729823267781,both,<NA>
yf-preventive-default_nocovid,"YF:YF,routine,with:default_nocovid",YF,total,routine,UGA,Uganda,2069,0,0,<NA>,<NA>,0.90710996729823267781,both,<NA>
yf-preventive-default_nocovid,"YF:YF,routine,with:default_nocovid",YF,total,routine,UGA,Uganda,2070,0,0,<NA>,<NA>,0.90710996729823267781,both,<NA>
yf-preventive-default_nocovid,"YF:YF,routine,with:default_nocovid",YF,total,routine,UGA,Uganda,2071,0,0,<NA>,<NA>,0.90710996729823267781,both,<NA>
yf-preventive-default_nocovid,"YF:YF,routine,with:default_nocovid",YF,total,routine,UGA,Uganda,2072,0,0,<NA>,<NA>,0.90710996729823267781,both,<NA>
yf-preventive-default_nocovid,"YF:YF,routine,with:default_nocovid",YF,total,routine,UGA,Uganda,2073,0,0,<NA>,<NA>,0.90710996729823267781,both,<NA>
yf-preventive-default_nocovid,"YF:YF,routine,with:default_nocovid",YF,total,routine,UGA,Uganda,2074,0,0,<NA>,<NA>,0.90710996729823267781,both,<NA>
yf-preventive-default_nocovid,"YF:YF,routine,with:default_nocovid",YF,total,routine,UGA,Uganda,2075,0,0,<NA>,<NA>,0.90710996729823267781,both,<NA>
yf-preventive-default_nocovid,"YF:YF,routine,with:default_nocovid",YF,total,routine,UGA,Uganda,2076,0,0,<NA>,<NA>,0.90710996729823267781,both,<NA>
yf-preventive-default_nocovid,"YF:YF,routine,with:default_nocovid",YF,total,routine,UGA,Uganda,2077,0,0,<NA>,<NA>,0.90710996729823267781,both,<NA>
yf-preventive-default_nocovid,"YF:YF,routine,with:default_nocovid",YF,total,routine,UGA,Uganda,2078,0,0,<NA>,<NA>,0.90710996729823267781,both,<NA>
yf-preventive-default_nocovid,"YF:YF,routine,with:default_nocovid",YF,total,routine,UGA,Uganda,2079,0,0,<NA>,<NA>,0.90710996729823267781,both,<NA>
yf-preventive-default_nocovid,"YF:YF,routine,with:default_nocovid",YF,total,routine,UGA,Uganda,2080,0,0,<NA>,<NA>,0.90710996729823267781,both,<NA>
yf-preventive-default_nocovid,"YF:YF,routine,with:default_nocovid",YF,total,routine,UGA,Uganda,2081,0,0,<NA>,<NA>,0.90710996729823267781,both,<NA>
yf-preventive-default_nocovid,"YF:YF,routine,with:default_nocovid",YF,total,routine,UGA,Uganda,2082,0,0,<NA>,<NA>,0.90710996729823267781,both,<NA>
yf-preventive-default_nocovid,"YF:YF,routine,with:default_nocovid",YF,total,routine,UGA,Uganda,2083,0,0,<NA>,<NA>,0.90710996729823267781,both,<NA>
yf-preventive-default_nocovid,"YF:YF,routine,with:default_nocovid",YF,total,routine,UGA,Uganda,2084,0,0,<NA>,<NA>,0.90710996729823267781,both,<NA>
yf-preventive-default_nocovid,"YF:YF,routine,with:default_nocovid",YF,total,routine,UGA,Uganda,2085,0,0,<NA>,<NA>,0.90710996729823267781,both,<NA>
yf-preventive-default_nocovid,"YF:YF,routine,with:default_nocovid",YF,total,routine,UGA,Uganda,2086,0,0,<NA>,<NA>,0.90710996729823267781,both,<NA>
yf-preventive-default_nocovid,"YF:YF,routine,with:default_nocovid",YF,total,routine,UGA,Uganda,2087,0,0,<NA>,<NA>,0.90710996729823267781,both,<NA>
yf-preventive-default_nocovid,"YF:YF,routine,with:default_nocovid",YF,total,routine,UGA,Uganda,2088,0,0,<NA>,<NA>,0.90710996729823267781,both,<NA>
yf-preventive-default_nocovid,"YF:YF,routine,with:default_nocovid",YF,total,routine,UGA,Uganda,2089,0,0,<NA>,<NA>,0.90710996729823267781,both,<NA>
yf-preventive-default_nocovid,"YF:YF,routine,with:default_nocovid",YF,total,routine,UGA,Uganda,2090,0,0,<NA>,<NA>,0.90710996729823267781,both,<NA>
yf-preventive-default_nocovid,"YF:YF,routine,with:default_nocovid",YF,total,routine,UGA,Uganda,2091,0,0,<NA>,<NA>,0.90710996729823267781,both,<NA>
yf-preventive-default_nocovid,"YF:YF,routine,with:default_nocovid",YF,total,routine,UGA,Uganda,2092,0,0,<NA>,<NA>,0.90710996729823267781,both,<NA>
yf-preventive-default_nocovid,"YF:YF,routine,with:default_nocovid",YF,total,routine,UGA,Uganda,2093,0,0,<NA>,<NA>,0.90710996729823267781,both,<NA>
yf-preventive-default_nocovid,"YF:YF,routine,with:default_nocovid",YF,total,routine,UGA,Uganda,2094,0,0,<NA>,<NA>,0.90710996729823267781,both,<NA>
yf-preventive-default_nocovid,"YF:YF,routine,with:default_nocovid",YF,total,routine,UGA,Uganda,2095,0,0,<NA>,<NA>,0.90710996729823267781,both,<NA>
yf-preventive-default_nocovid,"YF:YF,routine,with:default_nocovid",YF,total,routine,UGA,Uganda,2096,0,0,<NA>,<NA>,0.90710996729823267781,both,<NA>
yf-preventive-default_nocovid,"YF:YF,routine,with:default_nocovid",YF,total,routine,UGA,Uganda,2097,0,0,<NA>,<NA>,0.90710996729823267781,both,<NA>
yf-preventive-default_nocovid,"YF:YF,routine,with:default_nocovid",YF,total,routine,UGA,Uganda,2098,0,0,<NA>,<NA>,0.90710996729823267781,both,<NA>
yf-preventive-default_nocovid,"YF:YF,routine,with:default_nocovid",YF,total,routine,UGA,Uganda,2099,0,0,<NA>,<NA>,0.90710996729823267781,both,<NA>
yf-preventive-default_nocovid,"YF:YF,routine,with:default_nocovid",YF,total,routine,UGA,Uganda,2100,0,0,<NA>,<NA>,0.90710996729823267781,both,<NA>
yf-preventive-default_nocovid,"YF:YF,routine,with:default_nocovid",YF,total,routine,VEN,"Venezuela, Bolivarian Republic of",1980,0,0,use default routine age for this projection,<NA>,0,both,<NA>
yf-preventive-default_nocovid,"YF:YF,routine,with:default_nocovid",YF,total,routine,VEN,"Venezuela, Bolivarian Republic of",1981,0,0,use default routine age for this projection,<NA>,0,both,<NA>
yf-preventive-default_nocovid,"YF:YF,routine,with:default_nocovid",YF,total,routine,VEN,"Venezuela, Bolivarian Republic of",1982,0,0,use default routine age for this projection,<NA>,0,both,<NA>
yf-preventive-default_nocovid,"YF:YF,routine,with:default_nocovid",YF,total,routine,VEN,"Venezuela, Bolivarian Republic of",1983,0,0,use default routine age for this projection,<NA>,0,both,<NA>
yf-preventive-default_nocovid,"YF:YF,routine,with:default_nocovid",YF,total,routine,VEN,"Venezuela, Bolivarian Republic of",1984,0,0,use default routine age for this projection,<NA>,0,both,<NA>
yf-preventive-default_nocovid,"YF:YF,routine,with:default_nocovid",YF,total,routine,VEN,"Venezuela, Bolivarian Republic of",1985,0,0,use default routine age for this projection,<NA>,0,both,<NA>
yf-preventive-default_nocovid,"YF:YF,routine,with:default_nocovid",YF,total,routine,VEN,"Venezuela, Bolivarian Republic of",1986,0,0,use default routine age for this projection,<NA>,0,both,<NA>
yf-preventive-default_nocovid,"YF:YF,routine,with:default_nocovid",YF,total,routine,VEN,"Venezuela, Bolivarian Republic of",1987,0,0,use default routine age for this projection,<NA>,0,both,<NA>
yf-preventive-default_nocovid,"YF:YF,routine,with:default_nocovid",YF,total,routine,VEN,"Venezuela, Bolivarian Republic of",1988,0,0,use default routine age for this projection,<NA>,0,both,<NA>
yf-preventive-default_nocovid,"YF:YF,routine,with:default_nocovid",YF,total,routine,VEN,"Venezuela, Bolivarian Republic of",1989,0,0,use default routine age for this projection,<NA>,0,both,<NA>
yf-preventive-default_nocovid,"YF:YF,routine,with:default_nocovid",YF,total,routine,VEN,"Venezuela, Bolivarian Republic of",1990,0,0,use default routine age for this projection,<NA>,0,both,<NA>
yf-preventive-default_nocovid,"YF:YF,routine,with:default_nocovid",YF,total,routine,VEN,"Venezuela, Bolivarian Republic of",1991,0,0,use default routine age for this projection,<NA>,0,both,<NA>
yf-preventive-default_nocovid,"YF:YF,routine,with:default_nocovid",YF,total,routine,VEN,"Venezuela, Bolivarian Republic of",1992,0,0,use default routine age for this projection,<NA>,0,both,<NA>
yf-preventive-default_nocovid,"YF:YF,routine,with:default_nocovid",YF,total,routine,VEN,"Venezuela, Bolivarian Republic of",1993,0,0,use default routine age for this projection,<NA>,0,both,<NA>
yf-preventive-default_nocovid,"YF:YF,routine,with:default_nocovid",YF,total,routine,VEN,"Venezuela, Bolivarian Republic of",1994,0,0,use default routine age for this projection,<NA>,0,both,<NA>
yf-preventive-default_nocovid,"YF:YF,routine,with:default_nocovid",YF,total,routine,VEN,"Venezuela, Bolivarian Republic of",1995,0,0,use default routine age for this projection,<NA>,0,both,<NA>
yf-preventive-default_nocovid,"YF:YF,routine,with:default_nocovid",YF,total,routine,VEN,"Venezuela, Bolivarian Republic of",1996,0,0,use default routine age for this projection,<NA>,0,both,<NA>
yf-preventive-default_nocovid,"YF:YF,routine,with:default_nocovid",YF,total,routine,VEN,"Venezuela, Bolivarian Republic of",1997,0,0,use default routine age for this projection,<NA>,0,both,<NA>
yf-preventive-default_nocovid,"YF:YF,routine,with:default_nocovid",YF,total,routine,VEN,"Venezuela, Bolivarian Republic of",1998,0,0,use default routine age for this projection,<NA>,0,both,<NA>
yf-preventive-default_nocovid,"YF:YF,routine,with:default_nocovid",YF,total,routine,VEN,"Venezuela, Bolivarian Republic of",1999,0,0,use default routine age for this projection,<NA>,0,both,<NA>
yf-preventive-default_nocovid,"YF:YF,routine,with:default_nocovid",YF,total,routine,VEN,"Venezuela, Bolivarian Republic of",2000,0,0,default routine age,<NA>,0.17000000000000001221,both,<NA>
yf-preventive-default_nocovid,"YF:YF,routine,with:default_nocovid",YF,total,routine,VEN,"Venezuela, Bolivarian Republic of",2001,0,0,default routine age,<NA>,0.28000000000000002665,both,<NA>
yf-preventive-default_nocovid,"YF:YF,routine,with:default_nocovid",YF,total,routine,VEN,"Venezuela, Bolivarian Republic of",2002,0,0,default routine age,<NA>,0.27000000000000001776,both,<NA>
yf-preventive-default_nocovid,"YF:YF,routine,with:default_nocovid",YF,total,routine,VEN,"Venezuela, Bolivarian Republic of",2003,0,0,default routine age,<NA>,0.81999999999999995115,both,<NA>
yf-preventive-default_nocovid,"YF:YF,routine,with:default_nocovid",YF,total,routine,VEN,"Venezuela, Bolivarian Republic of",2004,0,0,default routine age,<NA>,0.93999999999999994671,both,<NA>
yf-preventive-default_nocovid,"YF:YF,routine,with:default_nocovid",YF,total,routine,VEN,"Venezuela, Bolivarian Republic of",2005,0,0,default routine age,<NA>,0.93999999999999994671,both,<NA>
yf-preventive-default_nocovid,"YF:YF,routine,with:default_nocovid",YF,total,routine,VEN,"Venezuela, Bolivarian Republic of",2006,0,0,default routine age,<NA>,0.72999999999999998224,both,<NA>
yf-preventive-default_nocovid,"YF:YF,routine,with:default_nocovid",YF,total,routine,VEN,"Venezuela, Bolivarian Republic of",2007,0,0,default routine age,<NA>,0.6500000000000000222,both,<NA>
yf-preventive-default_nocovid,"YF:YF,routine,with:default_nocovid",YF,total,routine,VEN,"Venezuela, Bolivarian Republic of",2008,0,0,default routine age,<NA>,0.77000000000000001776,both,<NA>
yf-preventive-default_nocovid,"YF:YF,routine,with:default_nocovid",YF,total,routine,VEN,"Venezuela, Bolivarian Republic of",2009,0,0,default routine age,<NA>,0.77000000000000001776,both,<NA>
yf-preventive-default_nocovid,"YF:YF,routine,with:default_nocovid",YF,total,routine,VEN,"Venezuela, Bolivarian Republic of",2010,0,0,default routine age,<NA>,0.47999999999999998224,both,<NA>
yf-preventive-default_nocovid,"YF:YF,routine,with:default_nocovid",YF,total,routine,VEN,"Venezuela, Bolivarian Republic of",2011,0,0,default routine age,<NA>,0.72999999999999998224,both,<NA>
yf-preventive-default_nocovid,"YF:YF,routine,with:default_nocovid",YF,total,routine,VEN,"Venezuela, Bolivarian Republic of",2012,0,0,default routine age,<NA>,0.86999999999999999556,both,<NA>
yf-preventive-default_nocovid,"YF:YF,routine,with:default_nocovid",YF,total,routine,VEN,"Venezuela, Bolivarian Republic of",2013,0,0,default routine age,<NA>,0.8499999999999999778,both,<NA>
yf-preventive-default_nocovid,"YF:YF,routine,with:default_nocovid",YF,total,routine,VEN,"Venezuela, Bolivarian Republic of",2014,0,0,default routine age,<NA>,0.81999999999999995115,both,<NA>
yf-preventive-default_nocovid,"YF:YF,routine,with:default_nocovid",YF,total,routine,VEN,"Venezuela, Bolivarian Republic of",2015,0,0,default routine age,<NA>,0.8499999999999999778,both,<NA>
yf-preventive-default_nocovid,"YF:YF,routine,with:default_nocovid",YF,total,routine,VEN,"Venezuela, Bolivarian Republic of",2016,0,0,default routine age,<NA>,0.83999999999999996891,both,<NA>
yf-preventive-default_nocovid,"YF:YF,routine,with:default_nocovid",YF,total,routine,VEN,"Venezuela, Bolivarian Republic of",2017,0,0,default routine age,<NA>,0.82999999999999996003,both,<NA>
yf-preventive-default_nocovid,"YF:YF,routine,with:default_nocovid",YF,total,routine,VEN,"Venezuela, Bolivarian Republic of",2018,0,0,default routine age,<NA>,0.3499999999999999778,both,<NA>
yf-preventive-default_nocovid,"YF:YF,routine,with:default_nocovid",YF,total,routine,VEN,"Venezuela, Bolivarian Republic of",2019,0,0,default routine age,<NA>,0.80000000000000004441,both,<NA>
yf-preventive-default_nocovid,"YF:YF,routine,with:default_nocovid",YF,total,routine,VEN,"Venezuela, Bolivarian Republic of",2020,0,0,default routine age,<NA>,0.81999999999999995115,both,<NA>
yf-preventive-default_nocovid,"YF:YF,routine,with:default_nocovid",YF,total,routine,VEN,"Venezuela, Bolivarian Republic of",2021,0,0,default routine age,<NA>,0.80855980449515529873,both,<NA>
yf-preventive-default_nocovid,"YF:YF,routine,with:default_nocovid",YF,total,routine,VEN,"Venezuela, Bolivarian Republic of",2022,0,0,<NA>,<NA>,0.79639250858370469466,both,<NA>
yf-preventive-default_nocovid,"YF:YF,routine,with:default_nocovid",YF,total,routine,VEN,"Venezuela, Bolivarian Republic of",2023,0,0,<NA>,<NA>,0.78345190020563015842,both,<NA>
yf-preventive-default_nocovid,"YF:YF,routine,with:default_nocovid",YF,total,routine,VEN,"Venezuela, Bolivarian Republic of",2024,0,0,<NA>,<NA>,0.76968883021757350527,both,<NA>
yf-preventive-default_nocovid,"YF:YF,routine,with:default_nocovid",YF,total,routine,VEN,"Venezuela, Bolivarian Republic of",2025,0,0,<NA>,<NA>,0.75505102572168214525,both,<NA>
yf-preventive-default_nocovid,"YF:YF,routine,with:default_nocovid",YF,total,routine,VEN,"Venezuela, Bolivarian Republic of",2026,0,0,<NA>,<NA>,0.73948289153026480758,both,<NA>
yf-preventive-default_nocovid,"YF:YF,routine,with:default_nocovid",YF,total,routine,VEN,"Venezuela, Bolivarian Republic of",2027,0,0,<NA>,<NA>,0.72292529901220592414,both,<NA>
yf-preventive-default_nocovid,"YF:YF,routine,with:default_nocovid",YF,total,routine,VEN,"Venezuela, Bolivarian Republic of",2028,0,0,<NA>,<NA>,0.70531536151916840449,both,<NA>
yf-preventive-default_nocovid,"YF:YF,routine,with:default_nocovid",YF,total,routine,VEN,"Venezuela, Bolivarian Republic of",2029,0,0,<NA>,<NA>,0.68658619553863964313,both,<NA>
yf-preventive-default_nocovid,"YF:YF,routine,with:default_nocovid",YF,total,routine,VEN,"Venezuela, Bolivarian Republic of",2030,0,0,<NA>,<NA>,0.66666666666666662966,both,<NA>
yf-preventive-default_nocovid,"YF:YF,routine,with:default_nocovid",YF,total,routine,VEN,"Venezuela, Bolivarian Republic of",2031,0,0,<NA>,<NA>,0.67666666666666663854,both,<NA>
yf-preventive-default_nocovid,"YF:YF,routine,with:default_nocovid",YF,total,routine,VEN,"Venezuela, Bolivarian Republic of",2032,0,0,<NA>,<NA>,0.68666666666666664742,both,<NA>
yf-preventive-default_nocovid,"YF:YF,routine,with:default_nocovid",YF,total,routine,VEN,"Venezuela, Bolivarian Republic of",2033,0,0,<NA>,<NA>,0.6966666666666666563,both,<NA>
yf-preventive-default_nocovid,"YF:YF,routine,with:default_nocovid",YF,total,routine,VEN,"Venezuela, Bolivarian Republic of",2034,0,0,<NA>,<NA>,0.70666666666666666519,both,<NA>
yf-preventive-default_nocovid,"YF:YF,routine,with:default_nocovid",YF,total,routine,VEN,"Venezuela, Bolivarian Republic of",2035,0,0,<NA>,<NA>,0.71666666666666667407,both,<NA>
yf-preventive-default_nocovid,"YF:YF,routine,with:default_nocovid",YF,total,routine,VEN,"Venezuela, Bolivarian Republic of",2036,0,0,<NA>,<NA>,0.72666666666666657193,both,<NA>
yf-preventive-default_nocovid,"YF:YF,routine,with:default_nocovid",YF,total,routine,VEN,"Venezuela, Bolivarian Republic of",2037,0,0,<NA>,<NA>,0.73666666666666658081,both,<NA>
yf-preventive-default_nocovid,"YF:YF,routine,with:default_nocovid",YF,total,routine,VEN,"Venezuela, Bolivarian Republic of",2038,0,0,<NA>,<NA>,0.74666666666666658969,both,<NA>
yf-preventive-default_nocovid,"YF:YF,routine,with:default_nocovid",YF,total,routine,VEN,"Venezuela, Bolivarian Republic of",2039,0,0,<NA>,<NA>,0.75666666666666659857,both,<NA>
yf-preventive-default_nocovid,"YF:YF,routine,with:default_nocovid",YF,total,routine,VEN,"Venezuela, Bolivarian Republic of",2040,0,0,<NA>,<NA>,0.76666666666666660745,both,<NA>
yf-preventive-default_nocovid,"YF:YF,routine,with:default_nocovid",YF,total,routine,VEN,"Venezuela, Bolivarian Republic of",2041,0,0,<NA>,<NA>,0.77666666666666661634,both,<NA>
yf-preventive-default_nocovid,"YF:YF,routine,with:default_nocovid",YF,total,routine,VEN,"Venezuela, Bolivarian Republic of",2042,0,0,<NA>,<NA>,0.78666666666666662522,both,<NA>
yf-preventive-default_nocovid,"YF:YF,routine,with:default_nocovid",YF,total,routine,VEN,"Venezuela, Bolivarian Republic of",2043,0,0,<NA>,<NA>,0.7966666666666666341,both,<NA>
yf-preventive-default_nocovid,"YF:YF,routine,with:default_nocovid",YF,total,routine,VEN,"Venezuela, Bolivarian Republic of",2044,0,0,<NA>,<NA>,0.80666666666666664298,both,<NA>
yf-preventive-default_nocovid,"YF:YF,routine,with:default_nocovid",YF,total,routine,VEN,"Venezuela, Bolivarian Republic of",2045,0,0,<NA>,<NA>,0.81666666666666665186,both,<NA>
yf-preventive-default_nocovid,"YF:YF,routine,with:default_nocovid",YF,total,routine,VEN,"Venezuela, Bolivarian Republic of",2046,0,0,<NA>,<NA>,0.82666666666666666075,both,<NA>
yf-preventive-default_nocovid,"YF:YF,routine,with:default_nocovid",YF,total,routine,VEN,"Venezuela, Bolivarian Republic of",2047,0,0,<NA>,<NA>,0.83666666666666666963,both,<NA>
yf-preventive-default_nocovid,"YF:YF,routine,with:default_nocovid",YF,total,routine,VEN,"Venezuela, Bolivarian Republic of",2048,0,0,<NA>,<NA>,0.84666666666666667851,both,<NA>
yf-preventive-default_nocovid,"YF:YF,routine,with:default_nocovid",YF,total,routine,VEN,"Venezuela, Bolivarian Republic of",2049,0,0,<NA>,<NA>,0.85666666666666668739,both,<NA>
yf-preventive-default_nocovid,"YF:YF,routine,with:default_nocovid",YF,total,routine,VEN,"Venezuela, Bolivarian Republic of",2050,0,0,<NA>,<NA>,0.86666666666666669627,both,<NA>
yf-preventive-default_nocovid,"YF:YF,routine,with:default_nocovid",YF,total,routine,VEN,"Venezuela, Bolivarian Republic of",2051,0,0,<NA>,<NA>,0.87666666666666659413,both,<NA>
yf-preventive-default_nocovid,"YF:YF,routine,with:default_nocovid",YF,total,routine,VEN,"Venezuela, Bolivarian Republic of",2052,0,0,<NA>,<NA>,0.88666666666666660301,both,<NA>
yf-preventive-default_nocovid,"YF:YF,routine,with:default_nocovid",YF,total,routine,VEN,"Venezuela, Bolivarian Republic of",2053,0,0,<NA>,<NA>,0.8966666666666666119,both,<NA>
yf-preventive-default_nocovid,"YF:YF,routine,with:default_nocovid",YF,total,routine,VEN,"Venezuela, Bolivarian Republic of",2054,0,0,<NA>,<NA>,0.90666666666666662078,both,<NA>
yf-preventive-default_nocovid,"YF:YF,routine,with:default_nocovid",YF,total,routine,VEN,"Venezuela, Bolivarian Republic of",2055,0,0,<NA>,<NA>,0.91666666666666662966,both,<NA>
yf-preventive-default_nocovid,"YF:YF,routine,with:default_nocovid",YF,total,routine,VEN,"Venezuela, Bolivarian Republic of",2056,0,0,<NA>,<NA>,0.92666666666666663854,both,<NA>
yf-preventive-default_nocovid,"YF:YF,routine,with:default_nocovid",YF,total,routine,VEN,"Venezuela, Bolivarian Republic of",2057,0,0,<NA>,<NA>,0.93666666666666664742,both,<NA>
yf-preventive-default_nocovid,"YF:YF,routine,with:default_nocovid",YF,total,routine,VEN,"Venezuela, Bolivarian Republic of",2058,0,0,<NA>,<NA>,0.93999999999999994671,both,<NA>
yf-preventive-default_nocovid,"YF:YF,routine,with:default_nocovid",YF,total,routine,VEN,"Venezuela, Bolivarian Republic of",2059,0,0,<NA>,<NA>,0.93999999999999994671,both,<NA>
yf-preventive-default_nocovid,"YF:YF,routine,with:default_nocovid",YF,total,routine,VEN,"Venezuela, Bolivarian Republic of",2060,0,0,<NA>,<NA>,0.93999999999999994671,both,<NA>
yf-preventive-default_nocovid,"YF:YF,routine,with:default_nocovid",YF,total,routine,VEN,"Venezuela, Bolivarian Republic of",2061,0,0,<NA>,<NA>,0.93999999999999994671,both,<NA>
yf-preventive-default_nocovid,"YF:YF,routine,with:default_nocovid",YF,total,routine,VEN,"Venezuela, Bolivarian Republic of",2062,0,0,<NA>,<NA>,0.93999999999999994671,both,<NA>
yf-preventive-default_nocovid,"YF:YF,routine,with:default_nocovid",YF,total,routine,VEN,"Venezuela, Bolivarian Republic of",2063,0,0,<NA>,<NA>,0.93999999999999994671,both,<NA>
yf-preventive-default_nocovid,"YF:YF,routine,with:default_nocovid",YF,total,routine,VEN,"Venezuela, Bolivarian Republic of",2064,0,0,<NA>,<NA>,0.93999999999999994671,both,<NA>
yf-preventive-default_nocovid,"YF:YF,routine,with:default_nocovid",YF,total,routine,VEN,"Venezuela, Bolivarian Republic of",2065,0,0,<NA>,<NA>,0.93999999999999994671,both,<NA>
yf-preventive-default_nocovid,"YF:YF,routine,with:default_nocovid",YF,total,routine,VEN,"Venezuela, Bolivarian Republic of",2066,0,0,<NA>,<NA>,0.93999999999999994671,both,<NA>
yf-preventive-default_nocovid,"YF:YF,routine,with:default_nocovid",YF,total,routine,VEN,"Venezuela, Bolivarian Republic of",2067,0,0,<NA>,<NA>,0.93999999999999994671,both,<NA>
yf-preventive-default_nocovid,"YF:YF,routine,with:default_nocovid",YF,total,routine,VEN,"Venezuela, Bolivarian Republic of",2068,0,0,<NA>,<NA>,0.93999999999999994671,both,<NA>
yf-preventive-default_nocovid,"YF:YF,routine,with:default_nocovid",YF,total,routine,VEN,"Venezuela, Bolivarian Republic of",2069,0,0,<NA>,<NA>,0.93999999999999994671,both,<NA>
yf-preventive-default_nocovid,"YF:YF,routine,with:default_nocovid",YF,total,routine,VEN,"Venezuela, Bolivarian Republic of",2070,0,0,<NA>,<NA>,0.93999999999999994671,both,<NA>
yf-preventive-default_nocovid,"YF:YF,routine,with:default_nocovid",YF,total,routine,VEN,"Venezuela, Bolivarian Republic of",2071,0,0,<NA>,<NA>,0.93999999999999994671,both,<NA>
yf-preventive-default_nocovid,"YF:YF,routine,with:default_nocovid",YF,total,routine,VEN,"Venezuela, Bolivarian Republic of",2072,0,0,<NA>,<NA>,0.93999999999999994671,both,<NA>
yf-preventive-default_nocovid,"YF:YF,routine,with:default_nocovid",YF,total,routine,VEN,"Venezuela, Bolivarian Republic of",2073,0,0,<NA>,<NA>,0.93999999999999994671,both,<NA>
yf-preventive-default_nocovid,"YF:YF,routine,with:default_nocovid",YF,total,routine,VEN,"Venezuela, Bolivarian Republic of",2074,0,0,<NA>,<NA>,0.93999999999999994671,both,<NA>
yf-preventive-default_nocovid,"YF:YF,routine,with:default_nocovid",YF,total,routine,VEN,"Venezuela, Bolivarian Republic of",2075,0,0,<NA>,<NA>,0.93999999999999994671,both,<NA>
yf-preventive-default_nocovid,"YF:YF,routine,with:default_nocovid",YF,total,routine,VEN,"Venezuela, Bolivarian Republic of",2076,0,0,<NA>,<NA>,0.93999999999999994671,both,<NA>
yf-preventive-default_nocovid,"YF:YF,routine,with:default_nocovid",YF,total,routine,VEN,"Venezuela, Bolivarian Republic of",2077,0,0,<NA>,<NA>,0.93999999999999994671,both,<NA>
yf-preventive-default_nocovid,"YF:YF,routine,with:default_nocovid",YF,total,routine,VEN,"Venezuela, Bolivarian Republic of",2078,0,0,<NA>,<NA>,0.93999999999999994671,both,<NA>
yf-preventive-default_nocovid,"YF:YF,routine,with:default_nocovid",YF,total,routine,VEN,"Venezuela, Bolivarian Republic of",2079,0,0,<NA>,<NA>,0.93999999999999994671,both,<NA>
yf-preventive-default_nocovid,"YF:YF,routine,with:default_nocovid",YF,total,routine,VEN,"Venezuela, Bolivarian Republic of",2080,0,0,<NA>,<NA>,0.93999999999999994671,both,<NA>
yf-preventive-default_nocovid,"YF:YF,routine,with:default_nocovid",YF,total,routine,VEN,"Venezuela, Bolivarian Republic of",2081,0,0,<NA>,<NA>,0.93999999999999994671,both,<NA>
yf-preventive-default_nocovid,"YF:YF,routine,with:default_nocovid",YF,total,routine,VEN,"Venezuela, Bolivarian Republic of",2082,0,0,<NA>,<NA>,0.93999999999999994671,both,<NA>
yf-preventive-default_nocovid,"YF:YF,routine,with:default_nocovid",YF,total,routine,VEN,"Venezuela, Bolivarian Republic of",2083,0,0,<NA>,<NA>,0.93999999999999994671,both,<NA>
yf-preventive-default_nocovid,"YF:YF,routine,with:default_nocovid",YF,total,routine,VEN,"Venezuela, Bolivarian Republic of",2084,0,0,<NA>,<NA>,0.93999999999999994671,both,<NA>
yf-preventive-default_nocovid,"YF:YF,routine,with:default_nocovid",YF,total,routine,VEN,"Venezuela, Bolivarian Republic of",2085,0,0,<NA>,<NA>,0.93999999999999994671,both,<NA>
yf-preventive-default_nocovid,"YF:YF,routine,with:default_nocovid",YF,total,routine,VEN,"Venezuela, Bolivarian Republic of",2086,0,0,<NA>,<NA>,0.93999999999999994671,both,<NA>
yf-preventive-default_nocovid,"YF:YF,routine,with:default_nocovid",YF,total,routine,VEN,"Venezuela, Bolivarian Republic of",2087,0,0,<NA>,<NA>,0.93999999999999994671,both,<NA>
yf-preventive-default_nocovid,"YF:YF,routine,with:default_nocovid",YF,total,routine,VEN,"Venezuela, Bolivarian Republic of",2088,0,0,<NA>,<NA>,0.93999999999999994671,both,<NA>
yf-preventive-default_nocovid,"YF:YF,routine,with:default_nocovid",YF,total,routine,VEN,"Venezuela, Bolivarian Republic of",2089,0,0,<NA>,<NA>,0.93999999999999994671,both,<NA>
yf-preventive-default_nocovid,"YF:YF,routine,with:default_nocovid",YF,total,routine,VEN,"Venezuela, Bolivarian Republic of",2090,0,0,<NA>,<NA>,0.93999999999999994671,both,<NA>
yf-preventive-default_nocovid,"YF:YF,routine,with:default_nocovid",YF,total,routine,VEN,"Venezuela, Bolivarian Republic of",2091,0,0,<NA>,<NA>,0.93999999999999994671,both,<NA>
yf-preventive-default_nocovid,"YF:YF,routine,with:default_nocovid",YF,total,routine,VEN,"Venezuela, Bolivarian Republic of",2092,0,0,<NA>,<NA>,0.93999999999999994671,both,<NA>
yf-preventive-default_nocovid,"YF:YF,routine,with:default_nocovid",YF,total,routine,VEN,"Venezuela, Bolivarian Republic of",2093,0,0,<NA>,<NA>,0.93999999999999994671,both,<NA>
yf-preventive-default_nocovid,"YF:YF,routine,with:default_nocovid",YF,total,routine,VEN,"Venezuela, Bolivarian Republic of",2094,0,0,<NA>,<NA>,0.93999999999999994671,both,<NA>
yf-preventive-default_nocovid,"YF:YF,routine,with:default_nocovid",YF,total,routine,VEN,"Venezuela, Bolivarian Republic of",2095,0,0,<NA>,<NA>,0.93999999999999994671,both,<NA>
yf-preventive-default_nocovid,"YF:YF,routine,with:default_nocovid",YF,total,routine,VEN,"Venezuela, Bolivarian Republic of",2096,0,0,<NA>,<NA>,0.93999999999999994671,both,<NA>
yf-preventive-default_nocovid,"YF:YF,routine,with:default_nocovid",YF,total,routine,VEN,"Venezuela, Bolivarian Republic of",2097,0,0,<NA>,<NA>,0.93999999999999994671,both,<NA>
yf-preventive-default_nocovid,"YF:YF,routine,with:default_nocovid",YF,total,routine,VEN,"Venezuela, Bolivarian Republic of",2098,0,0,<NA>,<NA>,0.93999999999999994671,both,<NA>
yf-preventive-default_nocovid,"YF:YF,routine,with:default_nocovid",YF,total,routine,VEN,"Venezuela, Bolivarian Republic of",2099,0,0,<NA>,<NA>,0.93999999999999994671,both,<NA>
yf-preventive-default_nocovid,"YF:YF,routine,with:default_nocovid",YF,total,routine,VEN,"Venezuela, Bolivarian Republic of",2100,0,0,<NA>,<NA>,0.93999999999999994671,both,<NA>
yf-preventive-default_nocovid,"YF:YF,routine,with:default_nocovid",YF,total,routine,ZMB,Zambia,2022,0,0,<NA>,<NA>,0,both,<NA>
yf-preventive-default_nocovid,"YF:YF,routine,with:default_nocovid",YF,total,routine,ZMB,Zambia,2023,0,0,<NA>,<NA>,0,both,<NA>
yf-preventive-default_nocovid,"YF:YF,routine,with:default_nocovid",YF,total,routine,ZMB,Zambia,2024,0,0,<NA>,<NA>,0,both,<NA>
yf-preventive-default_nocovid,"YF:YF,routine,with:default_nocovid",YF,total,routine,ZMB,Zambia,2025,0,0,<NA>,<NA>,0.87496432781301303194,both,<NA>
yf-preventive-default_nocovid,"YF:YF,routine,with:default_nocovid",YF,total,routine,ZMB,Zambia,2026,0,0,<NA>,<NA>,0.87323924158872445744,both,<NA>
yf-preventive-default_nocovid,"YF:YF,routine,with:default_nocovid",YF,total,routine,ZMB,Zambia,2027,0,0,<NA>,<NA>,0.87149035477673819639,both,<NA>
yf-preventive-default_nocovid,"YF:YF,routine,with:default_nocovid",YF,total,routine,ZMB,Zambia,2028,0,0,<NA>,<NA>,0.86971733900623604541,both,<NA>
yf-preventive-default_nocovid,"YF:YF,routine,with:default_nocovid",YF,total,routine,ZMB,Zambia,2029,0,0,<NA>,<NA>,0.86791986137594911987,both,<NA>
yf-preventive-default_nocovid,"YF:YF,routine,with:default_nocovid",YF,total,routine,ZMB,Zambia,2030,0,0,<NA>,<NA>,0.86609758439165196453,both,<NA>
yf-preventive-default_nocovid,"YF:YF,routine,with:default_nocovid",YF,total,routine,ZMB,Zambia,2031,0,0,<NA>,<NA>,0.87609758439165197341,both,<NA>
yf-preventive-default_nocovid,"YF:YF,routine,with:default_nocovid",YF,total,routine,ZMB,Zambia,2032,0,0,<NA>,<NA>,0.88609758439165198229,both,<NA>
yf-preventive-default_nocovid,"YF:YF,routine,with:default_nocovid",YF,total,routine,ZMB,Zambia,2033,0,0,<NA>,<NA>,0.89609758439165199118,both,<NA>
yf-preventive-default_nocovid,"YF:YF,routine,with:default_nocovid",YF,total,routine,ZMB,Zambia,2034,0,0,<NA>,<NA>,0.9000000000000000222,both,<NA>
yf-preventive-default_nocovid,"YF:YF,routine,with:default_nocovid",YF,total,routine,ZMB,Zambia,2035,0,0,<NA>,<NA>,0.9000000000000000222,both,<NA>
yf-preventive-default_nocovid,"YF:YF,routine,with:default_nocovid",YF,total,routine,ZMB,Zambia,2036,0,0,<NA>,<NA>,0.9000000000000000222,both,<NA>
yf-preventive-default_nocovid,"YF:YF,routine,with:default_nocovid",YF,total,routine,ZMB,Zambia,2037,0,0,<NA>,<NA>,0.9000000000000000222,both,<NA>
yf-preventive-default_nocovid,"YF:YF,routine,with:default_nocovid",YF,total,routine,ZMB,Zambia,2038,0,0,<NA>,<NA>,0.9000000000000000222,both,<NA>
yf-preventive-default_nocovid,"YF:YF,routine,with:default_nocovid",YF,total,routine,ZMB,Zambia,2039,0,0,<NA>,<NA>,0.9000000000000000222,both,<NA>
yf-preventive-default_nocovid,"YF:YF,routine,with:default_nocovid",YF,total,routine,ZMB,Zambia,2040,0,0,<NA>,<NA>,0.9000000000000000222,both,<NA>
yf-preventive-default_nocovid,"YF:YF,routine,with:default_nocovid",YF,total,routine,ZMB,Zambia,2041,0,0,<NA>,<NA>,0.9000000000000000222,both,<NA>
yf-preventive-default_nocovid,"YF:YF,routine,with:default_nocovid",YF,total,routine,ZMB,Zambia,2042,0,0,<NA>,<NA>,0.9000000000000000222,both,<NA>
yf-preventive-default_nocovid,"YF:YF,routine,with:default_nocovid",YF,total,routine,ZMB,Zambia,2043,0,0,<NA>,<NA>,0.9000000000000000222,both,<NA>
yf-preventive-default_nocovid,"YF:YF,routine,with:default_nocovid",YF,total,routine,ZMB,Zambia,2044,0,0,<NA>,<NA>,0.9000000000000000222,both,<NA>
yf-preventive-default_nocovid,"YF:YF,routine,with:default_nocovid",YF,total,routine,ZMB,Zambia,2045,0,0,<NA>,<NA>,0.9000000000000000222,both,<NA>
yf-preventive-default_nocovid,"YF:YF,routine,with:default_nocovid",YF,total,routine,ZMB,Zambia,2046,0,0,<NA>,<NA>,0.9000000000000000222,both,<NA>
yf-preventive-default_nocovid,"YF:YF,routine,with:default_nocovid",YF,total,routine,ZMB,Zambia,2047,0,0,<NA>,<NA>,0.9000000000000000222,both,<NA>
yf-preventive-default_nocovid,"YF:YF,routine,with:default_nocovid",YF,total,routine,ZMB,Zambia,2048,0,0,<NA>,<NA>,0.9000000000000000222,both,<NA>
yf-preventive-default_nocovid,"YF:YF,routine,with:default_nocovid",YF,total,routine,ZMB,Zambia,2049,0,0,<NA>,<NA>,0.9000000000000000222,both,<NA>
yf-preventive-default_nocovid,"YF:YF,routine,with:default_nocovid",YF,total,routine,ZMB,Zambia,2050,0,0,<NA>,<NA>,0.9000000000000000222,both,<NA>
yf-preventive-default_nocovid,"YF:YF,routine,with:default_nocovid",YF,total,routine,ZMB,Zambia,2051,0,0,<NA>,<NA>,0.9000000000000000222,both,<NA>
yf-preventive-default_nocovid,"YF:YF,routine,with:default_nocovid",YF,total,routine,ZMB,Zambia,2052,0,0,<NA>,<NA>,0.9000000000000000222,both,<NA>
yf-preventive-default_nocovid,"YF:YF,routine,with:default_nocovid",YF,total,routine,ZMB,Zambia,2053,0,0,<NA>,<NA>,0.9000000000000000222,both,<NA>
yf-preventive-default_nocovid,"YF:YF,routine,with:default_nocovid",YF,total,routine,ZMB,Zambia,2054,0,0,<NA>,<NA>,0.9000000000000000222,both,<NA>
yf-preventive-default_nocovid,"YF:YF,routine,with:default_nocovid",YF,total,routine,ZMB,Zambia,2055,0,0,<NA>,<NA>,0.9000000000000000222,both,<NA>
yf-preventive-default_nocovid,"YF:YF,routine,with:default_nocovid",YF,total,routine,ZMB,Zambia,2056,0,0,<NA>,<NA>,0.9000000000000000222,both,<NA>
yf-preventive-default_nocovid,"YF:YF,routine,with:default_nocovid",YF,total,routine,ZMB,Zambia,2057,0,0,<NA>,<NA>,0.9000000000000000222,both,<NA>
yf-preventive-default_nocovid,"YF:YF,routine,with:default_nocovid",YF,total,routine,ZMB,Zambia,2058,0,0,<NA>,<NA>,0.9000000000000000222,both,<NA>
yf-preventive-default_nocovid,"YF:YF,routine,with:default_nocovid",YF,total,routine,ZMB,Zambia,2059,0,0,<NA>,<NA>,0.9000000000000000222,both,<NA>
yf-preventive-default_nocovid,"YF:YF,routine,with:default_nocovid",YF,total,routine,ZMB,Zambia,2060,0,0,<NA>,<NA>,0.9000000000000000222,both,<NA>
yf-preventive-default_nocovid,"YF:YF,routine,with:default_nocovid",YF,total,routine,ZMB,Zambia,2061,0,0,<NA>,<NA>,0.9000000000000000222,both,<NA>
yf-preventive-default_nocovid,"YF:YF,routine,with:default_nocovid",YF,total,routine,ZMB,Zambia,2062,0,0,<NA>,<NA>,0.9000000000000000222,both,<NA>
yf-preventive-default_nocovid,"YF:YF,routine,with:default_nocovid",YF,total,routine,ZMB,Zambia,2063,0,0,<NA>,<NA>,0.9000000000000000222,both,<NA>
yf-preventive-default_nocovid,"YF:YF,routine,with:default_nocovid",YF,total,routine,ZMB,Zambia,2064,0,0,<NA>,<NA>,0.9000000000000000222,both,<NA>
yf-preventive-default_nocovid,"YF:YF,routine,with:default_nocovid",YF,total,routine,ZMB,Zambia,2065,0,0,<NA>,<NA>,0.9000000000000000222,both,<NA>
yf-preventive-default_nocovid,"YF:YF,routine,with:default_nocovid",YF,total,routine,ZMB,Zambia,2066,0,0,<NA>,<NA>,0.9000000000000000222,both,<NA>
yf-preventive-default_nocovid,"YF:YF,routine,with:default_nocovid",YF,total,routine,ZMB,Zambia,2067,0,0,<NA>,<NA>,0.9000000000000000222,both,<NA>
yf-preventive-default_nocovid,"YF:YF,routine,with:default_nocovid",YF,total,routine,ZMB,Zambia,2068,0,0,<NA>,<NA>,0.9000000000000000222,both,<NA>
yf-preventive-default_nocovid,"YF:YF,routine,with:default_nocovid",YF,total,routine,ZMB,Zambia,2069,0,0,<NA>,<NA>,0.9000000000000000222,both,<NA>
yf-preventive-default_nocovid,"YF:YF,routine,with:default_nocovid",YF,total,routine,ZMB,Zambia,2070,0,0,<NA>,<NA>,0.9000000000000000222,both,<NA>
yf-preventive-default_nocovid,"YF:YF,routine,with:default_nocovid",YF,total,routine,ZMB,Zambia,2071,0,0,<NA>,<NA>,0.9000000000000000222,both,<NA>
yf-preventive-default_nocovid,"YF:YF,routine,with:default_nocovid",YF,total,routine,ZMB,Zambia,2072,0,0,<NA>,<NA>,0.9000000000000000222,both,<NA>
yf-preventive-default_nocovid,"YF:YF,routine,with:default_nocovid",YF,total,routine,ZMB,Zambia,2073,0,0,<NA>,<NA>,0.9000000000000000222,both,<NA>
yf-preventive-default_nocovid,"YF:YF,routine,with:default_nocovid",YF,total,routine,ZMB,Zambia,2074,0,0,<NA>,<NA>,0.9000000000000000222,both,<NA>
yf-preventive-default_nocovid,"YF:YF,routine,with:default_nocovid",YF,total,routine,ZMB,Zambia,2075,0,0,<NA>,<NA>,0.9000000000000000222,both,<NA>
yf-preventive-default_nocovid,"YF:YF,routine,with:default_nocovid",YF,total,routine,ZMB,Zambia,2076,0,0,<NA>,<NA>,0.9000000000000000222,both,<NA>
yf-preventive-default_nocovid,"YF:YF,routine,with:default_nocovid",YF,total,routine,ZMB,Zambia,2077,0,0,<NA>,<NA>,0.9000000000000000222,both,<NA>
yf-preventive-default_nocovid,"YF:YF,routine,with:default_nocovid",YF,total,routine,ZMB,Zambia,2078,0,0,<NA>,<NA>,0.9000000000000000222,both,<NA>
yf-preventive-default_nocovid,"YF:YF,routine,with:default_nocovid",YF,total,routine,ZMB,Zambia,2079,0,0,<NA>,<NA>,0.9000000000000000222,both,<NA>
yf-preventive-default_nocovid,"YF:YF,routine,with:default_nocovid",YF,total,routine,ZMB,Zambia,2080,0,0,<NA>,<NA>,0.9000000000000000222,both,<NA>
yf-preventive-default_nocovid,"YF:YF,routine,with:default_nocovid",YF,total,routine,ZMB,Zambia,2081,0,0,<NA>,<NA>,0.9000000000000000222,both,<NA>
yf-preventive-default_nocovid,"YF:YF,routine,with:default_nocovid",YF,total,routine,ZMB,Zambia,2082,0,0,<NA>,<NA>,0.9000000000000000222,both,<NA>
yf-preventive-default_nocovid,"YF:YF,routine,with:default_nocovid",YF,total,routine,ZMB,Zambia,2083,0,0,<NA>,<NA>,0.9000000000000000222,both,<NA>
yf-preventive-default_nocovid,"YF:YF,routine,with:default_nocovid",YF,total,routine,ZMB,Zambia,2084,0,0,<NA>,<NA>,0.9000000000000000222,both,<NA>
yf-preventive-default_nocovid,"YF:YF,routine,with:default_nocovid",YF,total,routine,ZMB,Zambia,2085,0,0,<NA>,<NA>,0.9000000000000000222,both,<NA>
yf-preventive-default_nocovid,"YF:YF,routine,with:default_nocovid",YF,total,routine,ZMB,Zambia,2086,0,0,<NA>,<NA>,0.9000000000000000222,both,<NA>
yf-preventive-default_nocovid,"YF:YF,routine,with:default_nocovid",YF,total,routine,ZMB,Zambia,2087,0,0,<NA>,<NA>,0.9000000000000000222,both,<NA>
yf-preventive-default_nocovid,"YF:YF,routine,with:default_nocovid",YF,total,routine,ZMB,Zambia,2088,0,0,<NA>,<NA>,0.9000000000000000222,both,<NA>
yf-preventive-default_nocovid,"YF:YF,routine,with:default_nocovid",YF,total,routine,ZMB,Zambia,2089,0,0,<NA>,<NA>,0.9000000000000000222,both,<NA>
yf-preventive-default_nocovid,"YF:YF,routine,with:default_nocovid",YF,total,routine,ZMB,Zambia,2090,0,0,<NA>,<NA>,0.9000000000000000222,both,<NA>
yf-preventive-default_nocovid,"YF:YF,routine,with:default_nocovid",YF,total,routine,ZMB,Zambia,2091,0,0,<NA>,<NA>,0.9000000000000000222,both,<NA>
yf-preventive-default_nocovid,"YF:YF,routine,with:default_nocovid",YF,total,routine,ZMB,Zambia,2092,0,0,<NA>,<NA>,0.9000000000000000222,both,<NA>
yf-preventive-default_nocovid,"YF:YF,routine,with:default_nocovid",YF,total,routine,ZMB,Zambia,2093,0,0,<NA>,<NA>,0.9000000000000000222,both,<NA>
yf-preventive-default_nocovid,"YF:YF,routine,with:default_nocovid",YF,total,routine,ZMB,Zambia,2094,0,0,<NA>,<NA>,0.9000000000000000222,both,<NA>
yf-preventive-default_nocovid,"YF:YF,routine,with:default_nocovid",YF,total,routine,ZMB,Zambia,2095,0,0,<NA>,<NA>,0.9000000000000000222,both,<NA>
yf-preventive-default_nocovid,"YF:YF,routine,with:default_nocovid",YF,total,routine,ZMB,Zambia,2096,0,0,<NA>,<NA>,0.9000000000000000222,both,<NA>
yf-preventive-default_nocovid,"YF:YF,routine,with:default_nocovid",YF,total,routine,ZMB,Zambia,2097,0,0,<NA>,<NA>,0.9000000000000000222,both,<NA>
yf-preventive-default_nocovid,"YF:YF,routine,with:default_nocovid",YF,total,routine,ZMB,Zambia,2098,0,0,<NA>,<NA>,0.9000000000000000222,both,<NA>
yf-preventive-default_nocovid,"YF:YF,routine,with:default_nocovid",YF,total,routine,ZMB,Zambia,2099,0,0,<NA>,<NA>,0.9000000000000000222,both,<NA>
yf-preventive-default_nocovid,"YF:YF,routine,with:default_nocovid",YF,total,routine,ZMB,Zambia,2100,0,0,<NA>,<NA>,0.9000000000000000222,both,<NA>
